COMID,GNIS_NAME,REACHCODE,TotDASqKm,SLOPE,ppt_ws_mm,tmean_ws_c,D50_pred,D84_pred,STHD_S1_00_18,CHNK_S1_00_18,STHD_sum_juv_per_m,STHD_win_juv_per_m,STHD_redd_per_m,CHNK_sum_juv_per_m,CHNK_win_juv_per_m,CHNK_redd_per_m,STHD_spp_use,STHD_spp_domain,CHNK_spp_use,CHNK_spp_domain,DA_sqmi,ppt_ws_in,tmean_ws_f,regression_region,wetted_width_season,bf_width_pred_m,bf_width_pred_ft,bf_width_model,bf_width_extrap,bf_depth_pred_m,bf_depth_pred_ft,bf_depth_model,bf_depth_extrap,bf_depth_max_pred_m,bf_depth_max_pred_ft,bf_depth_max_model,bf_depth_max_extrap,late_summer_wetted_width_pred_m,late_summer_wetted_width_pred_ft,late_summer_wetted_width_model,late_summer_wetted_width_extrap,wetted_width_gt_bankfull,bf_depth_max_lt_avg,bankfull_depth_max_pred_m,bankfull_depth_max_pred_ft,GIFT_shape_factor_raw,GIFT_shape_factor_used,WUA_mean,WUA_max,HSI_mean,HSI_max,HSI_cubic_root_mean,HSI_cubic_root_max,HSI_depth_contribution_mean,HSI_velocity_contribution_mean,HSI_substrate_contribution_mean,WUA_Q_min_m3s,WUA_Q_max_m3s,WUA_Q_at_max_m3s,WUA_Q_count,GIFT_depth_mean_m,GIFT_velocity_mean_mps,GIFT_depth_at_WUA_max_m,GIFT_velocity_at_WUA_max_mps,d.suit_mean,v.suit_mean,s.suit,WUA_mean_normalized,WUA_max_normalized
23429054,Pyles Creek,17060104000004,30.3381,0.00699074,650.1995543176321,7.661681667341031,17.439906216355514,53.781322881344984,14.635,,,,,,,,,,,,11.713605896076578,25.598407650300476,45.791027001213855,UGR,August/September,4.534552403349192,14.877140430935668,DA+PPT+SLOPE,0,0.24333286885422614,0.7983361839049413,DA+PPT,0,0.7849805006512205,2.575395343343899,DA+PPT,0,2.1398815985806765,7.020608919227941,DA+PPT+SLOPE,0,0.0,0.0,0.7849805006512205,2.575395343343899,0.6900141230866792,0.6900141230866792,0.03758214897949864,0.1202678543118045,0.02079558936896908,0.03814604769399354,0.2504188659265924,0.33662769949912974,-0.44977878789321063,-0.2038303112129386,-0.32559531152488164,1.8779736312022075e-06,0.7997242063535286,0.7997242063535286,981,0.16739661545988835,0.42010019665208487,0.24209199619142602,0.7284201612289075,0.13689871082598015,0.5152809826417832,0.3,0.01756272356583926,0.05620304151013533
23428950,Beaver Creek,17060104000005,36.0486,0.00197263,842.3968457634243,5.072086651945924,14.720910012709858,46.516932232743244,18.818,,,,,,,,,,,,13.918442272433214,33.16523014816631,41.12975597350266,UGR,August/September,5.052110231675987,16.57516480208657,DA+PPT+SLOPE,0,0.29783984419034604,0.9771648431441798,DA+PPT,0,0.9249055456658329,3.0344670133393468,DA+PPT,0,2.626945866622868,8.618588801256129,DA+PPT+SLOPE,0,0.0,0.0,0.9249055456658329,3.0344670133393468,0.6779780966975031,0.6779780966975031,0.08851392303403696,0.3101039605580064,0.04023606536688775,0.07233776250014942,0.31119768879019716,0.41666628177770915,-0.4206566423925168,-0.18213684869308402,-0.35697044354751134,2.049940205956365e-06,0.7462809560639498,0.7462809560639498,981,0.19855123546684042,0.29095522259228174,0.29632101421109935,0.4984523670041981,0.21227634721552954,0.5792298759838876,0.3,0.03369461249988684,0.11804733569050198
23429060,Pyles Creek,17060104000006,11.5011,0.00100628,736.6279156016902,7.215005533464278,6.881640826073601,24.259138521627328,12.822,,,,,,,,,,,,4.440599535612524,29.001099039436625,44.987009960235696,UGR,August/September,2.6390810072683513,8.658402254817425,DA+PPT+SLOPE,0,0.2194703390358503,0.7200470440808737,DA+PPT,0,0.7224807449584919,2.370343651438622,DA+PPT,0,1.1273269736140614,3.6985793097574193,DA+PPT+SLOPE,0,0.0,0.0,0.7224807449584919,2.370343651438622,0.6962267291310866,0.6962267291310866,0.032942417817973385,0.12257333654229671,0.029890753619571806,0.06144937886042895,0.27593473803873114,0.39461400922098533,-0.44989032388433,-0.17957823793257124,-0.3406406845635269,5.244733726882936e-07,0.18394466966501166,0.18394466966501166,981,0.15358624776965762,0.18408766808782656,0.21835115359331247,0.3191799248838793,0.15232042892178327,0.5681851765398735,0.3,0.02922170638068239,0.10872917920995254
23428370,Grande Ronde River,17060104000007,4171.6071,0.00321055,721.7035417587376,7.168694994063598,72.36318950091535,181.8472018870702,28.799,22.228,2.585001124203723,3.5842405706346963,0.0013465725781397636,5.269574249549344,3.9927177595248775,0.0023653087293883765,Spawning and rearing,1.0,Rearing and migration,1.0,1610.666505900993,28.413525266092034,44.90365098931448,UGR,August/September,42.75968172875594,140.2876697137662,DA+PPT+SLOPE,1,0.6655617891252277,2.1836016703583585,DA+PPT,1,1.7697131589594,5.806145534643701,DA+PPT,1,34.761221441868194,114.04600210586678,DA+PPT+SLOPE,1,0.0,0.0,1.7697131589594,5.806145534643701,0.6239154431577029,0.6239154431577029,3.2648582844554794,7.984862635401409,0.16721565087270424,0.2278968138204701,0.5211454643084658,0.6108193002577111,-0.32984438227847146,-0.3299881767592491,-0.17295179008957526,5.040388882636845e-05,23.849157774884365,23.849157774884365,981,0.3948845958126909,0.4663391337428538,0.6621677646758956,0.8422230452689209,0.4907229846377248,0.49055381466033937,0.7,0.09392242703310526,0.2297060432342585
23428372,Grande Ronde River,17060104000008,4135.7538,0.00602642,722.3877827274645,7.16150734369777,88.47369441851289,215.99568570201092,34.340500000000006,29.1445,2.4714761115955706,3.6549048029765085,0.0013420218974016945,5.2600755190578345,3.840429145283071,0.0023785075412820576,Spawning and rearing,1.0,Rearing and migration,1.0,1596.823469380123,28.440463886908052,44.89071321865599,UGR,August/September,44.91742102471108,147.36686687897335,DA+PPT+SLOPE,1,0.6648799137538763,2.181364546436602,DA+PPT,1,1.768253964290684,5.801358150559987,DA+PPT,1,37.11267508387571,121.76074502583893,DA+PPT+SLOPE,1,0.0,0.0,1.768253964290684,5.801358150559987,0.6239907122048581,0.6239907122048581,2.701584731948801,5.8694688816123515,0.13902064371075662,0.19732731257455696,0.49284543208100184,0.5821868616754362,-0.3234796940506608,-0.371231459660343,-0.16626820257823957,5.8147840649028745e-05,31.096334990912666,31.096334990912666,981,0.3945223652988309,0.5695129409713101,0.6614893660695655,1.0464731720908895,0.4921703800836487,0.4359918323075519,0.7,0.07279412561458161,0.15815267609643294
23428374,Lookingglass Creek,17060104000009,245.1186,0.01152112,1028.268210938233,7.060438884628565,51.67115516986369,136.29460186975334,96.283,78.823,4.55859734793919,2.277578267860539,0.0013071830597411577,6.377947639509282,1.5468848408710199,0.002704255253385761,Spawning and rearing,1.0,Spawning and rearing,1.0,94.64082055890236,40.4830004306391,44.70878999233142,UGR,August/September,15.629218360664705,51.27696312554037,DA+PPT+SLOPE,0,0.4888515377903455,1.603843627921081,DA+PPT,0,1.3808675528217704,4.5304053570268055,DA+PPT,0,11.367199340136303,37.29396108968603,DA+PPT+SLOPE,0,0.0,0.0,1.3808675528217704,4.5304053570268055,0.6459823125024635,0.6459823125024635,0.30299999068110095,0.6153656009397597,0.05017026826895802,0.07663779815395723,0.3504040824855262,0.42476397164963126,-0.3464107444449859,-0.35912265571806457,-0.24429633156799152,1.8876802402927272e-05,9.771788425251195,7.106662058830128,981,0.30279061148366015,0.7186445883056524,0.4509355079111976,1.1767489734872738,0.37391206038541897,0.35696284535464734,0.5,0.026655641518596587,0.05413519922774407
23428376,Jarboe Creek,17060104000010,42.3261,0.05060491,880.4640649710606,7.505224438263412,38.7471178183376,106.52535475251088,63.84,,,,,,,,,,,,16.342198572683415,34.66393956578979,45.50940398887414,UGR,August/September,7.299742004602583,23.949284792003226,DA+PPT+SLOPE,0,0.3160904145277451,1.0370420424138618,DA+PPT,0,0.970544244220308,3.1842002763133466,DA+PPT,0,4.2894050294668995,14.072851146544945,DA+PPT+SLOPE,0,0.0,0.0,0.970544244220308,3.1842002763133466,0.6743163267310106,0.6743163267310106,0.01393424187262725,0.025115888577262983,0.007622588753958293,0.018434866734960947,0.18036598440258098,0.2641678738635207,-0.4055190764332648,-0.3814486153726201,-0.20540971944015685,7.306690669100869e-06,4.203381975786157,0.2509924631858949,981,0.20879438739190606,1.0234095856468088,0.1989037622965602,0.8815208279432394,0.2011661650925945,0.23326011317345421,0.5,0.0032485255593499036,0.005855331544753764
23428378,Jarboe Creek,17060104000011,35.8083,0.06671557,910.6756068346444,7.362918302390228,41.02651079895296,111.86827709577004,59.278999999999996,,,,,,,,,,,,13.825661923735465,35.85337034782065,45.25325294430241,UGR,August/September,7.042575986952282,23.105564261654468,DA+PPT+SLOPE,0,0.3130058947900089,1.0269222270013414,DA+PPT,0,0.9629887651599524,3.1594119591861953,DA+PPT,0,4.156327376048738,13.636244672075911,DA+PPT+SLOPE,0,0.0,0.0,0.9629887651599524,3.1594119591861953,0.6749641261515459,0.6749641261515459,0.008720364879602894,0.018733827110326593,0.005593141204415595,0.015310561937419639,0.1586470921769755,0.24831162016268596,-0.4027587183144244,-0.38867530532210154,-0.20297283515905842,7.4143967876733006e-06,4.393131988028093,0.2607233761773705,981,0.2070905120881757,1.1117672192193726,0.19783590201785023,0.9547446884069537,0.19726178655063747,0.2160396705404013,0.5,0.002098093843582892,0.0045073030623819935
23428380,Jarboe Creek,17060104000012,32.3109,0.07306456,929.5616226717918,7.285568814303223,41.172348335170064,112.20864472277587,56.986000000000004,,,,,,,,,,,,12.475308234449113,36.596914278417,45.1140238657458,UGR,August/September,6.8429296787460885,22.4505566887995,DA+PPT+SLOPE,0,0.3110826991764125,1.0206125301063402,DA+PPT,0,0.9582682777319681,3.1439247957085565,DA+PPT,0,4.040460829370036,13.256105083235026,DA+PPT+SLOPE,0,0.0,0.0,0.9582682777319681,3.1439247957085565,0.6753699288547004,0.6753699288547004,0.007180631178284782,0.016430269767441632,0.004970306984448499,0.014244074152313215,0.15062517194606426,0.24240676843931527,-0.40228962901120124,-0.39061558153784226,-0.2021244824665079,8.7414449456702e-06,4.3805554274711875,0.18340131711612115,981,0.20603127190673465,1.1448848806283636,0.17770395235338157,0.8540289385272765,0.19502358251457794,0.21058897914572325,0.5,0.0017771812378649743,0.004066434612609112
23428386,Lookingglass Creek,17060104000015,198.8946,0.02181159,1067.000799573642,6.933924842739794,61.607641201306656,158.44426343059632,87.43,80.96,5.598799164240019,2.1901215928259177,0.0012770486667930655,6.3439833297238355,1.7330034784371613,0.00302402991409478,Spawning and rearing,1.0,Spawning and rearing,1.0,76.79363438243635,42.007905495025284,44.48106471693163,UGR,August/September,15.273636904297243,50.110357297563134,DA+PPT+SLOPE,0,0.4812642885094599,1.5789510777869418,DA+PPT,0,1.3636891791603445,4.474045863386957,DA+PPT,0,11.231038700611288,36.847239831401865,DA+PPT+SLOPE,0,0.0,0.0,1.3636891791603445,4.474045863386957,0.6470865239205127,0.6470865239205127,0.21607326208005692,0.3661628037364575,0.04330070401149641,0.07924950389034743,0.33230607913889665,0.4295352900817677,-0.3765260907911096,-0.44129220865116403,-0.1388809965462299,2.361836868892787e-05,11.609940780226063,5.403057027610365,981,0.29878647009011816,0.8742866456366661,0.4098496801857277,1.299100844411283,0.36504953326271383,0.2888541004861792,0.7,0.01923893843125092,0.03260275505207972
23428388,Little Lookingglass Creek,17060104000016,96.741,0.02255046,988.555669085194,7.160888417172183,43.63744280178428,117.93619547517558,92.901,64.874,3.8657610985157618,2.369549573304893,0.0017501490971581564,5.0562986476816345,1.1572976847976542,0.0030341869482171987,Rearing and migration,1.0,,1.0,37.35190891955475,38.919514530913155,44.88959915090993,UGR,August/September,10.581246291891413,34.71537497339702,DA+PPT+SLOPE,0,0.3990939740697478,1.3093634319873615,DA+PPT,0,1.172059391485919,3.8453392109118076,DA+PPT,0,6.982204847329607,22.907496218272986,DA+PPT+SLOPE,0,0.0,0.0,1.172059391485919,3.8453392109118076,0.6594933866245614,0.6594933866245614,0.0773140404280867,0.13608067335966434,0.022642076889851807,0.041181135217218195,0.2669180078292153,0.34532877771777293,-0.37644527839869485,-0.3786075436856621,-0.22230510102579126,1.3687204903587791e-05,6.433565084813626,3.238386371949687,981,0.2545540030349113,0.8584200726973161,0.3467551628068391,1.2817457485691164,0.28998796256635556,0.28710494218373256,0.5,0.011073012339025832,0.01948964207369386
23428390,Little Lookingglass Creek,17060104000017,56.5461,0.02204663,951.9438977772603,7.268617157573541,36.38925682177273,100.9506561329685,50.4745,31.5335,3.7144590730999205,3.0926889494929526,0.002321120383288874,4.546432744599118,1.1795532198610503,0.004557353124639358,Rearing and migration,1.0,,1.0,21.832571267157,37.478106211703164,45.08351088363237,UGR,August/September,8.098135945330183,26.568687484679078,DA+PPT+SLOPE,0,0.35150701971724135,1.15323825366549,DA+PPT,0,1.0577131635982755,3.4701875446137644,DA+PPT,0,4.964452526174014,16.287573904770387,DA+PPT+SLOPE,0,0.0,0.0,1.0577131635982755,3.4701875446137644,0.6676726433833574,0.6676726433833574,0.059108051366142604,0.11185984681034374,0.02180672601200868,0.03770407444287208,0.2630025711670361,0.3353225509764197,-0.40415234338961753,-0.35421531435081927,-0.2198256162475546,8.653998209668076e-06,3.9994942503805007,2.195912873273653,981,0.22849261119547576,0.793174634319957,0.310871599363447,1.205786701192458,0.24204889276877808,0.30863159815384233,0.5,0.011906257750377921,0.022532161647349152
23428392,Little Lookingglass Creek,17060104000018,47.5974,0.02813208,972.5265300111562,7.147402497742314,37.60010183802527,103.81974698287398,22.461,7.456,3.136498762894754,2.9919279399962138,0.002614457314470209,3.9635877970300277,1.0612239776049806,0.004686782437104769,Rearing and migration,1.0,,1.0,18.377458881008213,38.28844606343135,44.865324495936164,UGR,August/September,7.723666094545561,25.340111858745278,DA+PPT+SLOPE,0,0.3449469849857669,1.131715830005797,DA+PPT,0,1.0418116701939961,3.418017290662717,DA+PPT,0,4.723491251277594,15.497018540936988,DA+PPT+SLOPE,0,0.0,0.0,1.0418116701939961,3.418017290662717,0.6688969850745344,0.6688969850745344,0.04056168259653317,0.07121285457720967,0.016919759651015526,0.031914600280054585,0.2408929766818413,0.317197534603798,-0.4025056457582818,-0.36507656820833534,-0.21549802638236726,8.531016141456561e-06,4.051827318439092,1.926517046644556,981,0.22488449150384637,0.8535412856663667,0.300442581514768,1.2638298803788919,0.23419592062554168,0.2841013573588036,0.5,0.008587225092364082,0.015076317661845622
23428394,Little Lookingglass Creek,17060104000019,15.5934,0.05484859,1016.3104221557197,6.880463651979683,32.40319639053512,91.40542681882846,11.3445,,,,,,,,,,,,6.020645399015776,40.012221344713375,44.38483457356343,UGR,August/September,5.013358832403508,16.44802766536584,DA+PPT+SLOPE,0,0.28702751465784787,0.9416913210559313,DA+PPT,0,0.898213922752664,2.9468960720231756,DA+PPT,0,2.827868292486454,9.277783111832198,DA+PPT+SLOPE,0,0.0,0.0,0.898213922752664,2.9468960720231756,0.6804463754266643,0.6804463754266643,0.009321161111910097,0.0167645026889611,0.0073671803513355675,0.017150578877044496,0.17818024728991796,0.25788510637050294,-0.4230382095473597,-0.36574210085776343,-0.20385250924354126,5.04974823240725e-06,2.54860175386223,0.18383618418075426,981,0.19254791127730045,0.9701503126333445,0.1979916130609535,0.9030041624299118,0.17018328896551224,0.2465781005516407,0.5,0.0032961793647448474,0.005928318066829276
23428396,Little Lookingglass Creek,17060104000020,6.2577,0.09117474,1090.212542383144,6.358040200776643,28.654166120888526,82.27232218434527,7.010999999999999,,,,,,,,,,,,2.4161114775110635,42.92175363713165,43.444472361397956,UGR,August/September,3.571983728518623,11.719106720861625,DA+PPT+SLOPE,1,0.2525264139812323,0.8284987335342268,DA+PPT,0,0.8101374660885666,2.6579313191882106,DA+PPT,0,1.9121194534426964,6.273357786885486,DA+PPT+SLOPE,1,0.0,0.0,0.8101374660885666,2.6579313191882106,0.6882918954477468,0.6882918954477468,0.0031369007197849835,0.006931878168303434,0.004097529958565909,0.011106316483161257,0.14153046552459078,0.22311221525685002,-0.4352127467222176,-0.36243261691085077,-0.1982571064083656,2.688092266945952e-06,1.7920169633269358,0.09618969607380536,981,0.17291627851090116,1.051914014229227,0.16690440835832215,0.8735431803487518,0.1328274919921507,0.2298676650739731,0.5,0.0016405359582201396,0.0036252328042700776
23428398,Mottet Creek,17060104000021,36.1638,0.04936229,1075.5314525429296,6.894563258890797,41.3269369138369,112.56924695744294,32.8855,11.016,2.43076814076822,2.9141717387040584,0.0028463411109880482,,,,Rearing and migration,1.0,,,13.962921241097305,42.34375797413109,44.41021386600343,UGR,August/September,7.523308470141104,24.68277057132908,DA+PPT+SLOPE,0,0.34962312419774416,1.147057494087087,DA+PPT,0,1.0535296512778816,3.4564621104917372,DA+PPT,0,4.739461679470964,15.54941495889424,DA+PPT+SLOPE,0,0.0,0.0,1.0535296512778816,3.4564621104917372,0.6681411635888294,0.6681411635888294,0.015171837895188727,0.029606028344659127,0.00844495125060919,0.0211947955180071,0.1849758299322356,0.2767428507453594,-0.3874285349317123,-0.3961018927882652,-0.2080246210294133,8.759910092213156e-06,5.083908643182314,0.25727904820289893,981,0.22751684331272157,1.071475609184506,0.2059263394206158,0.8635835629909615,0.23704006224629667,0.22547558510422627,0.5,0.0032011732389156614,0.006246706977903841
23428400,Lookingglass Creek,17060104000022,98.6211,0.01400473,1157.5564525646337,6.665386259693006,46.97379687829788,125.61475548990359,22.2955,24.866500000000002,4.031652655930468,2.758667833954922,0.0018508938420525845,6.424877322175079,1.3586641091556522,0.0032379275527345654,Spawning and rearing,1.0,,1.0,38.077819587830405,45.573088683647,43.99769526744741,UGR,August/September,11.13720837204598,36.539397546082604,DA+PPT+SLOPE,0,0.4440865013164854,1.4569767103559232,DA+PPT,0,1.2782828035224232,4.193841218905588,DA+PPT,0,7.786985384268548,25.547852310592347,DA+PPT+SLOPE,0,0.0,0.0,1.2782828035224232,4.193841218905588,0.6525913513873729,0.6525913513873729,0.17970547973745976,0.3609834849290578,0.042973000753475155,0.06716411264140963,0.33178429128344095,0.40648615725846926,-0.36549160713938006,-0.3532576515102457,-0.2382777405968991,1.1865422116775328e-05,6.399972169804542,3.8900186003194164,981,0.27895250646236175,0.7208111063971412,0.39608199085681134,1.1346383140186762,0.33556447165502157,0.3518764124938673,0.5,0.023077670095606576,0.04635728296836478
23428402,Lookingglass Creek,17060104000023,89.298,0.02099049,1197.4469740601692,6.529860688158638,52.907168478920475,139.08110776821508,9.333,7.479,3.9740335681094123,2.847767053243064,0.0019749040271212076,5.89327372572525,1.2012857354938993,0.003198795683534307,Spawning and rearing,1.0,,1.0,34.478150553523335,47.14358165591217,43.75374923868554,UGR,August/September,11.204722405378194,36.76090028011218,DA+PPT+SLOPE,0,0.4455215183522834,1.4616847714969927,DA+PPT,0,1.2817516400019549,4.205221916016912,DA+PPT,0,7.952436836432484,26.090672035539644,DA+PPT+SLOPE,0,0.0,0.0,1.2817516400019549,4.205221916016912,0.6524119771349746,0.6524119771349746,0.11825007991236484,0.20814473999929595,0.03138505247053214,0.05494159485043049,0.29844067647672556,0.38016058506110084,-0.35775108814296674,-0.380409296377955,-0.23045456300854605,1.5341009926554236e-05,7.469626013261263,3.6306076826213958,981,0.2797544833679344,0.8255638749426896,0.38352243027460053,1.2404423122799295,0.33506274526687096,0.30485180095355335,0.5,0.014869666033765397,0.026173705529570865
23428404,Lookingglass Creek,17060104000024,67.1733,0.01909763,1241.3310711367017,6.433832465917709,48.39774329392756,128.86779200256854,5.325,4.118,3.869979190895198,3.194482430808871,0.0022580232196655115,5.483586720128468,1.1810838522434863,0.004188537381438179,Spawning and rearing,1.0,,1.0,25.935756126419278,48.87130201325597,43.58089843865187,UGR,August/September,9.942486197787776,32.619705373319476,DA+PPT+SLOPE,0,0.4320460360311265,1.4174738714931971,DA+PPT,0,1.2504894890010816,4.102655803809323,DA+PPT,0,6.938232634416815,22.76323042787669,DA+PPT+SLOPE,0,0.0,0.0,1.2504894890010816,4.102655803809323,0.6544984665354889,0.6544984665354889,0.11601809716040852,0.21444491475402636,0.03360263487375924,0.05650589977259561,0.3053331599294056,0.3837348696388976,-0.3662150415147451,-0.3686740282969826,-0.231508295314513,1.2763555828153099e-05,6.12620312789768,3.2341784325507095,981,0.27252968219217544,0.7865990276596293,0.37693316786933756,1.2047853398294717,0.3234838266610514,0.3202051776180681,0.5,0.016721563440364563,0.03090771469527863
23428406,Summer Creek,17060104000025,27.8037,0.04857461,1254.3978283342506,6.389041567542809,46.631333755502666,124.83028865985723,4.086,2.649,2.597603523497734,2.8510584327806283,0.002952096151693882,2.0712371053587604,0.9213975496108009,0.005026209333015331,Spawning and rearing,1.0,,1.0,10.735068585466601,49.38574127300199,43.50027482157706,UGR,August/September,7.217129198142312,23.67824540072937,DA+PPT+SLOPE,0,0.36772163441702493,1.2064358084548061,DA+PPT,0,1.0978789426014903,3.6019650347817924,DA+PPT,0,4.725613276132145,15.503980564738008,DA+PPT+SLOPE,0,0.0,0.0,1.0978789426014903,3.6019650347817924,0.6650617657847719,0.6650617657847719,0.020985964882237383,0.03858580566375245,0.011546871794807475,0.027724025091346548,0.20698252912143478,0.3026579557689881,-0.3819440121732534,-0.3945837750361207,-0.2119253409958183,8.236326586445457e-06,4.970551027295633,0.3349746123849098,981,0.23756104032373435,1.017251860464649,0.23603398445425652,0.9171663122116659,0.2568848109605399,0.24003179381005016,0.5,0.0044408976477681925,0.0081652482776446
23428408,Summer Creek,17060104000026,9.4014,0.08791586,1238.308911975876,6.323538491211947,34.26337776874575,95.87975820007067,1.251,,1.833204426519464,2.6333327465065732,0.0032866361942029184,,,,Spawning and rearing,1.0,,,3.629900833320951,48.75231936912898,43.38236928418151,UGR,August/September,4.585278321603537,15.0435640472557,DA+PPT+SLOPE,0,0.2965798659837155,0.9730310563770193,DA+PPT,0,0.9228411948785931,3.0276942089192684,DA+PPT,0,2.705239659001857,8.875458198824989,DA+PPT+SLOPE,1,0.0,0.0,0.9228411948785931,3.0276942089192684,0.6786230744470256,0.6786230744470256,0.0037632731093208793,0.009655619143614281,0.004215966638748765,0.01259272690046917,0.1385889766028095,0.23265189535041042,-0.4086375721475866,-0.3867217201885491,-0.20042474102511545,4.68187599818199e-06,2.98773914441493,0.12644701749866885,981,0.19802850820751233,1.174794611023815,0.17529832597502348,0.8827900297779347,0.17950594490050348,0.20872708084588681,0.5,0.0013911052563488596,0.0035692287415218815
23428410,Lookingglass Creek,17060104000027,33.309,0.04383381,1281.0366386665767,6.296669454995947,54.07536413869842,141.70612492193925,5.0355,0.9475,,,,,,,,,,,12.860676798890328,50.43451333332979,43.334005018992706,UGR,August/September,7.858079616753689,25.781101104834935,DA+PPT+SLOPE,0,0.38586157144248157,1.26595003754095,DA+PPT,0,1.1414873429537817,3.7450372144152944,DA+PPT,0,5.277902254963902,17.315952280065293,DA+PPT+SLOPE,0,0.0,0.0,1.1414873429537817,3.7450372144152944,0.6619659658739598,0.6619659658739598,0.03572331239752443,0.058649713447577544,0.016433485461314703,0.03510398487656139,0.23598277268233508,0.32743025495066025,-0.3775179790946503,-0.38909683935978473,-0.21695169608425027,1.0176169874446387e-05,5.287913354919775,0.41215102244221613,981,0.24750585089741367,0.941080301694787,0.25682937602623856,0.8976641047463453,0.2765624457596284,0.26112396540611593,0.5,0.006768467976822879,0.011112315199171623
23428412,Lookingglass Creek,17060104000028,12.2589,0.063184,1358.1437473533515,6.03467870873651,44.899205729350854,120.84972021119387,3.6315,,,,,,,,,,,,4.73318775135599,53.470226273754,42.86242167572571,UGR,August/September,5.285041917275484,17.339376369014055,DA+PPT+SLOPE,0,0.33137581676799943,1.0871909998950111,DA+PPT,0,1.0096236299299177,3.3124134840220396,DA+PPT,0,3.3086170878875607,10.855042939263651,DA+PPT+SLOPE,0,0.0,0.0,1.0096236299299177,3.3124134840220396,0.6717828238717019,0.6717828238717019,0.014307440955543637,0.02646230070918971,0.010796429067307944,0.025457680966387813,0.20187884694517652,0.29417535070793854,-0.40201770033432294,-0.37769658416177104,-0.20948928643659806,5.933557289520715e-06,3.221071576979362,0.22062368875054317,981,0.217542990164647,0.9718193745980375,0.22203775307502696,0.8830823814046753,0.2191287830366047,0.25155693793334055,0.5,0.00432429639800913,0.007997994330037445
23428414,Grande Ronde River,17060104000029,3889.4355,0.00370149,703.1373531537787,7.167376467845726,73.84003302311379,185.01996607662738,32.065,22.403,2.6573686158784247,3.5710832684763267,0.0013251667426846295,5.376670964098261,3.284393362998517,0.002343557492703322,Spawning and rearing,1.0,Rearing and migration,1.0,1501.7194420616172,27.682572958810187,44.90127764212231,UGR,August/September,41.34070713759396,135.63224126507203,DA+PPT+SLOPE,1,0.6456476114311679,2.1182664417033066,DA+PPT,1,1.7266870172172668,5.664983652287621,DA+PPT,1,33.10999000514517,108.62857613236604,DA+PPT+SLOPE,1,0.0,0.0,1.7266870172172668,5.664983652287621,0.6260772189787497,0.6260772189787497,2.9889708604035605,7.287302706572273,0.15976025416941514,0.21885883468546286,0.5132424441701569,0.6026354759810963,-0.3354715356547825,-0.333747306736968,-0.17102090343883433,4.782283819523319e-05,23.030748741664702,23.030748741664702,981,0.38459146700682056,0.47958261051423895,0.6423551395657551,0.8671845379687539,0.4809658475560105,0.48299435216520414,0.7,0.09027398860401604,0.22009377548709175
23428416,Grande Ronde River,17060104000030,3873.2409,0.00579464,703.2623702413601,7.161628061340942,85.18130798931654,209.0954032547555,31.931,21.502,2.5408789762775763,3.4526322126800433,0.0013453864158505472,5.35051403815736,3.2932966416895155,0.002338638382306218,Spawning and rearing,1.0,Rearing and migration,1.0,1495.4666720448856,27.687494891392134,44.890930510413696,UGR,August/September,42.842518822344026,140.55944495519694,DA+PPT+SLOPE,1,0.645209566929929,2.116829287827851,DA+PPT,1,1.7257418310270394,5.6618826477265065,DA+PPT,1,34.71110435507052,113.88157596807912,DA+PPT+SLOPE,1,0.0,0.0,1.7257418310270394,5.6618826477265065,0.6261262517198497,0.6261262517198497,2.611486113463014,5.863245936911252,0.13990016203728003,0.19701773660064448,0.49309057479994706,0.5818822486678734,-0.33095623925916284,-0.36286584240384223,-0.16627775629971497,5.489220420361528e-05,27.815727831453977,27.190500631106286,981,0.38436533665066197,0.5526678143036845,0.6381266903553808,1.0047175156953148,0.48169054344916584,0.44414983386719015,0.7,0.07523488987124473,0.16891556883164285
23428418,Grande Ronde River,17060104000031,3825.6903,0.00656447,703.7839221501919,7.154090110467995,88.44579249155008,215.93736504196434,33.893,18.739,2.5368705847444204,3.410621583101089,0.001321778505743458,5.352327442290623,3.245474115084723,0.0023044199366381458,Spawning and rearing,1.0,Rearing and migration,1.0,1477.1072827448975,27.708028431109916,44.87736219884239,UGR,August/September,43.06445724049431,141.2875893717005,DA+PPT+SLOPE,1,0.6440049559597392,2.1128771520988816,DA+PPT,1,1.7231432933755395,5.653357261730773,DA+PPT,1,34.97238235167903,114.73878724304143,DA+PPT+SLOPE,1,0.0,0.0,1.7231432933755395,5.653357261730773,0.62626151961038,0.62626151961038,2.4837146770168133,5.433108508684228,0.13396874717145332,0.1910190800238426,0.4865117503040726,0.5759156978843262,-0.3300904086804014,-0.3711045520043838,-0.16483629214376147,5.659484047742009e-05,29.07517240148681,29.07517240148681,981,0.38373964861998344,0.5740314558196185,0.6407208613882647,1.053637038005143,0.48110496356813304,0.43285303024580074,0.7,0.07101931610036769,0.15535425794129187
23428420,Grande Ronde River,17060104000032,3757.8618,0.00343612,701.3804121282029,7.141745200813403,71.48427831234453,179.95458639630158,29.577,14.492,2.518789971810417,3.5198645591544566,0.0013772472217108461,5.322474381119095,3.192172275620921,0.0024099419915033426,Spawning and rearing,1.0,Rearing and migration,1.0,1450.918552484201,27.613402052291455,44.85514136146412,UGR,August/September,40.389130130918836,132.51026945839513,DA+PPT+SLOPE,1,0.6403804207655285,2.100985632432836,DA+PPT,1,1.7152889394961883,5.627588384173846,DA+PPT,1,32.132144044974524,105.42042009506076,DA+PPT+SLOPE,1,0.0,0.0,1.7152889394961883,5.627588384173846,0.626663236717646,0.626663236717646,2.986416146088897,7.406204857738333,0.16241893716083128,0.2218222047928112,0.5154844159337633,0.6053432060313233,-0.3381762119328505,-0.3278007634192905,-0.17160408748702757,4.336975200344134e-05,21.633253542381194,21.633253542381194,981,0.3818556321309709,0.46614440745617614,0.6371148094317884,0.8406132148201301,0.47791061677539753,0.49011702679135044,0.7,0.09294170167757522,0.2304920844177737
23428422,Grande Ronde River,17060104000033,3755.187,0.00478982,701.4014796361133,7.140827915299395,79.51368721756897,197.12589447911273,35.158,13.214500000000001,2.5259435864439634,3.5396989863607473,0.0013507662858711783,5.34263169424838,3.2645465528728583,0.002357398561294262,Spawning and rearing,1.0,Rearing and migration,1.0,1449.8858064305316,27.614231481736745,44.853490247538915,UGR,August/September,41.51445716592881,136.20228728979268,DA+PPT+SLOPE,1,0.6403061291738684,2.1007418936150537,DA+PPT,1,1.7151283927771312,5.62706165609295,DA+PPT,1,33.3179985601438,109.31101889810957,DA+PPT+SLOPE,1,0.0,0.0,1.7151283927771312,5.62706165609295,0.6266716055367223,0.6266716055367223,2.7264322356300745,6.369045347731872,0.14810068733757603,0.20542965968324803,0.5014829831925397,0.5900485066728963,-0.33473598068639077,-0.3489703341100754,-0.16819299786595776,4.818095203588792e-05,24.948839263867058,24.948839263867058,981,0.3818188764194046,0.5184022665031353,0.6370408964070153,0.9432791616251619,0.47873071725008165,0.4619844191045704,0.7,0.081830612685467,0.19115930196811867
23428424,Grande Ronde River,17060104000034,3718.4031,0.00656096,701.7826651493003,7.131333348678393,87.79075349457106,214.56743879769303,49.129,10.361,2.5817623454709024,3.307371258490251,0.0013155691246052434,5.41478746249253,3.1803241063738525,0.002210474016408264,Spawning and rearing,1.0,Rearing and migration,1.0,1435.6834632409223,27.629238785405526,44.83640002762111,UGR,August/September,42.44223633969696,139.24618221685355,DA+PPT+SLOPE,1,0.639333463915761,2.0975507346317617,DA+PPT,1,1.7130268887981128,5.620166957999057,DA+PPT,1,34.32090373163677,112.60139019565868,DA+PPT+SLOPE,1,0.0,0.0,1.7130268887981128,5.620166957999057,0.626781419429833,0.626781419429833,2.445314446117871,5.367492979368832,0.13372805113603348,0.19066506340943112,0.4860729375930949,0.5755596953874762,-0.33180317094414563,-0.3697400265885511,-0.16472875133126982,5.565692581944362e-05,28.30936691781167,28.30936691781167,981,0.38132415570641603,0.5716920844152568,0.6360731907415381,1.048531252050738,0.4785632376991071,0.4339316428233361,0.7,0.07124854477138366,0.15639136490514713
23428426,Grande Ronde River,17060104000035,3708.7911,0.00157838,701.7969280784775,7.128504040113688,55.52856769930984,144.96022797544734,54.593,8.47,2.5955039077126405,3.2212154789461156,0.0013194525417406875,5.380112514554407,3.128077256428677,0.0022549344334318986,Spawning and rearing,1.0,Rearing and migration,1.0,1431.9722492930123,27.6298003180503,44.83130727220464,UGR,August/September,37.62841929835769,123.45281922033362,DA+PPT+SLOPE,1,0.6390267734341173,2.096544532264164,DA+PPT,1,1.7123633376239997,5.617989952834645,DA+PPT,1,29.290556695673374,96.09762695430896,DA+PPT+SLOPE,1,0.0,0.0,1.7123633376239997,5.617989952834645,0.6268158985926416,0.6268158985926416,2.428502485446081,6.726051953083801,0.13517832620948178,0.18732763984330983,0.48128467432113786,0.5721816869528022,-0.3106478991123923,-0.2577543524949871,-0.2964194221831387,3.351802969268525e-05,15.168233162487002,15.168233162487002,981,0.3811582956969373,0.3595024123296776,0.6357680640547564,0.633981938199458,0.4728975162682654,0.5434222450914722,0.5,0.08291076576925575,0.22963209688934774
23428428,Grande Ronde River,17060104000036,3691.3212,0.00374236,702.0113722676583,7.122100276704549,73.18225368672343,183.6079698447986,50.5155,6.422499999999999,2.6768317061753653,3.4436853714797673,0.0013467948774947712,5.405016937334253,3.137249217965329,0.0023187849517505633,Spawning and rearing,1.0,Rearing and migration,1.0,1425.2270831934916,27.638243002663714,44.819780498068184,UGR,August/September,40.36615670823305,132.4348973367226,DA+PPT+SLOPE,1,0.6385797347012364,2.0950778697547126,DA+PPT,1,1.711397478495823,5.61482112367396,DA+PPT,1,32.13872134977796,105.44199917906154,DA+PPT+SLOPE,1,0.0,0.0,1.711397478495823,5.61482112367396,0.6268664978620307,0.6268664978620307,2.8961186723846235,7.095355962620222,0.15860825668725098,0.2172797251916422,0.5118002480413429,0.6011825983036911,-0.337943556310277,-0.33276257289430233,-0.1706856141081697,4.641984019789464e-05,22.184792003426146,21.942316393475917,981,0.38094021747098644,0.4787520813539419,0.6334966749334061,0.8624646439136915,0.4772252799392525,0.4833205545462815,0.7,0.09011306457606261,0.22077281436926993
23428430,Grande Ronde River,17060104000037,3684.5334,0.00069865,702.0779842232977,7.11947667781996,42.67799266295859,115.71263067603402,35.9215,5.4145,2.7255482959820667,3.2885827855112417,0.0013146676462652412,5.389813151478935,3.1202090327255556,0.0022206969859345036,Spawning and rearing,1.0,Rearing and migration,1.0,1422.6062989617371,27.640865520602272,44.815058020075924,UGR,August/September,35.04983427921378,114.99289461684312,DA+PPT+SLOPE,1,0.6383954510152873,2.0944732644858504,DA+PPT,1,1.7109991179115291,5.613514166376408,DA+PPT,1,26.68527108334917,87.55010197949203,DA+PPT+SLOPE,1,0.0,0.0,1.7109991179115291,5.613514166376408,0.6268873289692152,0.6268873289692152,2.5114719294139602,7.50009801873129,0.1450519399521117,0.21442452354815958,0.48963354603148834,0.5985376643604765,-0.3162538082613188,-0.2373681016692801,-0.3013261501172893,2.571162023587542e-05,10.34632274899815,10.34632274899815,981,0.38083056524519227,0.2698742622385372,0.635139960835021,0.4647155318292279,0.4652625497381533,0.5704434918608715,0.5,0.09411453687577659,0.28105759148203413
23428432,Gordon Creek,17060104000038,76.0986,0.01104606,871.0149770832367,7.673233076363507,34.52306121966723,96.50156055372493,71.669,1.479,4.489055732828737,3.4058886371137898,0.0030769165584694836,,,,Spawning and rearing,1.0,,,29.381833722058172,34.291928231623494,45.81181953745431,UGR,August/September,8.36029006016962,27.428773163286152,DA+PPT+SLOPE,0,0.35098164553009975,1.1515145850725057,DA+PPT,0,1.0561465861225192,3.4650478547326746,DA+PPT,0,4.9956254409613665,16.38984724724858,DA+PPT+SLOPE,0,0.0,0.0,1.0561465861225192,3.4650478547326746,0.6676771480948727,0.6676771480948727,0.14425705479742817,0.36815274210660115,0.043126098534918916,0.0645869278927524,0.3276994000639163,0.40121904747719234,-0.42429016266928465,-0.29614623267661433,-0.23643750611918207,5.66042095305872e-06,3.006075395029643,3.006075395029643,981,0.22814934384714108,0.582760620816279,0.3491918195856018,1.029605929474786,0.24694355298347437,0.4178021263070349,0.5,0.028876675503851847,0.07369502506892375
23428434,Gordon Creek,17060104000039,67.6701,0.01393139,897.5277993805743,7.552606660758089,36.60609282889318,101.46544491084241,87.185,1.606,4.255992377688621,3.11141258005447,0.00316761930181326,,,,Spawning and rearing,1.0,,,26.12757167878317,35.33574013309347,45.59469198936456,UGR,August/September,8.205345837028617,26.920425974503335,DA+PPT+SLOPE,0,0.35001275476817567,1.1483358096068754,DA+PPT,0,1.053888981230923,3.4576410145371486,DA+PPT,0,4.9364889360982565,16.19582984284205,DA+PPT+SLOPE,0,0.0,0.0,1.053888981230923,3.4576410145371486,0.6678846054929171,0.6678846054929171,0.11919598084279884,0.27880930026626966,0.03752883708941706,0.0567237398539395,0.31374783533779965,0.3842273588797867,-0.42019230547345704,-0.3101219054451257,-0.2321569519920002,5.851376207307229e-06,3.1910574690325992,3.021076911628076,981,0.22763402478880418,0.6279927538702825,0.34378373639857235,1.0999030190753272,0.2445037710876128,0.39126430445872135,0.5,0.024145902560658822,0.05647927178109657
23428436,Gordon Creek,17060104000040,56.763,0.01463484,930.794406652735,7.439801812081655,36.418583790323844,101.02030682432711,107.00450000000001,1.4255,3.94777219435998,3.7630611202812236,0.0030403990322011324,,,,Spawning and rearing,1.0,,,21.916316825344854,36.64544908081634,45.39164326174698,UGR,August/September,7.747674493794856,25.418879572817765,DA+PPT+SLOPE,0,0.34663546486575764,1.1372554621579973,DA+PPT,0,1.0457864658922313,3.4310579589640136,DA+PPT,0,4.654481091256322,15.270607254777959,DA+PPT+SLOPE,0,0.0,0.0,1.0457864658922313,3.4310579589640136,0.6685408769657204,0.6685408769657204,0.10881258970825375,0.2498442813555084,0.036576551198512344,0.05567855482893034,0.3109951509771016,0.3818528046616678,-0.42164754873991817,-0.31040007242452267,-0.23137582763704678,5.428919317168444e-06,3.0110112521675876,2.6564678749693478,981,0.2257873788361153,0.6305325436423688,0.33513852426165613,1.0868779807539337,0.24093687921499254,0.38926684763551983,0.5,0.02337802809268335,0.05367822458766747
23428438,Gordon Creek,17060104000041,51.2955,0.01273913,951.5389414939557,7.353689568591808,34.53341153050267,96.52633001338533,113.237,1.332,3.878903585669123,3.7378085174663394,0.0032260211077021926,,,,Spawning and rearing,1.0,,,19.80530327351403,37.46216305094314,45.236641223465256,UGR,August/September,7.395671802867878,24.264015101272566,DA+PPT+SLOPE,0,0.3449452650637458,1.1317101872170137,DA+PPT,0,1.0417373184225118,3.417773354404566,DA+PPT,0,4.421743429572188,14.507032249252584,DA+PPT+SLOPE,0,0.0,0.0,1.0417373184225118,3.417773354404566,0.6688750043186592,0.6688750043186592,0.11633091315055366,0.2828063940757949,0.040123339255823995,0.0610394284851988,0.32002174417492607,0.39373451431674134,-0.4259580804505078,-0.2998209387933947,-0.23409764150027346,5.840237388627851e-06,2.7085847289910885,2.7085847289910885,981,0.22486788941687413,0.5969203278208266,0.3431862216668355,1.0670665958685357,0.24024774271858398,0.40843059826140143,0.5,0.02630883383521167,0.06395811936631451
23428440,Gordon Creek,17060104000042,48.1365,0.01553054,961.781144345181,7.311546070016266,36.606020489872236,101.46527324458381,122.19999999999999,0.9199999999999999,3.8394166954212072,3.2392969034557377,0.0031878168202388825,,,,Spawning and rearing,1.0,,,18.585606554678446,37.865399383668546,45.16078292602928,UGR,August/September,7.344462450447672,24.096005414854567,DA+PPT+SLOPE,0,0.34318661380225307,1.1259403339968932,DA+PPT,0,1.0374803053412247,3.403806776053887,DA+PPT,0,4.4052265109841615,14.452842883806303,DA+PPT+SLOPE,0,0.0,0.0,1.0374803053412247,3.403806776053887,0.6692114423421466,0.6692114423421466,0.09979356652098025,0.22602396253310564,0.03567876070733441,0.0547261463591993,0.30835267546026845,0.37966301232289035,-0.42314273186101137,-0.3105516307645077,-0.23062687666714654,5.1001411769801475e-06,2.8504816816002845,2.536217847805924,981,0.22389885779663926,0.6324811565770266,0.3324808540182199,1.098960632165864,0.2373430045238747,0.38746447265254624,0.5,0.022653447279532873,0.05130813636246145
23428442,Gordon Creek,17060104000043,43.1325,0.01983233,978.1199553119668,7.2393365891908195,39.18083804735706,107.54540698875174,132.062,0.777,3.83213850697749,3.2445167440422575,0.0032378040233163497,,,,Spawning and rearing,1.0,,,16.65355135333205,38.50865965795145,45.030805860543474,UGR,August/September,7.1916582455590135,23.594679283330095,DA+PPT+SLOPE,0,0.33980561207124205,1.1148478086326838,DA+PPT,0,1.0292716259298693,3.376875413155739,DA+PPT,0,4.323203168248327,14.183737428636242,DA+PPT+SLOPE,0,0.0,0.0,1.0292716259298693,3.376875413155739,0.6698581759074012,0.6698581759074012,0.07993159222007927,0.16693223992989767,0.030465986658584406,0.04818981422113452,0.29300858316687733,0.36390253755894914,-0.4204354459818205,-0.3226492952622819,-0.22644927209731314,6.157847056815235e-06,2.9725517212382555,2.0940028434893363,981,0.2220395070296966,0.6757043869307815,0.3138773828171317,1.1056718236873668,0.23257289212035098,0.3629544264130691,0.5,0.01848897428812394,0.03861309159743589
23428444,Gordon Creek,17060104000044,27.5688,0.03058554,1045.083752047532,6.989230351332267,43.42223455092019,117.43805879271346,88.256,,3.3878669387711144,2.948861118990047,0.0034162101975509186,,,,Spawning and rearing,1.0,,,10.644373188424982,41.14502960817055,44.58061463239808,UGR,August/September,6.288505715083909,20.631580430065316,DA+PPT+SLOPE,0,0.32583323336233766,1.0690066711362785,DA+PPT,0,0.9951587021248532,3.2649563718006993,DA+PPT,0,3.754078799501551,12.316531494427661,DA+PPT+SLOPE,0,0.0,0.0,0.9951587021248532,3.2649563718006993,0.6725816368116746,0.6725816368116746,0.05004230825677275,0.09521595713435642,0.023586541661385126,0.04023435415313701,0.26869818155996394,0.3426617891298692,-0.422426062061145,-0.3334853227383718,-0.22050207353909812,4.411408461654576e-06,2.7313342192509404,1.4501909559153179,981,0.21431634309017383,0.7257605366624215,0.2884892479682786,1.1209794842103604,0.2165455316966362,0.3351331841270006,0.5,0.013330116635648972,0.02536333471396465
23428446,Gordon Creek,17060104000045,12.4758,0.06024277,1138.9753816418988,6.429135247064638,44.7215845782226,120.44029660155763,56.922,,,,,,,,,,,,4.816933309543846,44.841550458342475,43.57244344471635,UGR,August/September,4.841391442379767,15.883830191534669,DA+PPT+SLOPE,0,0.29635668661942605,0.9722988406149148,DA+PPT,0,0.9220423109196513,3.0250731985552863,DA+PPT,0,2.8096130768114618,9.217890671953615,DA+PPT+SLOPE,0,0.0,0.0,0.9220423109196513,3.0250731985552863,0.6785866731822341,0.6785866731822341,0.01826404562318198,0.02929316272956034,0.013246753092517228,0.027155801227680437,0.21920681212887458,0.3005759352052495,-0.42825351942778106,-0.3480918826566175,-0.21040784482308417,4.050347114328987e-06,2.2554160297289956,1.0159823228742726,981,0.19786588906365526,0.832315063628481,0.26022884824717113,1.2612113835880192,0.1825124715726948,0.28939465393424624,0.5,0.006500555458657407,0.010426048686676884
23428448,Gordon Creek,17060104000046,10.2051,0.08855424,1146.794423696975,6.33265844519799,48.09051885200637,128.16710955870386,46.78,,,,,,,,,,,,3.9402111381415144,45.14938675972343,43.39878520135638,UGR,August/September,4.5768211574104685,15.015817445572402,DA+PPT+SLOPE,1,0.28650655933428104,0.9399821500468538,DA+PPT,0,0.8972315994902339,2.9436732266739956,DA+PPT,0,2.634946181084412,8.644836552114212,DA+PPT+SLOPE,1,0.0,0.0,0.8972315994902339,2.9436732266739956,0.6806771412230008,0.6806771412230008,0.01109683642786035,0.019940614693289643,0.009442759484777368,0.021296345716642146,0.1934628399798046,0.27718413088499105,-0.42775728685125464,-0.35661733636237597,-0.20618261730159199,3.951957326912251e-06,2.27010020244694,0.15204762031239924,981,0.19230801264359035,0.9084259591937315,0.1977580908023847,0.8198595615656817,0.1707835511807448,0.2656368184992496,0.5,0.004211409139025924,0.007567750277572304
23428450,Grande Ronde River,17060104000047,3604.3614,0.00201997,698.5749419615892,7.105982783339687,59.41554305180684,153.60504973866708,37.495,5.658,2.5897833667543964,3.361025940301268,0.0013166617464864842,5.47566911186161,3.165815944210287,0.0022414315874702473,Spawning and rearing,1.0,Rearing and migration,1.0,1391.651716707072,27.50295047092871,44.79076901001144,UGR,August/September,37.82321691645517,124.09191901724138,DA+PPT+SLOPE,1,0.6336504149467511,2.078905560848921,DA+PPT,1,1.7006950973402897,5.57970832460725,DA+PPT,1,29.48763628703512,96.74421354014146,DA+PPT+SLOPE,1,0.0,0.0,1.7006950973402897,5.57970832460725,0.627416803906994,0.627416803906994,3.2272582452397707,8.699198115554939,0.1811201620884107,0.2488786040114895,0.5315878644903272,0.6290171994756765,-0.3460231014774857,-0.29691284924912653,-0.17594388718497692,3.518876268925202e-05,16.49056731666286,16.49056731666286,981,0.3783794664957953,0.38979535736213794,0.6304191223109452,0.6915193357170807,0.4718073994882988,0.5295841668157804,0.7,0.10944445373055232,0.29501171375271373
23428452,Grande Ronde River,17060104000048,3592.0926,0.00106442,698.7549632939256,7.100390463735699,48.33971673713888,128.73550078577196,37.060500000000005,4.4375,2.689368885145603,3.4566769299220215,0.0013531514704342676,5.4996956583555265,3.232147590915923,0.0022373307462575064,Spawning and rearing,1.0,Rearing and migration,1.0,1386.9147065443465,27.5100379249577,44.78070283472426,UGR,August/September,35.79799151058922,117.44747870928221,DA+PPT+SLOPE,1,0.6333455986100242,2.077905507250735,DA+PPT,1,1.70003572146582,5.57754501793248,DA+PPT,1,27.431070212862647,89.9969495172659,DA+PPT+SLOPE,1,0.0,0.0,1.70003572146582,5.57754501793248,0.6274515937441978,0.6274515937441978,2.4489797928504977,7.085391519722491,0.1408010156665783,0.1996800730543292,0.4860886547107796,0.5844915572051195,-0.31536495921434887,-0.24456755737424749,-0.29926646774482535,2.8607573543685898e-05,12.282282607647957,12.282282607647957,981,0.3782234031327268,0.3126531567762918,0.6301158614443837,0.5444482247751848,0.4667985072423946,0.5611950430291965,0.5,0.08927758829118346,0.25829803448208505
23428454,Phillips Creek,17060104000049,100.2276,0.01260281,971.5710562671958,7.250574688953342,44.78576398460604,120.58825955410343,50.2795,1.6825,4.113270532987449,2.6270803000609124,0.001734957009960482,,,,Spawning and rearing,1.0,,,38.69809270552884,38.250828986897474,45.05103444011601,UGR,August/September,10.1510891527225,33.30409827008694,DA+PPT+SLOPE,0,0.39726936675583185,1.3033771875191333,DA+PPT,0,1.1676675732691244,3.8309303584945025,DA+PPT,0,6.57070241945052,21.55742263599252,DA+PPT+SLOPE,0,0.0,0.0,1.1676675732691244,3.8309303584945025,0.6597752854919188,0.6597752854919188,0.18992330747986128,0.44035282542525284,0.047212120765543215,0.07043104849438503,0.3399599603305731,0.4129727394263831,-0.3951380175413403,-0.31769574325467786,-0.23995411843843856,8.140435111582096e-06,4.487022967101806,4.215450608318583,981,0.2535465648107494,0.6234170545943405,0.38939453093253745,1.0985295604804641,0.29367228624177005,0.3969286519573199,0.5,0.02890456687212807,0.067017618104531
23428456,Phillips Creek,17060104000050,93.5289,0.01444513,992.6047431390191,7.173610515079724,46.59888944321825,124.75592685605683,50.031,1.263,3.9474831994647186,2.5778943758015966,0.0017397982962311775,,,,Spawning and rearing,1.0,,,36.111710176100566,39.078926895236975,44.9124989271435,UGR,August/September,10.05916576144778,33.00251234070794,DA+PPT+SLOPE,0,0.3975957251065222,1.304447917016149,DA+PPT,0,1.168519433699165,3.833725176178363,DA+PPT,0,6.547930953951207,21.482713103514456,DA+PPT+SLOPE,0,0.0,0.0,1.168519433699165,3.833725176178363,0.659744019962202,0.659744019962202,0.17074946852661246,0.37759251222521645,0.04374748038698678,0.06604043194300765,0.3319151797552306,0.4042065080379589,-0.39262912101569597,-0.3260985217806102,-0.23752487681670695,8.338852710826915e-06,4.664122316640244,3.802899644564037,981,0.2537381006037393,0.6507080655719226,0.3774324071348351,1.1049583414678354,0.2933005673028777,0.38200803294965874,0.5,0.02607685843473615,0.05766592758547132
23428458,Phillips Creek,17060104000051,59.2515,0.01264715,1015.6827201010102,7.0883823927060075,39.65749460335889,108.6645684502947,53.6265,1.2795,3.781111471549058,3.473549327739431,0.002203693147094576,,,,Spawning and rearing,1.0,,,22.87713204687773,39.9875086653941,44.759088306870815,UGR,August/September,8.168727482591121,26.80028701637507,DA+PPT+SLOPE,0,0.3699968365753149,1.213900382464944,DA+PPT,0,1.1026428012322114,3.6175944922316643,DA+PPT,0,5.10021140496389,16.73297705040646,DA+PPT+SLOPE,0,0.0,0.0,1.1026428012322114,3.6175944922316643,0.6644454249718579,0.6644454249718579,0.1457565462414998,0.34859360048529325,0.045093666012795436,0.06783114284587331,0.33354131357226807,0.4078273788490595,-0.41164453019424774,-0.30524316820533715,-0.2380186355876196,6.919443919256541e-06,3.2401963299350602,3.1464708164933364,981,0.2386960470137823,0.5982673219252749,0.3655635680825206,1.0685268357937798,0.26699024017418643,0.4088587228260672,0.5,0.02857853031339821,0.06834885317616778
23428460,Phillips Creek,17060104000052,48.4245,0.02087241,1074.0682217907256,6.9395800116662025,45.79467472557035,122.91028490791211,50.569500000000005,1.1520000000000001,3.7792171865844897,2.9794555669138236,0.002500238511888884,,,,Spawning and rearing,1.0,,,18.69680397633867,42.286150464201796,44.49124402099916,UGR,August/September,7.996163592960805,26.234132522837285,DA+PPT+SLOPE,0,0.36929096302080006,1.211584524346457,DA+PPT,0,1.1011336137480332,3.6126430897245183,DA+PPT,0,5.074441695018153,16.64843075793357,DA+PPT+SLOPE,0,0.0,0.0,1.1011336137480332,3.6126430897245183,0.6646265644694931,0.6646265644694931,0.09638247426094332,0.19512784735899438,0.03324796228905196,0.05313767062048943,0.3026311546917289,0.37595353333207704,-0.4027613689384839,-0.334758023835794,-0.2292326449366701,7.610804929204141e-06,3.745280770064923,2.213939473504352,981,0.23833596852669595,0.6979313367290543,0.330194622931219,1.0989793656374909,0.26356438164012336,0.3542355084437099,0.5,0.018993710057909837,0.03845306717201258
23428462,Phillips Creek,17060104000053,13.464,0.04013145,1177.076155895722,6.789818837165775,41.39915992219162,112.7376519747613,31.055,,2.560279529109198,2.496436227573264,0.0033207139493653505,,,,Spawning and rearing,1.0,,,5.1984794626154915,46.34158094077646,44.221673906898396,UGR,August/September,4.929649771496676,16.17339163876862,DA+PPT+SLOPE,0,0.30722891949017356,1.0079688959651363,DA+PPT,0,0.9493612897807717,3.1147023942938703,DA+PPT,0,2.8940152440588798,9.494800669484514,DA+PPT+SLOPE,0,0.0,0.0,0.9493612897807717,3.1147023942938703,0.6763835614562297,0.6763835614562297,0.030605636504165017,0.05433647014196645,0.0195792490361735,0.035284376822614844,0.2513202368130781,0.32799016188087393,-0.4302267394652113,-0.33358724478941953,-0.2166067667091956,3.903837547994064e-06,2.1229864881103513,1.0123458494234565,981,0.2039934056393089,0.7445803223257048,0.27014885390406235,1.141222374595309,0.1960557723989655,0.3249084319666878,0.5,0.010575492498526153,0.018775460928726524
23428464,Grande Ronde River,17060104000054,3340.2627,0.00085654,686.9743978707902,7.096308656177509,43.584889073510496,117.81458346847855,30.8155,4.531499999999999,2.745462343765273,3.410225843181208,0.001382689730938956,5.474158394435375,3.231253856354762,0.00226510551734038,Spawning and rearing,1.0,Rearing and migration,1.0,1289.6826385688184,27.046236136645284,44.77335558111952,UGR,August/September,33.702303643128865,110.5718623462233,DA+PPT+SLOPE,1,0.6177323906502912,2.0266810716873067,DA+PPT,1,1.6660220104232628,5.46595147776661,DA+PPT,1,25.293155255361878,82.9827928325521,DA+PPT+SLOPE,1,0.0,0.0,1.6660220104232628,5.46595147776661,0.6292171491219659,0.6292171491219659,2.325929889225707,6.916289881064057,0.1410563365302013,0.20618470300186892,0.4850806246599325,0.5907705177627331,-0.3215870348852661,-0.23824143432954836,-0.2991151942549843,2.637779837123432e-05,10.256155317137168,10.256155317137168,981,0.3701177588479541,0.28696298575695756,0.6145822718365764,0.49510982687427846,0.4570147587656911,0.5681422261733148,0.5,0.09195886656856048,0.27344512028003615
23428466,Grande Ronde River,17060104000055,3177.8262,0.0002939,679.6928018483521,7.114993772921881,30.37665707846787,86.48861162485692,28.668,4.0175,2.7400685574149266,3.3488926128619165,0.0013731307268605932,5.519961384799374,3.178995093354921,0.0022743210039377114,Rearing and migration,1.0,Rearing and migration,1.0,1226.9655552927384,26.75955912788788,44.806988791259386,UGR,August/September,29.954651254103617,98.27641487566802,DA+PPT+SLOPE,1,0.6076462994337162,1.9935902212392262,DA+PPT,1,1.643965181306756,5.393586552843687,DA+PPT,1,21.636015273330237,70.9843020778551,DA+PPT+SLOPE,1,0.0,0.0,1.643965181306756,5.393586552843687,0.6303776343056671,0.6303776343056671,2.0796896949828736,6.679718942739976,0.1377757180010974,0.2233944417565134,0.4784006351202088,0.6067700291964704,-0.3255638759431485,-0.24076342755537875,-0.29589697850037533,1.6538526315520653e-05,5.809813187490337,5.809813187490337,981,0.3648667600282761,0.19183473046461694,0.6045476148399971,0.3207923189517905,0.4432968027415441,0.5563640672585703,0.5,0.09612165958980513,0.3087314765844971
23428468,Willow Creek,17060104000056,216.7092,0.00060779,648.8394381864834,8.107769395062133,16.09183144477498,50.201755347831465,26.305,2.021,3.03528027386354,6.669700585933414,0.003037289259923869,,,,Spawning and rearing,1.0,,,83.67188989600662,25.5448597711214,46.59398491111184,UGR,August/September,9.084702195290292,29.805453396621694,DA+PPT+SLOPE,0,0.3534116246924719,1.1594869576524667,DA+PPT,0,1.0610828608226455,3.4812429817015924,DA+PPT,0,4.9391368569764325,16.204517247298007,DA+PPT+SLOPE,0,0.0,0.0,1.0610828608226455,3.4812429817015924,0.6669330570296124,0.6669330570296124,0.23106166652606874,0.8365915766715192,0.05472209830645962,0.09354240377347088,0.34456867103056205,0.4539445871766541,-0.3801098673074566,-0.18950260607637173,-0.37566542830971195,3.3770064545549937e-06,1.0640252457870822,1.0640252457870822,981,0.2293291004163611,0.20326000779932327,0.35160940746563407,0.33307138545666104,0.28096672822328556,0.5742086685788007,0.3,0.04678179066848467,0.1693801165865348
23428470,Willow Creek,17060104000057,206.6427,0.00065684,652.8110825620179,8.084223174486922,16.280135116746788,50.7042779665266,21.572,1.61,3.319629978209668,3.6030927948807756,0.0028046911193505427,,,,Spawning and rearing,1.0,,,79.78519251703908,25.70122372291409,46.55160171407646,UGR,August/September,8.975382266188856,29.44679221190569,DA+PPT+SLOPE,0,0.35162333455537775,1.1536198640268298,DA+PPT,0,1.056764603806281,3.4670754718053836,DA+PPT,0,4.878208154932591,16.004619930881205,DA+PPT+SLOPE,0,0.0,0.0,1.056764603806281,3.4670754718053836,0.6672642769365174,0.6672642769365174,0.2264068166262567,0.8162637164284285,0.05440986859587438,0.09289774126536766,0.3439726455977238,0.45289937170572403,-0.38201670331595244,-0.18812889669452268,-0.3754445313936504,3.3803276438339493e-06,1.077587021620375,1.077587021620375,981,0.22834623310031626,0.20904886261588854,0.3498302367623621,0.3431615544241088,0.2785372964022898,0.5768262296660279,0.3,0.04641188105048897,0.16732859494793492
23428472,Willow Creek,17060104000058,190.9026,0.0005941,659.098583050091,8.045227183956367,15.409489926042111,48.373625270662515,20.777,1.6,2.887369078865878,3.545587471193857,0.0030458546206748034,,,,Spawning and rearing,1.0,,,73.70790593136513,25.948763112208308,46.481408931121464,UGR,August/September,8.626179606415795,28.301114194277538,DA+PPT+SLOPE,0,0.3485326806054949,1.1434799232463744,DA+PPT,0,1.0492879483983732,3.4425457624618545,DA+PPT,0,4.656353678726169,15.276750914455933,DA+PPT+SLOPE,0,0.0,0.0,1.0492879483983732,3.4425457624618545,0.667838860498214,0.667838860498214,0.2158288340871393,0.786788458871432,0.05392780285297064,0.09317593407796841,0.3426492298998381,0.45335100734301403,-0.3819719236177488,-0.18963132243471448,-0.37446895109456607,2.683878531280925e-06,0.982224181165722,0.982224181165722,981,0.22664206116135244,0.20036118100574557,0.3467553436321393,0.3283413168384932,0.27715328181685644,0.5730618990215247,0.3,0.04635146919213045,0.168970940172799
23428474,Willow Creek,17060104000059,160.8201,1e-05,677.1367113514486,7.935941786966186,3.956765167560378,15.10425742702622,19.571,1.667,3.120056979889033,4.85822112500672,0.0031477531448631676,,,,Spawning and rearing,1.0,,,62.092987747011996,26.658925643757822,46.284695216539134,UGR,August/September,5.746548415374587,18.85350529978539,DA+PPT+SLOPE,1,0.3433367404834274,1.1264328756017958,DA+PPT,0,1.036723224663414,3.4013229155623814,DA+PPT,0,2.7653921120554568,9.072808766586144,DA+PPT+SLOPE,1,0.0,0.0,1.036723224663414,3.4013229155623814,0.6688250708428991,0.6688250708428991,0.06958060627863467,0.2574334966476703,0.026467028053987637,0.04479345465591175,0.2737671046268503,0.35514430331531044,-0.326669710583804,-0.3252508504118222,-0.3216124109503862,7.15871539291012e-07,0.10762402248437228,0.10762402248437228,981,0.2237960016521118,0.03540939671589381,0.3415858997366619,0.054822493833688306,0.28902404632493367,0.2912069081279826,0.3,0.025161208052668124,0.09309113724792015
23428476,Willow Creek,17060104000060,160.4808,0.00060014,677.6171939557349,7.933701827043558,14.725794285639612,46.53014559783166,18.465,1.833,3.553628014487342,3.752999500847928,0.0031132273346538087,,,,Spawning and rearing,1.0,,,61.96198328461854,26.677842281721848,46.280663288678404,UGR,August/September,8.08977478224305,26.541255847254096,DA+PPT+SLOPE,0,0.34335777635188525,1.1265018909182587,DA+PPT,0,1.0367767912711343,3.401498659026031,DA+PPT,0,4.340634786609097,14.2409277775889,DA+PPT+SLOPE,0,0.0,0.0,1.0367767912711343,3.401498659026031,0.6688218918067086,0.6688218918067086,0.19862703865013862,0.7245365723409088,0.05307581306338662,0.09207500236449152,0.3406570674016114,0.45155838684924865,-0.3845855276612859,-0.18902881286181825,-0.3733098464135091,2.473930362083672e-06,0.9077032038856394,0.9077032038856394,981,0.22380119982522145,0.20025235174807704,0.34160682819424387,0.32842595164603966,0.27255172274079,0.5734082070476634,0.3,0.04575990573150846,0.16691949633176043
23428478,Willow Creek,17060104000061,152.9046,1e-05,688.2673275372586,7.881323336724022,3.914468078773142,14.965916012936741,17.5295,2.0905,3.966501075286378,3.1148283275641733,0.0030346242015494695,,,,Spawning and rearing,1.0,,,59.036796111069265,27.097138879419628,46.18638200610324,UGR,August/September,5.663175856578447,18.579973282737686,DA+PPT+SLOPE,1,0.34369443259473303,1.127606406150699,DA+PPT,0,1.0376476051810946,3.404355660042961,DA+PPT,0,2.730055053823043,8.956873536164839,DA+PPT+SLOPE,1,0.0,0.0,1.0376476051810946,3.404355660042961,0.6687753810844578,0.6687753810844578,0.06863189431557137,0.2543305445217135,0.026484780642729994,0.044905035699166415,0.27384245084179487,0.35543894839642093,-0.32655423449296317,-0.32531145623740576,-0.321649528626901,5.814632600995293e-07,0.10622969417836217,0.10622969417836217,981,0.22399852495365288,0.03538696728630968,0.34194176778269403,0.05485172670542143,0.28925939441363674,0.2911713609606481,0.3,0.02513938106100184,0.09315949294339715
23428480,Willow Creek,17060104000062,104.013,0.0001199,758.2168418016354,7.700428221652601,8.084142576794623,27.845553533878224,19.239,2.115,4.049997543079512,3.397673725725614,0.003032508726479998,,,,Spawning and rearing,1.0,,,40.15964381647542,29.851056763843914,45.860770798974684,UGR,August/September,6.146256187395085,20.16488250457705,DA+PPT+SLOPE,1,0.3402277078283338,1.1162326372320661,DA+PPT,0,1.0294944279354807,3.377606390864438,DA+PPT,0,3.169376462821267,10.398216741539589,DA+PPT+SLOPE,1,0.0,0.0,1.0294944279354807,3.377606390864438,0.6695196218685546,0.6695196218685546,0.12426293398728087,0.4758659386480653,0.04303258811885321,0.07741596547638312,0.31743939121261705,0.4261967936526186,-0.3560938781213763,-0.24866003365210068,-0.3522135001076698,1.4767729850970013e-06,0.3436412453239773,0.3436412453239773,981,0.222135870205413,0.10297303026155567,0.3384927213123612,0.1651588552566394,0.28340304981417347,0.4486858874592129,0.3,0.03920737578667648,0.15014497148895536
23428482,Willow Creek,17060104000063,101.8548,0.00260657,764.3635283714028,7.674014822017292,21.659217910506296,64.74311257034131,19.373,2.0385,,,,,,,,,,,39.32635813790912,30.093052298086725,45.81322667963113,UGR,August/September,7.909661827560141,25.95033407992172,DA+PPT+SLOPE,0,0.34066444805794716,1.117665512001139,DA+PPT,0,1.0305872287096074,3.381191695241494,DA+PPT,0,4.432002108715935,14.540689333057529,DA+PPT+SLOPE,0,0.0,0.0,1.0305872287096074,3.381191695241494,0.6694462743493423,0.6694462743493423,0.15353036908777634,0.5140780569274487,0.043880380515417594,0.07262779757054143,0.32329598619247973,0.4172224075486427,-0.3969075957447473,-0.1976183323122263,-0.3615936914276087,3.5707608952106443e-06,1.590785863311883,1.590785863311883,981,0.2223824916597993,0.3489886184787194,0.33892723513699957,0.5933403875498036,0.25011988051444245,0.5567187473337056,0.3,0.03464131228318798,0.11599228617614317
23428484,Willow Creek,17060104000064,100.6452,0.00268608,767.8029960836676,7.659223514305371,21.830231194134868,65.18051596057555,15.996,1.985,4.174024163171565,3.575357570494883,0.003014515353473955,,,,Spawning and rearing,1.0,,,38.859328966936175,30.22846441274282,45.78660232574967,UGR,August/September,7.90478656164948,25.934339113023228,DA+PPT+SLOPE,0,0.34088887195169343,1.118401810865136,DA+PPT,0,1.0311497797639129,3.383037335183441,DA+PPT,0,4.43586103116573,14.553349839782577,DA+PPT+SLOPE,0,0.0,0.0,1.0311497797639129,3.383037335183441,0.6694089659508615,0.6694089659508615,0.1521932631437835,0.5074383066990881,0.043576327465153046,0.0720634206802353,0.32265782259662257,0.4161388772180266,-0.396743508474709,-0.19856138135427487,-0.36111878270586306,4.2533720280404394e-06,1.6107581436822167,1.6107581436822167,981,0.22251033672611548,0.35308502702143085,0.33915051321147455,0.6007645279393609,0.2499497109057853,0.5548452910910686,0.3,0.03430974552054162,0.11439454553104766
23428486,Willow Creek,17060104000065,90.1116,0.00337248,784.2530602643053,7.62980174137824,23.044387866837525,68.27206910224393,15.947,1.986,4.284180251949182,3.6174389546622305,0.0030220172465276387,,,,Spawning and rearing,1.0,,,34.792283269713465,30.876104734815172,45.73364313448083,UGR,August/September,7.744120517541355,25.407219545739352,DA+PPT+SLOPE,0,0.33844140835640235,1.1103720746601127,DA+PPT,0,1.0252339393732723,3.3636284100172977,DA+PPT,0,4.3613139335778435,14.308772747958804,DA+PPT+SLOPE,0,0.0,0.0,1.0252339393732723,3.3636284100172977,0.6698886026312274,0.6698886026312274,0.1377167680041385,0.4502550969217296,0.04069784492992566,0.06680445326705614,0.31602221295937827,0.40575928945168405,-0.3973253408687024,-0.20541497473509554,-0.3565618394662763,4.3531742410499226e-06,1.7027177382870866,1.7027177382870866,981,0.22116602340064795,0.3812348806669798,0.3367155305897584,0.6529260286052178,0.24483932747711903,0.5400860446057449,0.3,0.03157689863686591,0.10323840562249063
23428488,Willow Creek,17060104000066,30.15,0.00808641,690.3095060734656,7.738419008271193,19.904991284336862,60.226759812933,26.081,,3.704470552094402,3.221877975205313,0.0039193544513519245,,,,Spawning and rearing,1.0,,,11.640980080054742,27.177539609191562,45.92915421488814,UGR,August/September,4.722123579540834,15.492531428939742,DA+PPT+SLOPE,0,0.2527426336630749,0.829208115692503,DA+PPT,0,0.8095548254645744,2.6560197685845615,DA+PPT,0,2.294411913940363,7.5275981428489604,DA+PPT+SLOPE,0,0.0,0.0,0.8095548254645744,2.6560197685845615,0.6878004729104851,0.6878004729104851,0.039903610578985164,0.12357013305302371,0.021222696438514977,0.03786021315122311,0.25294264775672115,0.3357847885803691,-0.4423096389228563,-0.21104655657131816,-0.3254211080673105,2.071098168145618e-06,0.9128353346382532,0.9128353346382532,981,0.17283665661237854,0.4390256846646933,0.25145377515195816,0.7686940273916071,0.1460248915233761,0.501814248987281,0.3,0.01739165070427818,0.05385699590480577
23428490,Willow Creek,17060104000067,29.6352,0.00817919,693.7782866503005,7.717568561089195,19.90598253591747,60.229327589969934,21.1645,,3.7294070063854496,3.1132939623074765,0.00391691744279414,,,,Spawning and rearing,1.0,,,11.442214688837092,27.31410577363388,45.89162340996055,UGR,August/September,4.70177108903192,15.425758166115223,DA+PPT+SLOPE,0,0.25274142507742187,0.8292041505164759,DA+PPT,0,0.8095642247546044,2.6560506061502767,DA+PPT,0,2.2860365726062,7.500119988865485,DA+PPT+SLOPE,0,0.0,0.0,0.8095642247546044,2.6560506061502767,0.6878055905273817,0.6878055905273817,0.03949202840144574,0.12193097579763373,0.02111598509119062,0.03761590288635918,0.25255097724336745,0.3350609613166083,-0.4421368187150775,-0.21155881536578133,-0.3251883808279505,1.7225297286395468e-06,0.9133077179074397,0.9133077179074397,981,0.1728373428388157,0.440829890063788,0.25145257308401414,0.7724246684732909,0.14591017740793583,0.5006455671760837,0.3,0.017275326595682056,0.053337281327317576
23428492,Willow Creek,17060104000068,25.6275,1e-05,718.3154430562986,7.575644165791925,2.2326992306213715,9.254195500712802,20.893,,,,,,,,,,,,9.894833068046532,28.280135553397585,45.636159498425464,UGR,August/September,2.5557763461523737,8.385092999187577,DA+PPT+SLOPE,1,0.25149017178394917,0.8250989887924841,DA+PPT,0,0.8064124522852709,2.6457101452928833,DA+PPT,0,1.0396333269765172,3.410870495329781,DA+PPT+SLOPE,1,0.0,0.0,0.8064124522852709,2.6457101452928833,0.6881370431827314,0.6881370431827314,0.0068823229391541015,0.026738625004475266,0.006209633550236366,0.011046970446908014,0.1665661722501974,0.22271410907439815,-0.3164357402715708,-0.2848409600455114,-0.3925136661326815,1.3437507885226417e-07,0.028089419340756993,0.028089419340756993,981,0.17213428386120838,0.027088719904773302,0.25020770187228936,0.04392136350409382,0.2175600241283387,0.27500507908481037,0.1,0.006619952208697862,0.025719284204015543
23428494,Dry Creek,17060104000069,59.6556,0.00851528,833.2774109148393,7.56796957775934,28.13005468536132,80.98225569951192,14.212,1.845,4.056846517658039,3.250987592951998,0.0031833385831932116,,,,Spawning and rearing,1.0,,,23.033155929144733,32.80619728011178,45.62234523996681,UGR,August/September,7.150353420086216,23.45916476406239,DA+PPT+SLOPE,0,0.3255139273307955,1.0679590791692766,DA+PPT,0,0.9936761181884686,3.260092251274503,DA+PPT,0,4.056906350894371,13.31006020634636,DA+PPT+SLOPE,0,0.0,0.0,0.9936761181884686,3.260092251274503,0.6724144604338212,0.6724144604338212,0.13290950821158715,0.3775244369020416,0.04546150570862678,0.0703195177559928,0.33105485641909543,0.41275463728152306,-0.4458752856504103,-0.27032164198695835,-0.23834156665400458,4.059111468129664e-06,2.102201223260462,2.102201223260462,981,0.2140236374787399,0.5178851081831227,0.3238539732985998,0.9077246292901434,0.22209062606447263,0.4561621509490751,0.5,0.03276129560700517,0.09305722248649244
23428496,Dry Creek,17060104000070,53.9865,0.01218177,863.3092789039127,7.453617162037176,30.899585654525744,87.7617458890284,13.297,3.024,3.955810220947168,3.9170154414314533,0.003188428976410691,,,,Spawning and rearing,1.0,,,20.844304182151753,33.98855428755562,45.41651089166692,UGR,August/September,7.169609154437084,23.52233974552849,DA+PPT+SLOPE,0,0.3268575387543887,1.0723672531311965,DA+PPT,0,0.9970961265611407,3.2713127511848445,DA+PPT,0,4.126616786715643,13.538768985287543,DA+PPT+SLOPE,0,0.0,0.0,0.9970961265611407,3.2713127511848445,0.6721905440735395,0.6721905440735395,0.10463197303315122,0.26448865571450436,0.037211499939405035,0.056737963168388916,0.3113446582083717,0.3842594708306005,-0.43727602632179696,-0.29371889874166823,-0.23179357499712985,4.542048542824058e-06,2.4303990968065508,2.4303990968065508,981,0.2147842331739068,0.589662868561677,0.3251907326819984,1.0423186923434566,0.22063369838388322,0.41204320182405496,0.5,0.025355388794515946,0.06409334071579972
23428498,Dry Creek,17060104000071,46.9035,0.01450626,900.1152765338426,7.325682455306533,31.66995935703241,89.63169303628914,12.481,3.3945,3.9698692125971284,3.1261487131286905,0.0034318633791136036,,,,Spawning and rearing,1.0,,,18.10954259319561,35.43760931235601,45.18622841955176,UGR,August/September,6.97143279609882,22.872154842843894,DA+PPT+SLOPE,0,0.327019342839302,1.0728981064281562,DA+PPT,0,0.9976232827205138,3.2730422661434178,DA+PPT,0,4.044488273512626,13.269318482652972,DA+PPT+SLOPE,0,0.0,0.0,0.9976232827205138,3.2730422661434178,0.6722015729749993,0.6722015729749993,0.08721172736486592,0.20131016914125122,0.03288638660584053,0.0506892103351729,0.29951942385881924,0.37008814635994974,-0.4328016849100833,-0.3060041197863125,-0.22830780869776363,5.585891734784133e-06,2.5385691259985386,2.3380601144682442,981,0.2149043361679926,0.6299311200570759,0.3192845390815952,1.093144428798324,0.21954236889238693,0.3886057890574146,0.5,0.021563105507318676,0.049773952976853095
23428500,Dry Creek,17060104000072,43.5429,0.0141755,918.0177271237095,7.265776625948202,30.953826685611915,87.89362414652442,10.758,3.209,3.9569235149564608,3.46741463684327,0.0033287602094636244,,,,Spawning and rearing,1.0,,,16.81200767919787,36.14243020172085,45.078397926706764,UGR,August/September,6.7944831843801,22.29161149731004,DA+PPT+SLOPE,0,0.3265973442909608,1.0715135967551208,DA+PPT,0,0.9966440775484398,3.269829650749474,DA+PPT,0,3.9422045154849408,12.933741848703873,DA+PPT+SLOPE,0,0.0,0.0,0.9966440775484398,3.269829650749474,0.6723029297536891,0.6723029297536891,0.08610430813300647,0.19951643886158643,0.033261715222669457,0.051366179818626206,0.3005481109507273,0.3717284115750242,-0.4335124464798119,-0.30461177758729824,-0.22861406071022045,4.519335017659644e-06,2.4569606648928146,2.2833629740760726,981,0.21467693365228255,0.6256082100994057,0.3195009480386459,1.0899813368468565,0.2192271545543079,0.3910947130776595,0.5,0.021841664427806724,0.05061037246492104
23428502,Dry Creek,17060104000073,38.1834,0.01983364,942.5229716403196,7.204723818809222,33.67834986825087,94.47643618404871,10.125,3.041,4.079082419069197,3.431581940420338,0.0029336350614580036,,,,Spawning and rearing,1.0,,,14.742693160489628,37.1072036078866,44.9685028738566,UGR,August/September,6.671187706343157,21.887098774091722,DA+PPT+SLOPE,0,0.32405850674339265,1.0631840772421017,DA+PPT,0,0.9904631548386356,3.249551032935156,DA+PPT,0,3.895920187352909,12.781890378454426,DA+PPT+SLOPE,0,0.0,0.0,0.9904631548386356,3.249551032935156,0.6728212400831936,0.6728212400831936,0.06167047501448818,0.12709539135010114,0.025936294901460717,0.04192011303949531,0.27742748940160294,0.34738213635288767,-0.4271465776458148,-0.3244109114330251,-0.22250621601969936,4.7531777207759645e-06,2.684300482852992,1.916451663957878,981,0.21327476105704932,0.6954092765239478,0.300206499658184,1.1351337704699849,0.21467426217341487,0.35165515045713464,0.5,0.015829501644999126,0.032622688668695846
23428504,Dry Creek,17060104000074,34.641,0.01949206,956.7652666963158,7.18072403768927,32.95901071914229,92.74611770483807,10.412500000000001,1.579,3.6076703381514936,3.1069859412666876,0.003432456410359957,,,,Spawning and rearing,1.0,,,13.374964874068867,37.66792388568173,44.92530326784069,UGR,August/September,6.421020761145984,21.066341079875276,DA+PPT+SLOPE,0,0.3212367301434132,1.0539262799980746,DA+PPT,0,0.9835377665837834,3.226829942860182,DA+PPT,0,3.734034631964631,12.250769789910207,DA+PPT+SLOPE,0,0.0,0.0,0.9835377665837834,3.226829942860182,0.6733864818844775,0.6733864818844775,0.060635458252514464,0.12544771946874192,0.026373788234407797,0.042385947351412726,0.27876781649377497,0.3486641524410389,-0.4296836003124917,-0.321107487226173,-0.22283512422692744,5.369570463641071e-06,2.528777140025318,1.8872078498448246,981,0.21171498959122842,0.6853977089701718,0.3001912476936466,1.1341118633409155,0.2118790935018699,0.35664724428362815,0.5,0.016238590219130246,0.03359575682423134
23428506,Dry Creek,17060104000075,32.985,0.02328767,965.4119882730149,7.16449804578172,34.64276121141523,96.78795094693633,8.329,1.769,3.5247596385629127,3.1432840691272776,0.003550516728465408,,,,Spawning and rearing,1.0,,,12.735579699522576,38.00834599500059,44.896096482407096,UGR,August/September,6.4027123713144585,21.00627418410255,DA+PPT+SLOPE,0,0.32012985849177145,1.0502948113247095,DA+PPT,0,0.9808272481994303,3.2179371660086296,DA+PPT,0,3.73630955121919,12.258233435758497,DA+PPT+SLOPE,0,0.0,0.0,0.9808272481994303,3.2179371660086296,0.6736123929270368,0.6736123929270368,0.050303227492286266,0.09815005834595761,0.022855434895572534,0.03819508336840616,0.26598340275063004,0.3367718795590153,-0.4261779127786187,-0.3311533803710874,-0.2198132719547213,5.599948466352932e-06,2.6655607523458493,1.4931613887179291,981,0.21110380525734562,0.7241370052830338,0.2852247195665854,1.116215291445672,0.20981907366549526,0.3365184502088704,0.5,0.013463345796889846,0.0262692523198273
23428508,Dry Creek,17060104000076,28.3959,0.02120113,978.7641352409115,7.174710581781877,32.90150213431216,92.60755184000514,6.841,1.779,3.349365122501092,3.101721887635903,0.0034684809231320833,,,,Spawning and rearing,1.0,,,10.963718283755439,38.53402107247683,44.91447904720738,UGR,August/September,5.974062672271145,19.599943150495882,DA+PPT+SLOPE,0,0.31392833624607586,1.02994860973122,DA+PPT,0,0.9654948792555801,3.1676341182925856,DA+PPT,0,3.443448781033358,11.297404137248549,DA+PPT+SLOPE,0,0.0,0.0,0.9654948792555801,3.1676341182925856,0.6748524067904719,0.6748524067904719,0.05297862382122825,0.10776320921882797,0.025107073294090888,0.0408385022674147,0.2739331013663961,0.3443683809108089,-0.433388826644829,-0.3198645509170902,-0.22163954914398987,4.813958643766284e-06,2.316214238252977,1.5040910347927268,981,0.20764685028304877,0.6856707785979169,0.2862588300793788,1.0996742518772704,0.2039402977905983,0.3553059987609167,0.5,0.015385338127587796,0.03129513928372964
23428510,Dry Creek,17060104000077,20.9133,0.01083769,1002.7346438140036,7.175664302943582,24.934119289290404,73.03784302977172,5.1935,,3.200403509968811,3.2607898821543504,0.0037073419114574072,,,,Spawning and rearing,1.0,,,8.074670272245733,39.47774188244109,44.916195745298445,UGR,August/September,4.972063159184254,16.312543173176685,DA+PPT+SLOPE,0,0.3008795765245555,0.9871377182564156,DA+PPT,0,0.9330229645915056,3.061098965195228,DA+PPT,0,2.754687751078463,9.037689472042201,DA+PPT+SLOPE,0,0.0,0.0,0.9330229645915056,3.061098965195228,0.6775217889130027,0.6775217889130027,0.045630530046619044,0.12111653419329062,0.023332435962080934,0.03787421806006787,0.2644270056986285,0.3358261869704919,-0.40770205933625586,-0.2422418668892833,-0.32672363781237984,2.5083745546131636e-06,1.4063317931570367,1.3519494235776124,981,0.2003432774068495,0.522677582358167,0.29669498894821933,0.9342101671690931,0.19519230439973106,0.4497464466258426,0.3,0.016564683249037808,0.04396742757718125
23428512,Dry Creek,17060104000078,13.1292,0.04271971,1058.2622171168084,7.111909295585413,35.37724585748747,98.54216056997797,3.968,,2.648336582263815,2.654030142376204,0.004215086497303583,,,,Spawning and rearing,1.0,,,5.069212459935481,41.663866815622384,44.801436732053745,UGR,August/September,4.634421218311061,15.204794023330253,DA+PPT+SLOPE,0,0.285216104038601,0.9357483728300556,DA+PPT,0,0.8937448788673094,2.93223385455154,DA+PPT,0,2.5953130734536844,8.514806671435972,DA+PPT+SLOPE,0,0.0,0.0,0.8937448788673094,2.93223385455154,0.6808752578251742,0.6808752578251742,0.020386872614162523,0.03501544552130931,0.014533292118371755,0.02791549722596454,0.22682404539451204,0.3033531129477432,-0.43840684188361567,-0.3356640130682534,-0.2113958529297591,2.9912983461960057e-06,1.9182000568554858,0.8350689177657242,981,0.19153834071462952,0.7797042317520128,0.2506926724502689,1.1662536269508772,0.17081331413156967,0.30780375255205267,0.5,0.007855265255930343,0.013491800229986467
23428514,Grande Ronde River,17060104000079,2949.1371,0.00047709,682.2664509969311,7.03589421392166,34.82732243183214,97.2292475659459,26.205,3.583,2.5659143925878505,3.2406479708140257,0.001365368697059219,5.1176812282634385,2.7315494029715714,0.0025029973802003238,Rearing and migration,1.0,Rearing and migration,1.0,1138.668200147609,26.860883897516974,44.66460958505898,UGR,August/September,30.204506239427165,99.09614907948544,DA+PPT+SLOPE,1,0.6005434662584666,1.9702869627902444,DA+PPT,1,1.628447742043868,5.342676319041562,DA+PPT,1,21.96163602697034,72.05261163704179,DA+PPT+SLOPE,1,0.0,0.0,1.628447742043868,5.342676319041562,0.6312172317518011,0.6312172317518011,2.1088009115373905,6.659031970788931,0.14032261033550256,0.2204544271345914,0.4819452683045939,0.6040964379135447,-0.32858692550497526,-0.23312641226363778,-0.2979640518958845,1.9866512697570697e-05,6.9999368028118045,6.9999368028118045,981,0.36118511556573746,0.22916984949188415,0.5974810021915575,0.3878420113773074,0.4434987485434101,0.5707794328651933,0.5,0.0960220317351423,0.3032120176571181
23428516,Grande Ronde River,17060104000080,2941.6077,9.929e-05,682.36661287299,7.0336720592395405,21.03153626760535,63.13338582782761,20.6435,3.6675,2.608100004389546,3.397658771101024,0.0014161772795875378,5.084120486074041,2.760146247372909,0.002541187114573533,Rearing and migration,1.0,Rearing and migration,1.0,1135.7610825550796,26.864827278464176,44.66060970663118,UGR,August/September,26.458075448326895,86.8047094761381,DA+PPT+SLOPE,1,0.6003086629787086,1.9695166108225346,DA+PPT,1,1.6279342732651407,5.3409917101874695,DA+PPT,1,18.44828708882524,60.525876275673355,DA+PPT+SLOPE,1,0.0,0.0,1.6279342732651407,5.3409917101874695,0.6312451474010237,0.6312451474010237,0.9479600170110769,3.1934001523925253,0.07031454305467862,0.1207742237186327,0.38221105628358315,0.4943009193897753,-0.28289413994442414,-0.2517156319237051,-0.39507568507719204,1.1157036962584918e-05,3.208561799935264,3.208561799935264,981,0.3610596244718377,0.12491772287819568,0.5972473972933474,0.20302731208100464,0.43481622958317284,0.48278316499966356,0.3,0.051384717315315895,0.1731000898358134
23428518,Grande Ronde River,17060104000081,2889.7128,0.00025951,685.748315161693,7.00249932116003,28.545104850752015,82.00415659445964,17.424,3.124,2.8028988029699033,3.2226442863019704,0.0013868802305708997,5.593383137204015,2.7788998597016805,0.0022125263302233546,Rearing and migration,1.0,Rearing and migration,1.0,1115.7243496477352,26.99796516384618,44.60449877808806,UGR,August/September,28.513416811423525,93.54795541805618,DA+PPT+SLOPE,1,0.6002128171023512,1.9692021558476087,DA+PPT,1,1.627749203805732,5.340384526921692,DA+PPT,1,20.400734340883727,66.93154311313559,DA+PPT+SLOPE,1,0.0,0.0,1.627749203805732,5.340384526921692,0.6312621037079708,0.6312621037079708,1.9438506689434596,6.371105735450051,0.13514406557932346,0.22356258483526983,0.4749873093055496,0.6069222242611523,-0.327045193081621,-0.24365998894069885,-0.2941507523983567,1.627887978110981e-05,5.164875119680581,5.164875119680581,981,0.3610158213056341,0.18222942521524557,0.5971520400645397,0.30330684741104674,0.4390262471375451,0.5502065193254413,0.5,0.09528336757211335,0.3122978628608555
23428520,Grande Ronde River,17060104000082,985.8519,0.00011002,709.9947201833588,7.28980444581063,15.627674212908165,48.95942768851156,18.4985,3.285,3.898870591156049,3.1104403097272137,0.0017322295069242127,6.543140757758817,2.5197702119935363,0.00240934670389302,Rearing and migration,1.0,Rearing and migration,1.0,380.6395465931715,27.952548038714916,45.12164800245913,UGR,August/September,16.514534855346078,54.181544801004186,DA+PPT+SLOPE,1,0.5002559224733274,1.6412595881670846,DA+PPT,0,1.4052178829972288,4.610294891723192,DA+PPT,0,10.467879681397338,34.34343727492565,DA+PPT+SLOPE,1,0.0,0.0,1.4052178829972288,4.610294891723192,0.644001169835444,0.644001169835444,0.5109582438652416,1.8088324614394995,0.06227164852470723,0.1095224304003111,0.3645823717902194,0.47844757480782074,-0.308301678157465,-0.24666245115944438,-0.38276422215838335,6.3781756009857666e-06,1.6062158584706399,1.6062158584706399,981,0.3085876395840056,0.12180578596866817,0.4977048724800046,0.1953989581471317,0.38543114321699873,0.4802607232139536,0.3,0.04881200963489052,0.1727983618930975
23428522,Grande Ronde River,17060104000083,978.3018,1.423e-05,711.4501761771364,7.27927413620633,8.095730152846384,27.87972134849328,19.877,4.158,3.8957838069121298,3.227533462788572,0.0017189452513990508,6.6115706120198485,2.6234683861364063,0.0023354189166399854,Rearing and migration,1.0,Rearing and migration,1.0,377.72443668596014,28.009849455792775,45.1026934451714,UGR,August/September,13.882845096519747,45.5473920489493,DA+PPT+SLOPE,1,0.5001928407167968,1.6410526270236114,DA+PPT,0,1.405083662120674,4.609854534516646,DA+PPT,0,8.335132356501648,27.34623476542535,DA+PPT+SLOPE,1,0.0,0.0,1.405083662120674,4.609854534516646,0.644012058355399,0.644012058355399,0.2723254707413918,0.9547391334890251,0.04020918996825785,0.06876426715741644,0.3185206051467385,0.40968897124464493,-0.2873211897849137,-0.32488728587244387,-0.3475823343743845,3.2547688901988344e-06,0.5507518671976218,0.5507518671976218,981,0.3085591780503922,0.05141743538796982,0.49764211327679125,0.07971075953283605,0.3845049396531012,0.32671094567228554,0.3,0.03267200316608889,0.11454396794842743
23428524,Grande Ronde River,17060104000084,941.013,0.00011373,718.3685272263928,7.226164213969944,15.66336976847481,49.05515421513958,15.3905,4.057,3.894034933616019,3.234641928204026,0.0017059833847537713,6.622775577836774,2.619400610696345,0.002331709573825585,Rearing and migration,1.0,Rearing and migration,1.0,363.3271505165026,28.282225481354047,45.0070955851459,UGR,August/September,16.310535493050523,53.5122555546277,DA+PPT+SLOPE,1,0.49965384202256113,1.6392842586042031,DA+PPT,0,1.4039027150734045,4.605980036330067,DA+PPT,0,10.349547755044071,33.9552091700921,DA+PPT+SLOPE,1,0.0,0.0,1.4039027150734045,4.605980036330067,0.644096534141658,0.644096534141658,0.5075935802216727,1.7893304289786836,0.06264294115920242,0.10970783383157336,0.3652519147053465,0.4787174002489509,-0.30887904837042846,-0.24510949934186152,-0.3833685111285075,6.360432696040519e-06,1.6072778538664874,1.6072778538664874,981,0.3082769016645526,0.1234701816745271,0.4971058625337402,0.19821222145029121,0.3851446017197091,0.4832516002251967,0.3,0.04904500102183559,0.1728897214959577
23428526,Grande Ronde River,17060104000085,917.2584,1e-05,723.767647006289,7.186567894776263,7.141055488769852,25.039979938886283,15.271,3.732,3.936430514082634,3.191113001267221,0.0016928602896562725,6.585031668188264,2.6642140598403348,0.00242869751648977,Rearing and migration,1.0,Rearing and migration,1.0,354.15544818119025,28.494789252216105,44.93582221059727,UGR,August/September,13.204801233761613,43.32283869344361,DA+PPT+SLOPE,1,0.4996654393167369,1.6393223074696093,DA+PPT,0,1.40396147986551,4.606172834204429,DA+PPT,0,7.859257643052842,25.78496602051457,DA+PPT+SLOPE,1,0.0,0.0,1.40396147986551,4.606172834204429,0.6441031705765877,0.6441031705765877,0.24179618270800077,0.839249132496283,0.03774256262898278,0.06355048179137984,0.31245819272180614,0.39906130257309297,-0.28514849959358907,-0.3334394577915039,-0.34366947998592406,2.8453438716252277e-06,0.4468382046062572,0.4468382046062572,981,0.3082874331629075,0.04407211544568155,0.49711740066231813,0.068063775767101,0.3842075487645383,0.30991376692159234,0.3,0.030765778867389022,0.10678478434132183
23428528,Grande Ronde River,17060104000086,907.8048,4.475e-05,724.158844210865,7.1831997642674645,11.527297659946647,37.72960993024616,17.459,5.285,3.90689486096968,3.260845537178273,0.001703981907265251,6.564666472077969,2.654772619828444,0.0024829027528173097,Rearing and migration,1.0,Rearing and migration,1.0,350.5053928151934,28.51019071696319,44.92975957568144,UGR,August/September,14.90207240148973,48.89131365318153,DA+PPT+SLOPE,1,0.4988564034651596,1.6366679903712584,DA+PPT,0,1.4021277073672795,4.600156520233856,DA+PPT,0,9.22165086427865,30.254760053407644,DA+PPT+SLOPE,1,0.0,0.0,1.4021277073672795,4.600156520233856,0.6442147167879289,0.6442147167879289,0.3778035699639698,1.346402742107727,0.05120985177143918,0.0903409994949168,0.3428780030921117,0.4487057453241854,-0.2981622254903166,-0.28559881152587285,-0.36502911121237125,4.635340086602615e-06,0.9782861270065216,0.9782861270065216,981,0.30786138007547087,0.08385593945719576,0.49631249135204747,0.1322575863463469,0.38404680613161724,0.4033751353076845,0.3,0.040969190389482706,0.14600452369360517
23428530,Grande Ronde River,17060104000087,856.0134,1e-05,728.3161398350225,7.152858178113575,7.0228421973745006,24.684671571025273,18.099,6.9185,3.9287068265297505,3.194465030473139,0.00170143408264143,6.699830261759,2.687509825264131,0.0024029462608426795,Rearing and migration,1.0,Rearing and migration,1.0,330.50862148125816,28.67386377303238,44.87514472060443,UGR,August/September,12.8353403483406,42.11069668090747,DA+PPT+SLOPE,1,0.4951539394705486,1.624520798787889,DA+PPT,0,1.3937422298130762,4.572645110935289,DA+PPT,0,7.604539801280188,24.949277563255208,DA+PPT+SLOPE,1,0.0,0.0,1.3937422298130762,4.572645110935289,0.6447306188483957,0.6447306188483957,0.2328333190540673,0.8077939865381195,0.03743945446123125,0.06292885060278297,0.31151635555197305,0.3977558720250365,-0.2862058792342096,-0.3332602160736296,-0.34309445023092944,2.3990620845020213e-06,0.4282188581125175,0.4282188581125175,981,0.30589407767141186,0.043840095985773646,0.4926289088309664,0.06771658977259634,0.38180224888917685,0.3094109614439152,0.3,0.030617673802545015,0.10622522961904036
23428532,Grande Ronde River,17060104000088,41.1678,0.00025435,436.32232198518864,9.135263226935201,5.808824713330987,20.98262833912374,10.9025,2.575,3.6678295158193284,3.3601171944778945,0.0046635015364810475,3.388442597902105,1.4474972214247772,0.005841708266521776,Rearing and migration,1.0,Rearing and migration,1.0,15.894976442443703,17.178044172645222,48.44347380848336,UGR,August/September,3.210267989125758,10.532375292407343,DA+PPT+SLOPE,1,0.19871183890591737,0.6519417286939546,DA+PPT,1,0.6656949801627413,2.184038648827891,DA+PPT,1,1.2049271970054019,3.9531732185216595,DA+PPT+SLOPE,1,0.0,0.0,0.6656949801627413,2.184038648827891,0.7014971648767148,0.7,0.03337522932474269,0.13662528533600066,0.02432310143367099,0.05085796870912779,0.25517251460261076,0.37049839994774825,-0.42184342785441503,-0.23079145991300273,-0.32304201079891115,3.5275820978461954e-07,0.10450100866636342,0.10450100866636342,981,0.14055255466260672,0.10096472473456689,0.1976985098604014,0.1646388678450081,0.15642570352523405,0.4503518080504838,0.3,0.027698959246409197,0.11338883019285699
23428536,Grande Ronde River,17060104000090,1886.8698,0.00126126,675.2578815003291,6.833878673396847,41.87935756104858,113.85627577189946,16.289,1.562,2.771658013968323,3.214540020158325,0.0017238533300002064,5.320191714637771,2.5786605583599016,0.002186993893778152,Rearing and migration,1.0,Rearing and migration,1.0,728.524502668553,26.584955964579887,44.30098161211433,UGR,August/September,26.561191284328796,87.14301602470077,DA+PPT+SLOPE,1,0.5478521447264681,1.7974151729871002,DA+PPT,1,1.5120030486840053,4.960639923503954,DA+PPT,1,18.82144152494449,61.750136236694516,DA+PPT+SLOPE,1,0.0,0.0,1.5120030486840053,4.960639923503954,0.637664656031415,0.637664656031415,1.618865545824461,4.900936064699675,0.12735308973036183,0.1848440291836351,0.4676581748236435,0.5696417459300216,-0.344108170411552,-0.23744373654934156,-0.2910950033087446,1.8099562061023355e-05,7.829190987482421,7.829190987482421,981,0.3336434154224165,0.31376865735436,0.5450583803098122,0.5407330183908418,0.420754217816937,0.5629734629665509,0.5,0.08601177246062376,0.2603911107554834
23428538,Grande Ronde River,17060104000091,1792.9809,0.00228351,685.3850255564223,6.737957231683756,50.3398481755799,133.28250967704903,12.649999999999999,1.8,2.6302045715178046,3.44492016177596,0.001602175017972119,4.998023361430555,2.554613841491533,0.00250409337828431,Spawning and rearing,1.0,Rearing and migration,1.0,692.2737957153773,26.983662423481196,44.128323017030766,UGR,August/September,27.481284646099883,90.1616950331361,DA+PPT+SLOPE,1,0.5478555875314306,1.7974264682789718,DA+PPT,1,1.5120802009261727,4.960893047658047,DA+PPT,1,19.804225403989562,64.97449279524135,DA+PPT+SLOPE,1,0.0,0.0,1.5120802009261727,4.960893047658047,0.6376808669302987,0.6376808669302987,1.4907704696215904,4.244597829895371,0.11643625739758964,0.16378629189939473,0.45636767259419847,0.5471325050216607,-0.3406121768156839,-0.25787740500901907,-0.28507416077770736,2.3223088903596468e-05,10.118967974871111,10.118967974871111,981,0.33365983390766957,0.3857593293950264,0.545061804865873,0.6754761411763857,0.42241593533328864,0.5327289644088418,0.5,0.07527537377560219,0.21432788929176178
23428540,Grande Ronde River,17060104000092,1786.7088,0.00509472,686.2275210154581,6.729837955336762,65.11048799930919,166.1261579428214,15.714,2.6109999999999998,2.54246544888311,3.388117193750388,0.0015766007236473693,4.916428238551041,2.4864217236404205,0.0026051942938052066,Spawning and rearing,1.0,Rearing and migration,1.0,689.8521243667833,27.01683153604166,44.113708319606175,UGR,August/September,29.36155985095773,96.3305769388377,DA+PPT+SLOPE,1,0.5479297488291534,1.7976697796232064,DA+PPT,1,1.512251233598491,4.9614541784727395,DA+PPT,1,21.618602179738335,70.9271725057032,DA+PPT+SLOPE,1,0.0,0.0,1.512251233598491,4.9614541784727395,0.6376728041905297,0.6376728041905297,1.7236650863322975,4.362305509689223,0.13271956177204722,0.18480864580561768,0.4807742041160215,0.5696053961210259,-0.3718773267911059,-0.33184172291632646,-0.16356138852052043,2.9921392494686556e-05,14.374486078847822,14.374486078847822,981,0.33370382109477337,0.5022588280664103,0.5451355883851011,0.897977055627036,0.4224641560246785,0.46956486646559553,0.7,0.07973064456256904,0.20178480890766007
23428542,Grande Ronde River,17060104000093,1784.7927,0.00552816,686.4397945141277,6.727619824129514,66.8320774163533,169.87973732694817,14.117,2.476,2.6097057915767112,3.45020793582689,0.001423727343125525,5.008158228021127,2.3125122947361687,0.00264116370993056,Spawning and rearing,1.0,Rearing and migration,1.0,689.1123140208,27.02518876039873,44.10971568343312,UGR,August/September,29.55308031045316,96.95892490306154,DA+PPT+SLOPE,1,0.5479285103602333,1.7976657164049648,DA+PPT,1,1.5122499169444883,4.9614498587417595,DA+PPT,1,21.80731606445674,71.54631254743025,DA+PPT+SLOPE,1,0.0,0.0,1.5122499169444883,4.9614498587417595,0.6376733076849317,0.6376733076849317,1.6783792358878462,4.183971535193297,0.12923988870401154,0.17978359007117772,0.47695421016834066,0.5643952493186194,-0.3709520370924715,-0.3371207267808839,-0.16268734742263305,3.069503084539385e-05,14.879903614409688,14.879903614409688,981,0.333705297448214,0.5155214140748969,0.5451343562099757,0.923528672074057,0.4223442910205062,0.4621458325635504,0.7,0.07696404412753018,0.1918609113944407
23428544,Grande Ronde River,17060104000094,1776.6585,0.00375506,686.8844174038641,6.724057268037648,58.97889567238255,152.63807773896565,16.2475,2.428,2.515756999928406,3.1835669700578544,0.0013897721311027004,5.055098975912035,2.2694478006325842,0.0025551273641029808,Spawning and rearing,1.0,Rearing and migration,1.0,685.971681842784,27.042693598577326,44.10330308246777,UGR,August/September,28.56190312589212,93.7070312529269,DA+PPT+SLOPE,1,0.54768363737265,1.7968623273380906,DA+PPT,1,1.5117071216881406,4.9596690344099095,DA+PPT,1,20.85635203830195,68.42635183169931,DA+PPT+SLOPE,1,0.0,0.0,1.5117071216881406,4.9596690344099095,0.6377051946669104,0.6377051946669104,1.87534725253141,4.990334705594707,0.14517499275427093,0.20083106259472852,0.4937242984141656,0.5856124421945215,-0.3752551421095066,-0.31290381447105975,-0.16666605066516266,2.709880649365835e-05,12.566734235171872,12.566734235171872,981,0.3335774372879521,0.4551325174455404,0.5448907305750667,0.8073882811623556,0.42259040830778355,0.49594491141183855,0.7,0.08991731867046555,0.23927169508982848
23428546,Grande Ronde River,17060104000095,1768.0797,0.01105834,687.4260081156739,6.719009094353539,83.35351457458006,205.24815628881362,15.516,2.109,2.4812772923693336,3.3495392825108374,0.001379549794987893,5.0181253477872865,2.3308192074828034,0.0025875303556813257,Spawning and rearing,1.0,Rearing and migration,1.0,682.6593886450802,27.064016067546216,44.094216369836374,UGR,August/September,31.20692197901313,102.38491462930817,DA+PPT+SLOPE,1,0.5474607931872258,1.7961312112441792,DA+PPT,1,1.5112140414833526,4.9580513172026,DA+PPT,1,23.447014272184855,76.92589984312616,DA+PPT+SLOPE,1,0.0,0.0,1.5112140414833526,4.9580513172026,0.6377344451816644,0.6377344451816644,1.2646032205229627,2.7063438741039874,0.09883005488750476,0.14432350198880928,0.4391411576421108,0.5245404922493979,-0.36287029321463093,-0.38334593336422057,-0.1549537185336437,3.570488827739034e-05,19.775339474127907,16.294898123529332,981,0.3334500015673104,0.6388782055958174,0.519361240200499,1.0986582565727658,0.4203958868456425,0.39630689843436073,0.7,0.05393450977778262,0.1154238165545247
23428548,Grande Ronde River,17060104000096,1763.0118,0.0068993,687.7691115914237,6.716426691613771,71.61221142866351,180.23028016971296,15.651499999999999,1.9825,2.5177698615426407,3.2694957804821954,0.0014045308705298496,5.07383964718479,2.264871775330208,0.002595210975132759,Spawning and rearing,1.0,Rearing and migration,1.0,680.7026615158029,27.077524078402508,44.08956804490479,UGR,August/September,29.967466899649516,98.31846095685536,DA+PPT+SLOPE,1,0.5473399822941404,1.7957348500463923,DA+PPT,1,1.5109470442206312,4.957175341931205,DA+PPT,1,22.233483741614652,72.94450046461499,DA+PPT+SLOPE,1,0.0,0.0,1.5109470442206312,4.957175341931205,0.6377503868267822,0.6377503868267822,1.5446565674760513,3.691113244304139,0.11957837909858349,0.1674227429101506,0.4658338797571577,0.5511521225271789,-0.3686732257203771,-0.3515040911733588,-0.1602443040076806,3.271787469113917e-05,16.24357462298543,15.933238140126479,981,0.3333969320616959,0.5526469625894997,0.5419051338430434,0.9899500259429086,0.4215172933116758,0.4417162751316973,0.7,0.06947433813914194,0.1660159643535953
23428550,Grande Ronde River,17060104000097,1742.8131,1e-05,689.1008106232836,6.706740983134784,8.766026181844008,29.844578992325115,15.588,1.4805000000000001,2.600212940091393,3.111005276049765,0.0014065989202960744,5.043189790815247,2.3732596411812095,0.002568768108666036,Spawning and rearing,1.0,Rearing and migration,1.0,672.9038998460516,27.129953174145022,44.07213376964261,UGR,August/September,17.269095216016098,56.65713653548588,DA+PPT+SLOPE,1,0.5468306982690941,1.7940639706991277,DA+PPT,1,1.509820581583002,4.953479598369428,DA+PPT,1,10.766277988677365,35.322434346054344,DA+PPT+SLOPE,1,0.0,0.0,1.509820581583002,4.953479598369428,0.6378174301374548,0.6378174301374548,0.34459671023790583,1.1778728067368505,0.04057946022243304,0.06820015852025801,0.3210703351893592,0.4085655973289698,-0.2745767549683509,-0.3357903620973716,-0.3490534227118444,3.605480914351512e-06,0.6662629544728976,0.6662629544728976,981,0.3331250295735055,0.045726220540982354,0.5440421419142514,0.07090879630769574,0.40776576288475563,0.3135909826862622,0.3,0.03200704185794848,0.10940390058436081
23428552,Grande Ronde River,17060104000098,1735.731,0.00141739,689.5689362143773,6.7034531678579645,42.98198690402457,116.41792054538473,14.685,1.399,2.5073618884387248,3.3681330529322264,0.0014044983171794376,5.079487780549044,2.35402416619918,0.0025564328166254916,Spawning and rearing,1.0,Rearing and migration,1.0,670.1694857490381,27.14838331552667,44.06621570214433,UGR,August/September,26.09946378344127,85.62816201916426,DA+PPT+SLOPE,1,0.5466492559969931,1.7934686876541768,DA+PPT,1,1.5094191581945218,4.952162592501711,DA+PPT,1,18.557198770482888,60.883198065888735,DA+PPT+SLOPE,1,0.0,0.0,1.5094191581945218,4.952162592501711,0.6378413159596684,0.6378413159596684,1.5582128517936367,4.662658152004919,0.12538547144184353,0.18117902796859503,0.4656829370807714,0.5658517218749807,-0.34398755660504937,-0.240595278357295,-0.29003169359581205,1.967774618164182e-05,8.029990188711324,8.029990188711324,981,0.3330316238659467,0.3272853241569649,0.5438616258297541,0.5656549421520104,0.4204910331926824,0.5583474041896883,0.5,0.0839681069899479,0.25125872765998236
23428554,Grande Ronde River,17060104000099,1730.5317,0.00227091,690.0171560682969,6.6996616178826,49.986251475860676,132.4805788969051,12.555,0.981,2.4337271663365314,3.455427063458439,0.0014084120079303664,5.080769461544471,2.265860670391116,0.0025977611830262583,Spawning and rearing,1.0,Rearing and migration,1.0,668.1620247961283,27.166029766468384,44.059390912188675,UGR,August/September,27.12129835443382,88.98063764578023,DA+PPT+SLOPE,1,0.5465690112331841,1.7932054174317065,DA+PPT,1,1.5092432436663805,4.951585445099673,DA+PPT,1,19.52600905025166,64.06170948245294,DA+PPT+SLOPE,1,0.0,0.0,1.5092432436663805,4.951585445099673,0.6378522723047527,0.6378522723047527,1.4705817031577308,4.186887284157625,0.11636940587293695,0.1638144292451865,0.45620446914432866,0.5471638344139984,-0.3411329331104526,-0.2574766523463858,-0.28502100867022456,2.125489695430815e-05,9.936037122704409,9.936037122704409,981,0.3329847331519933,0.3847993837234925,0.5437817903391811,0.6736505079932408,0.4216163864327622,0.5331580941181847,0.5,0.0753139927044527,0.21442616734338052
23428556,Five Points Creek,17060104000100,187.8507,0.00915307,734.5790416841987,6.9245679811503384,42.84531955098121,116.10093093102617,32.823,2.515,4.291455713653125,3.473768673029482,0.0021411972568874623,,,,Spawning and rearing,1.0,,,72.52956075370943,28.92043471197633,44.46422236607061,UGR,August/September,11.390208938004001,37.36945189633858,DA+PPT+SLOPE,0,0.37298205180361016,1.2236943956811357,DA+PPT,0,1.1087123381164121,3.637507670985604,DA+PPT,0,6.918390927694489,22.69813296487693,DA+PPT+SLOPE,0,0.0,0.0,1.1087123381164121,3.637507670985604,0.6635898790147243,0.6635898790147243,0.2627792193366252,0.7231811454475923,0.055197022572545794,0.08046857197590668,0.3552187434864543,0.4317265573082034,-0.4163666364780139,-0.2831800609823194,-0.24525627996712082,8.349044125075548e-06,3.922841750198436,3.922841750198436,981,0.24014420980364323,0.5277193701006636,0.37108003431070824,0.9280215958245399,0.27235258432717024,0.4499346849880963,0.5,0.037982707551941525,0.10453025176022944
23428558,Five Points Creek,17060104000101,110.4516,0.01715835,724.4983997247888,6.801244891160508,39.0931545103085,107.33931854739694,45.514,2.0235,4.23279774542357,4.416145147211223,0.0023917523146171106,,,,Spawning and rearing,1.0,,,42.64560117446681,28.523559044283026,44.242240804088915,UGR,August/September,9.345993228431757,30.662707442361405,DA+PPT+SLOPE,0,0.3340612351867726,1.0960014277781254,DA+PPT,0,1.0142567279541155,3.327613936857334,DA+PPT,0,5.425233427693836,17.79932226933673,DA+PPT+SLOPE,0,0.0,0.0,1.0142567279541155,3.327613936857334,0.6706344399996078,0.6706344399996078,0.10834465278819778,0.24698066306160663,0.03069726428024458,0.04714497495955378,0.293680807208335,0.36125328347216695,-0.4252817005364498,-0.3174684733991451,-0.2265525617841605,7.642620254650508e-06,3.614658027649697,2.959634092862432,981,0.21869819293548423,0.6629327052760471,0.3178396325587422,1.0998266775469194,0.22604535738627088,0.36979632690267716,0.5,0.019970505275429786,0.04552443067257908
23428560,Five Points Creek,17060104000102,108.5841,0.01423137,727.0377473738116,6.785613735477228,36.640810981532915,101.54782822235659,46.484,2.104,4.098889107661662,4.45697221585702,0.002368681216027807,,,,Spawning and rearing,1.0,,,41.9245553933888,28.62353336117369,44.21410472385901,UGR,August/September,9.145967983580691,30.006456639044263,DA+PPT+SLOPE,0,0.3337401093638855,1.0949478653670783,DA+PPT,0,1.0134802202781172,3.325066339495135,DA+PPT,0,5.2813352304148315,17.327215322883305,DA+PPT+SLOPE,0,0.0,0.0,1.0134802202781172,3.325066339495135,0.6706989414432764,0.6706989414432764,0.12353749880082815,0.3017531354760346,0.03472235111954082,0.05203406019245506,0.3052689506119462,0.37333259151605425,-0.42968739146943297,-0.30579125101790117,-0.2297990063931251,7.147110540502627e-06,3.3176887406873417,3.3176887406873417,981,0.21852193094780892,0.6242523718767397,0.33203820508198206,1.0923818542227288,0.22675190915198104,0.39194676308735676,0.5,0.023391338252755578,0.05713576629982886
23428562,Five Points Creek,17060104000103,102.3192,0.02103759,736.3425706004415,6.737315224261945,40.7704161427245,111.27016062510509,46.842,2.13,4.063300475117369,4.735229650566733,0.002550443597199703,,,,Spawning and rearing,1.0,,,39.50566398033622,28.989864984269353,44.1271674036715,UGR,August/September,9.257483244316974,30.37232035537065,DA+PPT+SLOPE,0,0.33273725235474344,1.0916576520824914,DA+PPT,0,1.0110597719807393,3.3171252361572807,DA+PPT,0,5.39747770166651,17.708260176071228,DA+PPT+SLOPE,0,0.0,0.0,1.0110597719807393,3.3171252361572807,0.6709024910536328,0.6709024910536328,0.0863135780472149,0.1849553542700417,0.025819261547040895,0.04114545594349487,0.2777633828392369,0.3452290181235219,-0.42089282590363103,-0.33075520267454517,-0.22253270987478285,6.913627846053827e-06,3.8396635437827347,2.3733078065594504,981,0.21796860246616753,0.7110864345366043,0.30020919014856584,1.0994711677102178,0.22346598733522474,0.343649484974006,0.5,0.015991465424778868,0.03426699738156128
23428564,Five Points Creek,17060104000104,99.4968,0.00803532,739.8029105349347,6.722138939374702,29.649359305907034,84.71265299539351,47.4825,1.933,4.086628471286232,4.2647565044939775,0.0024184885638586636,,,,Spawning and rearing,1.0,,,38.41592924806603,29.126098839958058,44.09985009087446,UGR,August/September,8.453126087694205,27.733353306083348,DA+PPT+SLOPE,0,0.33198461669014173,1.0891883749676565,DA+PPT,0,1.009227056125851,3.3111123888643403,DA+PPT,0,4.79972156989875,15.74711801147884,DA+PPT+SLOPE,0,0.0,0.0,1.009227056125851,3.3111123888643403,0.6710506177226949,0.6710506177226949,0.16426806388135046,0.4736872093645044,0.04701487919148552,0.0714150383036503,0.33500061763631134,0.41488706135374126,-0.4422948687486703,-0.27120026913787104,-0.23948998292197313,4.934159969816085e-06,2.506022687421695,2.506022687421695,981,0.21755149641935317,0.517962608875618,0.33029166647551983,0.89748377891503,0.2288470727416684,0.45697320555606746,0.5,0.034224498544155275,0.09869055995564693
23428566,Five Points Creek,17060104000105,96.9489,0.02151515,743.3803874196499,6.705086648077182,40.31886206017985,110.21422336513447,53.795,1.905,4.123319680623892,4.0047948327851195,0.0024087186276539963,,,,Spawning and rearing,1.0,,,37.43217955831573,29.26694438660039,44.06915596653893,UGR,August/September,9.093686622950813,29.834929865324188,DA+PPT+SLOPE,0,0.3313912273978831,1.087241559704341,DA+PPT,0,1.0077850176842034,3.3063812916148403,DA+PPT,0,5.296886123956329,17.378235314817353,DA+PPT+SLOPE,0,0.0,0.0,1.0077850176842034,3.3063812916148403,0.6711687298553124,0.6711687298553124,0.08128374163313304,0.1712321693189767,0.024954638054874554,0.04016773718863938,0.2746399843924232,0.3424725669359512,-0.4208782997287171,-0.3323799507960749,-0.22178711142033344,7.895501008303845e-06,3.797114207159981,2.400365835523549,981,0.2172265900792104,0.7184820502979927,0.30011860949486285,1.1179834565719675,0.2218144931238234,0.3398122917006797,0.5,0.01534557091297649,0.03232694932680196
23428568,Five Points Creek,17060104000106,87.6789,0.01487008,745.6420825916805,6.669191510113549,34.24326869347796,95.8315795465175,52.022999999999996,2.194,4.0884361489734875,4.1789074769831736,0.0028313538531119383,,,,Spawning and rearing,1.0,,,33.853012548627255,29.35598750360947,44.004544718204386,UGR,August/September,8.433682020422644,27.66956043445749,DA+PPT+SLOPE,0,0.32575267601432223,1.0687423753750729,DA+PPT,0,0.9939236736006202,3.2609044409469163,DA+PPT,0,4.819547509449287,15.81216374491236,DA+PPT+SLOPE,0,0.0,0.0,0.9939236736006202,3.2609044409469163,0.6722558435153878,0.6722558435153878,0.10256853486845799,0.24370310979719,0.031755878014639,0.04837608594716423,0.2962820362373428,0.364370808043769,-0.4327095561798862,-0.30817537627111147,-0.2273591895343633,5.7193875432803874e-06,3.0522317498075213,2.88811952718381,981,0.2140947507881288,0.6379490845282388,0.3199508030612874,1.0997972654823014,0.21762059457105176,0.3836661677827515,0.5,0.021281776902781924,0.050565558139925276
23428570,Five Points Creek,17060104000107,83.2617,0.0157317,749.30614975997,6.639274811488893,34.231123471726036,95.8024792490405,50.191,2.5855,4.151617530859947,3.8566695942770055,0.0029297989267178014,,,,Spawning and rearing,1.0,,,32.147522093913565,29.500242116534256,43.95069466068001,UGR,August/September,8.296472707017102,27.21939864506923,DA+PPT+SLOPE,0,0.32359556421855185,1.061665236937506,DA+PPT,0,0.9886199672743732,3.2435038296403316,DA+PPT,0,4.732478735349948,15.52650503723736,DA+PPT+SLOPE,0,0.0,0.0,0.9886199672743732,3.2435038296403316,0.672679517984342,0.672679517984342,0.09461890907150011,0.21968776004645355,0.03011650438907166,0.046115541577126044,0.2912313229971885,0.35860452975928236,-0.4325561751308315,-0.31133483621170954,-0.22599248426838733,6.616907885409437e-06,3.0414513263647396,2.681526408790736,981,0.21290224376049094,0.6500793288464223,0.31287614302249744,1.0987424239397499,0.21490767088609958,0.3765361227782622,0.5,0.019993520174687786,0.04642128836321301
23428572,Five Points Creek,17060104000108,79.659,0.00215189,753.7273156823084,6.609705345263834,17.787052193785605,54.696551044569134,44.310500000000005,2.4245,4.0938607477004645,4.687246205466846,0.002934426062578374,,,,Spawning and rearing,1.0,,,30.756511847332696,29.674303767020017,43.8974696214749,UGR,August/September,6.904623859626093,22.652965418720775,DA+PPT+SLOPE,0,0.322116338850564,1.056812135336496,DA+PPT,0,0.9849866163799988,3.2315833870734867,DA+PPT,0,3.727963393884218,12.230851029803864,DA+PPT+SLOPE,0,0.0,0.0,0.9849866163799988,3.2315833870734867,0.6729738927474985,0.6729738927474985,0.12979497313904934,0.44519662002182625,0.04263144774290828,0.0731382159920602,0.3188925640621,0.4181975211572463,-0.40796878826016564,-0.189179295546747,-0.36022046845017897,2.799999844314665e-06,1.2038747058315797,1.2038747058315797,981,0.21207885883313757,0.32249346055565004,0.32047371134030717,0.5440081773632118,0.23339757205437736,0.5699967916134829,0.3,0.03481659003196759,0.11942086683366533
23428574,Five Points Creek,17060104000109,64.224,0.01395408,771.8536096185524,6.468181018578812,29.954484706702875,85.45848061948949,41.655,2.2135,4.044098576884623,4.210270273881525,0.0027619953217885053,,,,Spawning and rearing,1.0,,,24.797025030230046,30.38793738655718,43.64272583344186,UGR,August/September,7.40658674018203,24.299825263064402,DA+PPT+SLOPE,0,0.3140065686473615,1.0302052777144406,DA+PPT,0,0.9649814976029426,3.1659497952852447,DA+PPT,0,4.150765206143844,13.617996083149094,DA+PPT+SLOPE,0,0.0,0.0,0.9649814976029426,3.1659497952852447,0.6745983529970596,0.6745983529970596,0.08691936533026544,0.20955156967486935,0.03068322140627506,0.04731056958614047,0.29225447563658347,0.36167575125193807,-0.440723112449453,-0.30213838585051495,-0.2264552802937569,5.688066862631544e-06,2.535497016664068,2.4390359947694877,981,0.2075706664252306,0.6267597321032792,0.309623110797172,1.0838393829642254,0.2049754212173661,0.38975505668261684,0.5,0.020940564212499874,0.05048504535132392
23428576,Five Points Creek,17060104000110,62.2341,0.02023461,774.920773868053,6.444909126223647,33.359856379396334,93.71098569580822,33.806,1.785,4.045728079356722,4.104360467813675,0.0027667303230140025,,,,Spawning and rearing,1.0,,,24.02872034494643,30.508691884569014,43.600836427202566,UGR,August/September,7.546761286462571,24.759715506766963,DA+PPT+SLOPE,0,0.3129395371483282,1.0267045182031764,DA+PPT,0,0.9623442459350648,3.1572973948000813,DA+PPT,0,4.264452606358595,13.990986241333971,DA+PPT+SLOPE,0,0.0,0.0,0.9623442459350648,3.1572973948000813,0.6748153911968794,0.6748153911968794,0.061286258145123076,0.1284855909772521,0.022840896377494837,0.03695330744896036,0.26596763135373486,0.33308195504362426,-0.4316466371424706,-0.32585394668892115,-0.2196585197911134,5.373172711699896e-06,2.934459456736508,1.8243610589661938,981,0.20696897278913734,0.7096394487867714,0.2830367076009756,1.0993659850953634,0.20174086568932442,0.342797786294057,0.5,0.014371424377830113,0.030129445168571262
23428578,Five Points Creek,17060104000111,46.1358,0.0184035,816.2254696268776,6.325065797324919,29.36952428653473,84.02767236645802,25.44,2.166,3.8281646876459137,3.23937184401436,0.002345437960849356,,,,Spawning and rearing,1.0,,,17.813131966082576,32.13486100893219,43.38511843518485,UGR,August/September,6.707235394779348,22.005365468436178,DA+PPT+SLOPE,0,0.3057996409075301,1.0032796617701119,DA+PPT,0,0.9447247239190337,3.0994905640388244,DA+PPT,0,3.7465543759695175,12.291845065516789,DA+PPT+SLOPE,0,0.0,0.0,0.9447247239190337,3.0994905640388244,0.6763082058030925,0.6763082058030925,0.05557581760928581,0.11815627966578165,0.02314438287743794,0.03712624782868164,0.2666379503928213,0.3336007511140878,-0.43749801605169014,-0.31949721316310303,-0.21986038790776882,5.545350187353289e-06,2.4896471102827373,1.699547131804457,981,0.20300307986773963,0.6927178239227471,0.28109668440253494,1.0999804931572839,0.19420635976601233,0.3515407636174619,0.5,0.01483384785918238,0.03153731877579
23428580,Five Points Creek,17060104000112,32.5998,0.02238854,840.3131226375683,6.323000306460438,27.94318963519648,80.52146593085665,26.279,1.22,3.4563604222351896,3.019308454906971,0.002774642503764551,,,,Spawning and rearing,1.0,,,12.586853148052027,33.08319380462868,43.381400551628786,UGR,August/September,5.904529089393141,19.371814597746525,DA+PPT+SLOPE,0,0.2917155186995027,0.9570719117437751,DA+PPT,0,0.9095090439160548,2.9839535561550354,DA+PPT,0,3.236763216399258,10.61930189107368,DA+PPT+SLOPE,0,0.0,0.0,0.9095090439160548,2.9839535561550354,0.6792604530423699,0.6792604530423699,0.03681628064794618,0.07337892430495713,0.018350872340165362,0.03098781823730855,0.24650443042636824,0.3140969119410039,-0.44086184196797795,-0.3255099451668514,-0.21527734052500527,4.003155160902717e-06,2.211957477290016,1.4156545774971634,981,0.19509798094237277,0.7277172134005697,0.265643873343337,1.1433392293546945,0.17806103393561667,0.33186356300378544,0.5,0.011374412703843845,0.022670464102279197
23428582,Five Points Creek,17060104000113,25.2378,0.0281872,845.4186831894302,6.117215819660152,27.239126633324975,78.78130788420842,24.33,,3.2497137077732248,2.934406881068883,0.002963490050149107,,,,Spawning and rearing,1.0,,,9.74436905686254,33.28420012556812,43.010988475388274,UGR,August/September,5.3705965491544125,17.620067418485604,DA+PPT+SLOPE,0,0.2789338703143843,0.9151373697978488,DA+PPT,0,0.8772046976860829,2.8779681682614267,DA+PPT,0,2.8908336584330674,9.484362396433948,DA+PPT+SLOPE,0,0.0,0.0,0.8772046976860829,2.8779681682614267,0.6820196345845336,0.6820196345845336,0.02376558097887707,0.04445638269748219,0.013878493286684465,0.025481727467456482,0.2241574853760282,0.2942679443971465,-0.44236620610037813,-0.3331116230091293,-0.21064367760380812,3.6295456809052104e-06,2.0591916246116595,1.2459787241639257,981,0.18787028117897553,0.7741507708324217,0.25227084685415474,1.2053037146867187,0.16326869032198055,0.3089414677769793,0.5,0.008221012962661728,0.015378395283241272
23428584,Five Points Creek,17060104000114,22.3785,0.03754559,843.0855853399557,6.016050681114418,28.460251351504862,81.79541240292903,19.606,,2.959466750170723,2.8971646360221386,0.0027925143618724156,,,,Spawning and rearing,1.0,,,8.640387154942124,33.19234587952582,42.82889122600595,UGR,August/September,5.198790059421721,17.056397832748427,DA+PPT+SLOPE,0,0.27212488268653157,0.8927981715437386,DA+PPT,0,0.8598633689239359,2.821074045026036,DA+PPT,0,2.780875031669083,9.12360574694581,DA+PPT+SLOPE,0,0.0,0.0,0.8598633689239359,2.821074045026036,0.6835254384343893,0.6835254384343893,0.015369488218805018,0.02654759462702617,0.010059535688436053,0.01989811192627918,0.2006503988960127,0.27098003205352456,-0.4392102461246175,-0.3443354438257643,-0.20639477436118206,4.410601028456029e-06,2.128495918483178,1.0689311301222684,981,0.18400756837064522,0.8432718059683695,0.24129016761886385,1.2631690707611145,0.15499970659098486,0.28149944298945573,0.5,0.005526853254380238,0.009546489620963761
23428586,Middle Fork Mount Emily Creek,17060104000115,8.7705,0.04085771,870.7886018277065,5.956833987342227,22.161571726674822,66.0265928449434,18.133,,2.714837694418062,2.5328490636846817,0.003252476784224769,,,,Spawning and rearing,1.0,,,3.3863089814965215,34.28301581998845,42.72230117721601,UGR,August/September,3.46745101122306,11.376151611624211,DA+PPT+SLOPE,0,0.23251181415093172,0.7628340359282536,DA+PPT,0,0.7573489905109683,2.4847407825163,DA+PPT,0,1.7078753831043847,5.603265692599687,DA+PPT+SLOPE,1,0.0,0.0,0.7573489905109683,2.4847407825163,0.6929925079928334,0.6929925079928334,0.0056538531350714336,0.009682363110504353,0.005545427887642446,0.010769061511105382,0.16307855090691592,0.22083061699593862,-0.4168498418545885,-0.2906126600663665,-0.2869920701914025,2.191652850287331e-06,1.135390506741917,0.5293654903081402,981,0.1612538801074206,0.7658954393155235,0.20736275888803818,1.1552357259537391,0.11437573102805716,0.30858677993301425,0.3,0.00331045999667405,0.005669244493064147
23428588,Middle Fork Mount Emily Creek,17060104000116,5.3919,0.07090909,855.5036537048907,5.8226507886880325,21.84556871295231,65.21972083725473,17.061,,2.3249063308521016,2.4918615460676636,0.0031996119941879314,,,,Spawning and rearing,1.0,,,2.0818242286450137,33.68124620885396,42.48077141963846,UGR,August/September,2.8792969330668106,9.446512247594523,DA+PPT+SLOPE,0,0.2094916205700253,0.6873084664370909,DA+PPT,0,0.6961554551375322,2.2839745903462343,DA+PPT,0,1.356659149926077,4.450981463012063,DA+PPT+SLOPE,1,0.0,0.0,0.6961554551375322,2.2839745903462343,0.6990735057464453,0.6990735057464453,0.0021881494282397873,0.00377837286229777,0.002970345890331657,0.006725588504703422,0.13060130577888668,0.18876005593852552,-0.4193095254082114,-0.29935559517996113,-0.27836453352149576,1.752285526449591e-06,0.9717424080337524,0.09288399067442274,981,0.14779218354823015,0.8567405906283607,0.17123064246346548,0.8984098295291605,0.09081745095976416,0.2753619590032262,0.3,0.001612895492842854,0.0027850568527132626
23428590,Middle Fork Mount Emily Creek,17060104000117,3.1167,0.09458784,859.3803354028299,5.726892366676292,19.676258139412326,59.63374646716018,14.305,,2.0320636395036646,2.322067026523054,0.0035033804572550085,,,,Spawning and rearing,1.0,,,1.203364597529241,33.83387147255236,42.30840626001733,UGR,August/September,2.300251406834567,7.54675658410291,DA+PPT+SLOPE,1,0.18927782810703486,0.6209902496949963,DA+PPT,1,0.6413935139553212,2.104309428987274,DA+PPT,1,1.03283339348077,3.3885610022334975,DA+PPT+SLOPE,1,0.0,0.0,0.6413935139553212,2.104309428987274,0.7048959429916846,0.7,0.0011650991330092208,0.0022021342996413726,0.0020464037581383494,0.004808303265313823,0.11389011262118602,0.1687837443227098,-0.4274424557942217,-0.29572543330792733,-0.2747857071397125,1.2380760503397273e-06,0.7331192302530293,0.06730326396295482,981,0.13387827684468945,0.868226149086602,0.15550342915875162,0.8994130211517326,0.0695108982103883,0.2721524712662258,0.3,0.001128061060344592,0.0021321292606738063
23428592,Grande Ronde River,17060104000118,1542.5973,0.00253565,684.5993855480847,6.672198389883651,49.41457429917594,131.1823279664902,12.086500000000001,0.95,2.4301823833561498,3.6414847454274346,0.0014688741259737202,4.723168072816863,2.2468238310056297,0.0029436494468470784,Spawning and rearing,1.0,Rearing and migration,1.0,595.600147291749,26.952731714491524,44.009957101790576,UGR,August/September,25.862534834513003,84.85083607123688,DA+PPT+SLOPE,1,0.5319806215529487,1.7453432465647922,DA+PPT,1,1.4765909924878162,4.8444586367710505,DA+PPT,1,18.386313344765835,60.322550343719925,DA+PPT+SLOPE,1,0.0,0.0,1.4765909924878162,4.8444586367710505,0.639723779801306,0.639723779801306,1.334391731875475,3.789769045013721,0.11155601062533044,0.15715418499624617,0.4498399526349981,0.5396456122357571,-0.3463994510071326,-0.2599082016196232,-0.2821363367479138,2.1778442536353676e-05,9.515309193252676,9.515309193252676,981,0.32532019149923475,0.3974388141846063,0.5292677933561686,0.6950770058114435,0.4120451663118157,0.5273668321618283,0.5,0.07257527416475505,0.20611902853774555
23428594,Grande Ronde River,17060104000119,1412.1567,0.00372143,688.9056715143564,6.6554969236490695,54.65877857419859,143.0140354474931,9.834,1.912,2.281859498517929,3.579618754563159,0.0013623836809948033,4.72117112859905,2.0181196663878853,0.00298141861962752,Spawning and rearing,1.0,Rearing and migration,1.0,545.2367500701772,27.12227053206128,43.979894462568325,UGR,August/September,25.73130399790418,84.42028870703471,DA+PPT+SLOPE,0,0.5252499003498015,1.723260827919296,DA+PPT,0,1.4615134494278914,4.79499163198127,DA+PPT,0,18.358882408355726,60.23255383318807,DA+PPT+SLOPE,0,0.0,0.0,1.4615134494278914,4.79499163198127,0.6406123388358758,0.6406123388358758,1.1702959646334283,3.180490586945604,0.10064951123804235,0.13990729069095797,0.43621192616634935,0.5191347676040681,-0.3462472940785211,-0.27737432602111217,-0.2757288686623243,2.325795412150404e-05,10.677891182870582,10.677891182870582,981,0.32177307354229595,0.4501127719453908,0.5225713947143982,0.794025837808095,0.40715887745958873,0.49898950153613403,0.5,0.0637454905261983,0.17323988008649477
23428596,Grande Ronde River,17060104000120,1405.4598,0.00552884,689.5999075837435,6.648369745800571,62.00849540209919,159.3264756110957,11.904,3.173,2.208427526416254,3.2152514073965923,0.0013560317262697125,4.829816721556743,1.937866383643959,0.003020088488772584,Spawning and rearing,1.0,Rearing and migration,1.0,542.6510625246343,27.149602660777305,43.96706554244103,UGR,August/September,26.553976228319687,87.11934458110133,DA+PPT+SLOPE,0,0.5251200419444374,1.7228347832822748,DA+PPT,0,1.4612261793675279,4.794049144906587,DA+PPT,0,19.144870717294307,62.81125563416767,DA+PPT+SLOPE,0,0.0,0.0,1.4612261793675279,4.794049144906587,0.6406305544212679,0.6406305544212679,1.454025343126712,3.7094777664023555,0.12472535176446019,0.17385535452514225,0.4706061239140077,0.5581222764935729,-0.381525826689735,-0.3324143806520757,-0.1613344408937291,2.4515166550095477e-05,12.65115850654156,12.65115850654156,981,0.3217022706610621,0.5118190512920097,0.5224421994878123,0.9118408793965033,0.40627624908355653,0.46405442089256754,0.7,0.07594855899513776,0.19375830848789383
23428598,Grande Ronde River,17060104000121,1401.7707,0.00153765,690.0210783834849,6.644523929517618,41.09533763019264,112.02893246097872,11.856,3.5385,2.2444474280420357,3.1557495041435595,0.0013578475893885858,4.760144797888248,1.9935694653177947,0.002945165376282297,Spawning and rearing,1.0,Rearing and migration,1.0,541.2266930515553,27.166184188326177,43.96014307313171,UGR,August/September,23.836500184874293,78.20374076402327,DA+PPT+SLOPE,0,0.5250666714587249,1.722659683263533,DA+PPT,0,1.4611089964290398,4.793664686446981,DA+PPT,0,16.611112422211313,54.49840033533895,DA+PPT+SLOPE,0,0.0,0.0,1.4611089964290398,4.793664686446981,0.6406382598820544,0.6406382598820544,1.3601947153754628,4.118130530182067,0.12060392895520874,0.17526710794776948,0.4592399881996443,0.5596289080009521,-0.35231051729094254,-0.23990371069709968,-0.287181843056749,1.620892799430481e-05,7.159885228765342,7.159885228765342,981,0.3216729581723186,0.3335639722088585,0.5223891013877482,0.5749446481333,0.40694532936751476,0.5568210714926386,0.5,0.08188462523176339,0.24791419295167536
23428600,Grande Ronde River,17060104000122,1362.4164,0.0031081,691.9405107016687,6.632599268039431,51.10561948489767,135.01645383266055,12.822,3.8535,2.4987300860960806,2.970442555689471,0.0013807762849643692,4.606041807972388,2.0048788583781763,0.002962717141528028,Spawning and rearing,1.0,Rearing and migration,1.0,526.0319128736284,27.24175238982948,43.93867868247098,UGR,August/September,24.990864830433548,81.99102634656676,DA+PPT+SLOPE,0,0.5231749248969342,1.716453165672356,DA+PPT,0,1.4568687420826731,4.779753090822418,DA+PPT,0,17.71228442841232,58.111169384554856,DA+PPT+SLOPE,0,0.0,0.0,1.4568687420826731,4.779753090822418,0.6408908299116727,0.6408908299116727,1.1989355319997999,3.3457427565533253,0.10503067333489235,0.14706246607498058,0.44153675527093755,0.5278379539776517,-0.3485761272605464,-0.26812669068433326,-0.278266508720228,2.0270651116399784e-05,9.68254883098332,9.68254883098332,981,0.3206773950798093,0.42406712552916825,0.5205070003462697,0.7442835293200954,0.40590474793410825,0.513170663369059,0.5,0.06768949182391089,0.18889391541084394
23428602,Grande Ronde River,17060104000123,1359.2358,0.00402843,692.2461014654519,6.629091586253981,55.51657057678852,144.93341384598273,14.836,4.8614999999999995,2.5977795196821565,2.8861340980195553,0.0014017314695758184,4.585674420115929,2.0209122133094573,0.0029569878430028853,Spawning and rearing,1.0,Rearing and migration,1.0,524.8038763481683,27.253783522261887,43.93236485525716,UGR,August/September,25.517682620976046,83.71943117118126,DA+PPT+SLOPE,0,0.5230929667105395,1.7161842739847095,DA+PPT,0,1.4566864127597479,4.779154897505734,DA+PPT,0,18.209685062714925,59.74306122937967,DA+PPT+SLOPE,0,0.0,0.0,1.4566864127597479,4.779154897505734,0.6409021446698882,0.6409021446698882,1.1236925625957306,3.0120724300613424,0.0980075887043916,0.13635626744107104,0.4326859598279835,0.5147049775255437,-0.34648067361091234,-0.28135963040254014,-0.27415210728215583,2.370959711766648e-05,10.841385131838988,10.841385131838988,981,0.32064506486633115,0.46212052263857867,0.5204254595260144,0.8162845554595494,0.40548343747857063,0.49231149508973354,0.5,0.06170851163683973,0.16541046260205147
23428604,Spring Creek,17060104000124,68.7996,0.01553128,719.350617530493,7.303949352135683,34.42978300304872,96.27828703388779,32.703,2.881,4.258781148071198,3.39330678349161,0.003066414422437765,3.74295157195465,1.0438507805055175,0.0046753535012768275,Spawning and rearing,1.0,,1.0,26.56367406685686,28.320890453956416,45.14710883384423,UGR,August/September,7.434482892525798,24.3913480725912,DA+PPT+SLOPE,0,0.30383353999556895,0.996829199460528,DA+PPT,0,0.9394499774378956,3.0821849653474263,DA+PPT,0,4.081958887185858,13.392253566882736,DA+PPT+SLOPE,0,0.0,0.0,0.9394499774378956,3.0821849653474263,0.6765835890228071,0.6765835890228071,0.09193436896786387,0.23327132678096119,0.03199937297987912,0.04893611493800208,0.29556580084272344,0.3657714712454264,-0.44961396335900805,-0.2908841342920984,-0.22750252936901438,4.9967054257856735e-06,2.3428017165096566,2.2830554992028937,981,0.20184002990732663,0.5921973472609354,0.30049962695214244,1.034972099708297,0.1951965442097216,0.4068363162989344,0.5,0.02252212026350033,0.05714690745985947
23428606,Spring Creek,17060104000125,63.5868,0.01250462,727.4397300551294,7.250135234592086,31.5893654426277,89.43637453929743,34.237,2.847,4.216210512792728,3.3920394215408405,0.0030149138163815814,3.6881455444345637,1.0480715560532143,0.004945551287424093,Spawning and rearing,1.0,,1.0,24.551000734806795,28.63935945098935,45.05024342226575,UGR,August/September,7.083305265856414,23.23919050477826,DA+PPT+SLOPE,0,0.3015024893654466,0.9891813955559271,DA+PPT,0,0.9336571668133185,3.0631796811460577,DA+PPT,0,3.8534759507827485,12.642637633801668,DA+PPT+SLOPE,0,0.0,0.0,0.9336571668133185,3.0631796811460577,0.6770736624937931,0.6770736624937931,0.10114256181441135,0.2732046238477155,0.03606971568453252,0.055539701012442044,0.30651659428507594,0.38153511288835973,-0.4562033922822057,-0.27672195659824383,-0.23100493543501793,4.449494781468139e-06,2.048735938493746,1.9696515071411251,981,0.20053671155864072,0.5488009607841325,0.29729055816379063,0.9533646438807225,0.194235890785068,0.4335444716970171,0.5,0.02624709823188762,0.07089822989351212
23428608,Spring Creek,17060104000126,55.485,0.00948884,736.3784656414437,7.15304032258232,28.098345274566075,80.90409469036828,43.8605,2.941,3.97068557786619,3.338028380446533,0.0027023791380254777,,,,Spawning and rearing,1.0,,,21.422878266727608,28.99127817485999,44.87547258064818,UGR,August/September,6.544360226939482,21.47099811988019,DA+PPT+SLOPE,0,0.2961291730774347,0.9715524051096939,DA+PPT,0,0.9202309022454868,3.0191302567109144,DA+PPT,0,3.5023555335489576,11.490667760987392,DA+PPT+SLOPE,0,0.0,0.0,0.9202309022454868,3.0191302567109144,0.6782012293275093,0.6782012293275093,0.1086715237745761,0.3173394363389151,0.040996969789239265,0.0656760455017669,0.3183063051737385,0.4034617163382307,-0.46586095019441187,-0.25787723109142946,-0.2352648489249194,3.1258887182897238e-06,1.6680020846215962,1.6680020846215962,981,0.19751814041542412,0.493196116117239,0.2946190654005182,0.8650179462459484,0.19093934123571624,0.46825096670635935,0.5,0.031028124567484616,0.09060743071316725
23428610,Spring Creek,17060104000127,26.2953,0.01859887,761.275913623678,6.994093013551699,31.16076386517818,88.39645354752412,65.18950000000001,,3.6340786259845625,3.4960363077936245,0.004195969480036638,,,,Spawning and rearing,1.0,,,10.152672089521177,29.97149266234953,44.58936742439306,UGR,August/September,5.004360245634216,16.41850474289441,DA+PPT+SLOPE,0,0.26250537481255803,0.8612381063404134,DA+PPT,0,0.8349683849400809,2.7393975883860917,DA+PPT,0,2.556649014713076,8.387956085016652,DA+PPT+SLOPE,0,0.0,0.0,0.8349683849400809,2.7393975883860917,0.685610402085588,0.685610402085588,0.0535219903960734,0.13748100236092198,0.028330478851636327,0.04612850233306484,0.28126382858349985,0.35863812183604077,-0.47925877754211876,-0.26742331098227284,-0.22498743262397208,2.524123632431004e-06,1.2676191208035694,1.2676191208035694,981,0.1784747440846889,0.5365189480592203,0.26116673196328355,0.9697927523006533,0.15203999366732923,0.4344872824137905,0.5,0.020934430220207603,0.053773905440184566
23428612,Spring Creek,17060104000128,23.7771,0.02315409,766.6245421772211,6.9213385890431125,33.022336980961825,92.89866092539155,69.718,,3.4505236191030093,3.2383917725921734,0.004007338809182578,,,,Spawning and rearing,1.0,,,9.18038963387959,30.182068589654374,44.4584094602776,UGR,August/September,4.885109093569122,16.027260805672974,DA+PPT+SLOPE,0,0.25870013864588776,0.8487537357148548,DA+PPT,0,0.8251978604087162,2.7073420617083865,DA+PPT,0,2.491338723649642,8.17368347654082,DA+PPT+SLOPE,0,0.0,0.0,0.8251978604087162,2.7073420617083865,0.6864992615010479,0.6864992615010479,0.045029021580174744,0.10783209503953087,0.02507660092114278,0.04084193717504451,0.27042794195738534,0.3443780355288065,-0.4774391232409706,-0.2755584945522301,-0.22192578128565654,2.0780806236670814e-06,1.2900803104824798,1.127011491676895,981,0.17629614160970014,0.5640338020032271,0.25020215044445154,0.9849051373558846,0.14681440007916016,0.41598857166414743,0.5,0.01807422698195382,0.043282791703877256
23428614,Spring Creek,17060104000129,20.7072,0.02283396,773.1654303659162,6.8194056312669495,32.337093739580986,91.24576015872887,76.053,,3.3849212366198707,3.05448542808684,0.003533790001978023,,,,Spawning and rearing,1.0,,,7.995094617370135,30.439583872673868,44.27493013628051,UGR,August/September,4.6004404111692825,15.093308435594759,DA+PPT+SLOPE,0,0.25337897906863366,0.8312958630860684,DA+PPT,0,0.8114843831114873,2.662350338292281,DA+PPT,0,2.319888526860989,7.6111828309087555,DA+PPT+SLOPE,0,0.0,0.0,0.8114843831114873,2.662350338292281,0.6877586502686612,0.6877586502686612,0.043328877579163594,0.10622139408569829,0.02554181753665742,0.0420677690523273,0.27152380280142613,0.3477895219849967,-0.4827586216646621,-0.26913288925258266,-0.2225666715460978,1.8473746598171862e-06,1.1559750590075584,1.1140285262649496,981,0.17324882202926958,0.5450358437079671,0.250104584278565,0.9856690178294192,0.14189923926188583,0.4267335491446584,0.5,0.01867713774928287,0.04578728368014522
23428616,Spring Creek,17060104000130,12.4677,0.01833463,795.9339631328232,6.681085514881254,27.35728962700195,79.07380639109319,61.712,,3.3688606199137237,2.814283271832689,0.003966439044535945,,,,Spawning and rearing,1.0,,,4.813805882059652,31.335982800504855,44.02595392678626,UGR,August/September,3.6349614825749805,11.925726648868046,DA+PPT+SLOPE,0,0.23444078691639617,0.7691626867335832,DA+PPT,0,0.7622076171535707,2.5006811586403237,DA+PPT,0,1.749322900293926,5.739248360544376,DA+PPT+SLOPE,0,0.0,0.0,0.7622076171535707,2.5006811586403237,0.6924187299624418,0.6924187299624418,0.038434839395944345,0.10351174458035411,0.028233910882569015,0.050381834726172116,0.27819999155661773,0.3693385668307415,-0.5043557214968349,-0.2411166006464901,-0.22629376697410583,1.123042970784278e-06,0.7296830322309397,0.7296830322309397,981,0.16234054320854194,0.46190341762672754,0.23324525954798095,0.8605541056837299,0.12580203284593391,0.47678752731306046,0.5,0.0219712663622516,0.059172462992945325
23428618,Spring Creek,17060104000131,8.4843,0.02123104,814.116376814469,6.642090427718256,25.508882567026625,74.47689335478513,50.405,,,,,,,,,,,,3.2758065437216732,32.05182585883737,43.95576276989286,UGR,August/September,3.121710812112471,10.24183337307241,DA+PPT+SLOPE,0,0.2211043060756877,0.7254078283323087,DA+PPT,0,0.7270459930797495,2.3853214996054772,DA+PPT,0,1.4624539686836773,4.798077325077681,DA+PPT+SLOPE,1,0.0,0.0,0.7270459930797495,2.3853214996054772,0.6958867689524082,0.6958867689524082,0.017140699545374366,0.04395446286837911,0.015044760781614808,0.027723711891739822,0.2249065027675628,0.3026568160510074,-0.4537280238570655,-0.2176599315581098,-0.3135672838032098,1.074445991877673e-06,0.5998171790081527,0.5998171790081527,981,0.15458097182658087,0.4606245843905164,0.21997678767160636,0.8733854415087057,0.11211974489269363,0.4753014253526255,0.3,0.011720505337205473,0.03005527955723732
23428620,Grande Ronde River,17060104000132,1289.9682,0.00306372,690.851337313441,6.592521763217453,49.97089107520689,132.4457242042344,12.931000000000001,5.0915,2.638461563809752,2.639532394625534,0.0013767666971179668,4.5700827420563055,1.9027416494852667,0.0029194522936163573,Spawning and rearing,1.0,Rearing and migration,1.0,498.05950647111354,27.19887154777327,43.866539173791416,UGR,August/September,24.324026405773356,79.80323623941389,DA+PPT+SLOPE,0,0.517224125622871,1.6969295460067946,DA+PPT,0,1.4434645366376637,4.735776038837479,DA+PPT,0,17.12234252587576,56.17566445497296,DA+PPT+SLOPE,0,0.0,0.0,1.4434645366376637,4.735776038837479,0.6416786748168626,0.6416786748168626,1.162216198438442,3.266199381406415,0.10455795272803305,0.14704117886277926,0.4405857412140896,0.5278124846628717,-0.3513451980310202,-0.26616669488215156,-0.27793015435879515,2.082610765015587e-05,9.225304845867848,9.225304845867848,981,0.3175430524555522,0.420646753824454,0.5145865478944969,0.736959130301615,0.40167935193079213,0.515250689462617,0.5,0.06787717257040435,0.1907565729671886
23428622,Grande Ronde River,17060104000133,1284.7536,0.00365331,691.5039623744516,6.586337856340823,52.84267468592446,138.93594437802517,13.379000000000001,4.884,2.7315532232377184,2.863264186928099,0.001367721206155189,4.442042301478631,2.018328684367713,0.0029027603759839904,Spawning and rearing,1.0,Rearing and migration,1.0,496.0461381551781,27.224565447813056,43.85540814141348,UGR,August/September,24.651268300694504,80.8768645035909,DA+PPT+SLOPE,0,0.5171442102028745,1.6966673563086432,DA+PPT,0,1.4432886273700576,4.735198908694414,DA+PPT,0,17.433702019858348,57.197185104522134,DA+PPT+SLOPE,0,0.0,0.0,1.4432886273700576,4.735198908694414,0.6416903726698047,0.6416903726698047,1.1131483780918685,3.067797485978561,0.099884693867118,0.13928056541179037,0.4347457636473077,0.5183584394359528,-0.34994998144147205,-0.2749805963834187,-0.2751847283079912,2.038890796360542e-05,9.956005055965104,9.956005055965104,981,0.3175009041933116,0.4460045450561813,0.5145070392540608,0.7848941491599581,0.401359392075009,0.5013185721524134,0.5,0.06385037307761172,0.1759693656851597
23428624,Grande Ronde River,17060104000134,1208.0664,0.00497389,693.8242315848042,6.554061115501042,57.356330400819694,149.03574724693522,10.7635,3.1494999999999997,2.826783100834029,2.6627838550280605,0.001333559830735194,4.301975096821305,2.0626893539470514,0.002945783611770453,Spawning and rearing,1.0,Rearing and migration,1.0,466.4370447026018,27.315914629323004,43.79731000790188,UGR,August/September,24.63602749796074,80.82686186994992,DA+PPT+SLOPE,0,0.5122363530068611,1.6805654626209352,DA+PPT,0,1.432231618854983,4.6989226340386585,DA+PPT,0,17.478044526887643,57.34266577062875,DA+PPT+SLOPE,0,0.0,0.0,1.432231618854983,4.6989226340386585,0.6423508975340348,0.6423508975340348,0.9846989214390663,2.589444225434917,0.09035953364583423,0.12592985980223936,0.42176039805872334,0.5012367514391702,-0.3493268285447793,-0.2908504644185461,-0.2694631733908403,2.1613538263588044e-05,10.95157316184205,10.95157316184205,981,0.31490632503825555,0.49232456807480224,0.509624211131088,0.8721925026484865,0.397075730302551,0.4750442158041953,0.5,0.05633919286132028,0.14815411537894882
23428626,Grande Ronde River,17060104000135,1206.4626,1e-05,693.9111633698399,6.551927169074024,7.810716677709199,27.03724325333091,9.461,2.345,2.8258812959076587,3.4725129286711347,0.0013724673751604446,4.199125278719172,2.168518741059754,0.0030143703106447137,Spawning and rearing,1.0,Rearing and migration,1.0,465.8178140607315,27.319337140544878,43.793468904333245,UGR,August/September,14.645310559665006,48.048919159005926,DA+PPT+SLOPE,1,0.5121486680974747,1.6802777824720299,DA+PPT,0,1.432034173888779,4.6982748487164665,DA+PPT,0,8.8096685794283,28.90311213723195,DA+PPT+SLOPE,1,0.0,0.0,1.432034173888779,4.6982748487164665,0.6423628168686067,0.6423628168686067,0.2742263829792328,0.9503634388881718,0.038453651680512776,0.06488550776547707,0.31467480386704827,0.4018363643582482,-0.2822519181327508,-0.33425652583070387,-0.34503790435603243,3.1422378793182583e-06,0.5118565850664981,0.5118565850664981,981,0.3148625048534285,0.044357316654317615,0.5095369732188353,0.068585226809264,0.39055858125956583,0.31055149249348435,0.3,0.031127888694880805,0.10787732027824426
23428628,Grande Ronde River,17060104000136,1199.2743,0.00565353,694.4776297784337,6.544743579587738,59.69136214510971,154.21533437317515,10.7895,2.9835000000000003,2.804767863448517,3.1736361292801165,0.001333327658485936,4.250167046072086,2.1565290295289565,0.0031000661120276786,Spawning and rearing,1.0,Rearing and migration,1.0,463.0423959144808,27.34163896765487,43.780538443257925,UGR,August/September,24.830485160881167,81.46484632835028,DA+PPT+SLOPE,0,0.5118388470046615,1.6792613090704118,DA+PPT,0,1.4313381285495461,4.695991235398773,DA+PPT,0,17.669635979988016,57.97124665350398,DA+PPT+SLOPE,0,0.0,0.0,1.4313381285495461,4.695991235398773,0.6424053570602943,0.6424053570602943,1.3172580362301751,3.3889339518627097,0.12112649463635736,0.16891460654380522,0.4656986843657981,0.5527843451290216,-0.3877418287585564,-0.3308400104901506,-0.16029166611493564,2.2427895639267504e-05,11.525531072376005,11.525531072376005,981,0.3146944969461173,0.5128795967842795,0.5092287303652205,0.9114218061522043,0.39640715386390113,0.4633504694737903,0.7,0.07454924582046023,0.19179421441963448
23428630,Grande Ronde River,17060104000137,1190.1717,0.00747288,694.8788455094108,6.533557534182023,65.19803165367215,166.31737086029966,11.7895,3.9805,2.764040353106219,2.6603776247957103,0.0012979154181862996,4.435019078354458,2.025598383812028,0.0028108656874427096,Spawning and rearing,1.0,Rearing and migration,1.0,459.5278624061324,27.35743486257523,43.76040356152764,UGR,August/September,25.336058861521078,83.12355269527912,DA+PPT+SLOPE,0,0.5112894264464504,1.6774587481838923,DA+PPT,0,1.4300997506238744,4.691928315695126,DA+PPT,0,18.153466949246393,59.55861859988974,DA+PPT+SLOPE,0,0.0,0.0,1.4300997506238744,4.691928315695126,0.642479885600006,0.642479885600006,1.1823650617425483,2.886726327205704,0.1091875820472332,0.15339024805410845,0.4512635253654482,0.5353024732115352,-0.38451937574282935,-0.34909918274952134,-0.15719385946041609,2.6262272460529558e-05,12.912592660916385,12.912592660916385,981,0.3144138897981828,0.560175283336434,0.508682112587768,1.0018080062487407,0.3951209268935623,0.43679174217980704,0.7,0.06513163931981775,0.15901790744855715
23428632,Grande Ronde River,17060104000138,1185.8175,1e-05,694.9284704364126,6.529683562737719,7.78717898294668,26.96747189952297,13.119,4.655,2.789805297696013,2.7446563608454952,0.0012695506295987975,4.314191747844677,2.0089902036428033,0.00285507827054756,Spawning and rearing,1.0,Rearing and migration,1.0,457.84669638740684,27.359388599858764,43.7534304129279,UGR,August/September,14.541113240930807,47.70706443874936,DA+PPT+SLOPE,1,0.5109563912845735,1.6763661131383645,DA+PPT,0,1.4293477424793548,4.689461097373211,DA+PPT,0,8.736636105563626,28.66350428334523,DA+PPT+SLOPE,1,0.0,0.0,1.4293477424793548,4.689461097373211,0.6425247851874971,0.6425247851874971,0.2716257190696665,0.9430978037990669,0.038374660197289606,0.06485084654965237,0.31443259467259643,0.4017647992365457,-0.2825094960558071,-0.33422694069739384,-0.3448889030495094,2.7639766679605026e-06,0.5062750896738439,0.5062750896738439,981,0.31422845034802666,0.04428496388721659,0.5083507759729085,0.06848287504362782,0.3899624145169441,0.31039711506834905,0.3,0.03109042379557173,0.10794747456615339
23428634,Grande Ronde River,17060104000139,1181.673,0.00297479,695.0554869609407,6.5261167646542955,48.44198955619279,128.96865103145893,12.384,6.014,2.76352800411866,2.87619879300473,0.0012760843051383797,4.2096453733722985,1.9936407529141265,0.002875627413889082,Spawning and rearing,1.0,Rearing and migration,1.0,456.24649599132766,27.364389250430737,43.74701017637773,UGR,August/September,23.382999782862623,76.71587855269888,DA+PPT+SLOPE,0,0.5106766914418633,1.675448462735772,DA+PPT,0,1.4287166361870671,4.68739053867148,DA+PPT,0,16.338629629633513,53.60442791874512,DA+PPT+SLOPE,0,0.0,0.0,1.4287166361870671,4.68739053867148,0.6425626478286499,0.6425626478286499,1.1164969109025644,3.1748653773855686,0.10436301210700462,0.14729676915471512,0.43992419091121526,0.5281181261601143,-0.35449043719364476,-0.26339657094635655,-0.277749979752994,1.802660724381783e-05,8.620245916009058,8.620245916009058,981,0.3140816141736139,0.4149130999175139,0.5080725028960498,0.7255215407714448,0.39704461013909603,0.5185030984688137,0.5,0.06833479528035598,0.19431650324132987
23428636,Grande Ronde River,17060104000140,1177.6806,0.00326053,695.1699879945852,6.522166206843499,49.85946107181743,132.19282924719874,13.361,7.334,2.7699774000165593,2.645550514377918,0.001281020075976775,4.578340940708144,2.003371218021793,0.002770205199371354,Spawning and rearing,1.0,Spawning and rearing,1.0,454.7050217335627,27.368897165141153,43.7398991723183,UGR,August/September,23.5286637018489,77.19377854937302,DA+PPT+SLOPE,0,0.5104024904647124,1.6745488532306838,DA+PPT,0,1.428097808358768,4.685360263644252,DA+PPT,0,16.475804802524127,54.05447769856997,DA+PPT+SLOPE,0,0.0,0.0,1.428097808358768,4.685360263644252,0.6425997662924159,0.6425997662924159,1.0913767510249934,3.0618428188877314,0.10193041657444923,0.14304578915774796,0.4369101726653425,0.5229879621909532,-0.35389583452316,-0.26785759445911483,-0.27631615444327595,2.0026063492056374e-05,8.957279993113554,8.957279993113554,981,0.313946720738259,0.42778555714595884,0.5077996980641195,0.7496232051212676,0.3966772668013937,0.5113949202201207,0.5,0.06624117996698967,0.18583874084370378
23428638,Grande Ronde River,17060104000141,1175.0877,0.0051627,695.239224836862,6.520090595292463,57.764801716113354,149.94397800052306,13.798,9.47,2.7432777632358114,2.744747518544547,0.0012777536046673268,4.183809483418526,1.9589155628561727,0.0028182186196809658,Spawning and rearing,1.0,Spawning and rearing,1.0,453.70389744667807,27.37162302507331,43.736163071526434,UGR,August/September,24.427629875504802,80.14314263617061,DA+PPT+SLOPE,0,0.5102214250667355,1.6739548066493946,DA+PPT,0,1.4276890967507314,4.684019346295051,DA+PPT,0,17.31209314376868,56.79820585225945,DA+PPT+SLOPE,0,0.0,0.0,1.4276890967507314,4.684019346295051,0.6426242756718215,0.6426242756718215,0.9600150903194843,2.514678956297883,0.08908544606226008,0.12438918515364883,0.41986755682108073,0.49918425003263217,-0.34991310672414466,-0.2923289541766405,-0.26867249303695473,2.3131379884835383e-05,10.931165766689743,10.931165766689743,981,0.31384837377979713,0.4972869900460735,0.5076195576834267,0.88146155574691,0.3954746310655388,0.4722535011288779,0.5,0.05545343837668944,0.14525562769415998
23428640,Grande Ronde River,17060104000142,1169.1207,0.00474418,695.329480791744,6.514568257459714,56.170668253116936,146.39414203231064,20.604,10.548,2.7372243134669243,2.8377617083745017,0.0012817310600702642,4.173387687445947,1.9608073516626627,0.0028362354672641795,Spawning and rearing,1.0,Spawning and rearing,1.0,451.40002586665526,27.37517640912378,43.72622286342748,UGR,August/September,24.200606218140756,79.39831436397886,DA+PPT+SLOPE,0,0.5097700728488403,1.6724739922862215,DA+PPT,0,1.4266696332534308,4.680674649781597,DA+PPT,0,17.104509609419488,56.117157511218785,DA+PPT+SLOPE,0,0.0,0.0,1.4266696332534308,4.680674649781597,0.6426852713712412,0.6426852713712412,0.9833838976725856,2.61962823959071,0.09153219817423994,0.12740582506965736,0.42324113846306494,0.5031874044880201,-0.3509048154247413,-0.28743363581619863,-0.27012935058482007,2.0781678548284286e-05,10.499426869612105,10.499426869612105,981,0.31360179784598563,0.4834948756661429,0.5071705065936489,0.8553462003177719,0.3953975874214127,0.4800258268994696,0.5,0.057492668315438526,0.15315424408005684
23428642,Grande Ronde River,17060104000143,1012.6476,0.00375827,685.1267075958867,6.586520868017996,49.80739453156863,132.07463423857897,17.3485,15.732,3.0941154652125347,2.6656527407401116,0.0012626902863476842,4.54138817639494,1.8971627530952793,0.002656501242353829,Spawning and rearing,1.0,Spawning and rearing,1.0,390.9854242028273,26.973492425034912,43.855737562432395,UGR,August/September,22.05164335853719,72.34791128129,DA+PPT+SLOPE,0,0.4912360506952989,1.6116668329898258,DA+PPT,0,1.384568151490618,4.542546428774993,DA+PPT,0,15.159004822356692,49.73426778988416,DA+PPT+SLOPE,0,0.0,0.0,1.384568151490618,4.542546428774993,0.6452063048204331,0.6452063048204331,0.9526925812005101,2.6798667621422547,0.09580324354277818,0.13501466475017257,0.4278345369323494,0.5130113584193922,-0.36158805554387985,-0.2701429118530558,-0.27246578906028607,1.856612051527391e-05,8.321595507989068,8.321595507989068,981,0.3037833968786884,0.44054111718759714,0.48873099788241725,0.7720622703297374,0.38222481814894416,0.5041516764033762,0.5,0.06284664411449141,0.17678381882892164
23428644,Meadow Creek,17060104000144,469.5246,0.01172265,652.1818649068674,7.012014521817464,54.356468108262284,142.33656166971787,22.237,6.61,3.844471694688282,3.061416273765155,0.001945133388962567,4.489631643495943,2.212597881390222,0.003421495791750209,Spawning and rearing,1.0,Rearing and migration,1.0,181.2844615487785,25.67645137428612,44.621626139271434,UGR,August/September,16.62541250678332,54.545316623304856,DA+PPT+SLOPE,0,0.41087436453952153,1.3480130070194276,DA+PPT,0,1.1983811219118194,3.9316965941988826,DA+PPT,0,10.6323811344231,34.8831402048002,DA+PPT+SLOPE,0,0.0,0.0,1.1983811219118194,3.9316965941988826,0.657142158678168,0.657142158678168,0.3578240282735734,0.8887937761539955,0.05260204143436373,0.0762849434338301,0.35246357989709204,0.42411107107376467,-0.38990203454726846,-0.3136228802544485,-0.24387304376391927,1.4763231812465698e-05,7.218750364680327,7.218750364680327,981,0.26069020739377174,0.6023077325072047,0.4087791169274324,1.0620805737920915,0.3071814101862417,0.4088869492433349,0.5,0.03365417621412125,0.0835931072181434
23428646,Meadow Creek,17060104000145,420.336,0.00271164,645.0200941702823,7.020831249574326,32.85743475246521,92.50134872612396,21.085,6.923,3.933124143624026,3.60082738536987,0.0020658484615621087,4.530727755377312,2.3709128761059794,0.003430100362242905,Spawning and rearing,1.0,Rearing and migration,1.0,162.29263691309754,25.39449189646781,44.63749624923379,UGR,August/September,13.901682060495988,45.609193111863476,DA+PPT+SLOPE,0,0.3994094819254175,1.3103985627474326,DA+PPT,0,1.1712629500759135,3.8427262141598213,DA+PPT,0,8.411793895059722,27.597748999539768,DA+PPT+SLOPE,0,0.0,0.0,1.1712629500759135,3.8427262141598213,0.6589924731252446,0.6589924731252446,0.5481706812442358,1.7642204948171152,0.08708759415957905,0.13346331503147918,0.4090864518836661,0.5110389113480158,-0.4124892777420594,-0.23372723483142974,-0.2666958932669318,8.376180116423211e-06,3.453345907032106,3.453345907032106,981,0.25447062133520953,0.36637350008012926,0.3973726978465921,0.6250737745058794,0.30682547600867977,0.545174866556186,0.5,0.06516691779219395,0.20973177859876577
23428648,Meadow Creek,17060104000146,418.0509,0.00625577,645.0141894269971,7.01629438941103,42.91761508213256,116.2686330524653,19.72,4.811,3.873550975353066,4.745782181245667,0.0024661698401024453,2.8204095632160575,2.282787358419563,0.004175385859323064,Spawning and rearing,1.0,Rearing and migration,1.0,161.4103548706122,25.39425942625973,44.62932990093985,UGR,August/September,14.871610159810567,48.791371915389,DA+PPT+SLOPE,0,0.3989925199440434,1.3090305772442368,DA+PPT,0,1.1702753563815345,3.839486077367239,DA+PPT,0,9.195395139039016,30.16861922256895,DA+PPT+SLOPE,0,0.0,0.0,1.1702753563815345,3.839486077367239,0.659060991271559,0.659060991271559,0.4360201295483388,1.264575492415501,0.06774632239212304,0.09751200516901048,0.37985089154955254,0.4602770938719845,-0.4056092659272128,-0.27262297310878475,-0.2540214385718794,9.82388814639495e-06,4.977103307752434,4.977103307752434,981,0.25423980897085774,0.48507094780518967,0.39695786361024565,0.8430063111924143,0.2999784581014117,0.47729351519264906,0.5,0.047417226008833156,0.13752269187941152
23428650,McCoy Creek,17060104000147,147.6432,0.00827272,672.4766455412362,7.094226008020089,32.45156582156478,91.52223034869243,13.6375,8.775,4.130358935433058,3.4334299893392273,0.0024033678478744217,3.745960813814406,1.4202205646886674,0.004445026618579421,Spawning and rearing,1.0,Rearing and migration,1.0,57.00535821411405,26.475458485875443,44.76960681443616,UGR,August/September,9.659769672407322,31.69215771787179,DA+PPT+SLOPE,0,0.3362690711361681,1.1032449840425462,DA+PPT,0,1.0194322716043118,3.34459406694328,DA+PPT,0,5.490242547472998,18.012606783047893,DA+PPT+SLOPE,0,0.0,0.0,1.0194322716043118,3.34459406694328,0.6701408416206296,0.6701408416206296,0.19134163973174445,0.5519610070420689,0.047711552401288417,0.07141662996534251,0.336885904163072,0.4148901435940834,-0.43941774558094493,-0.2729130320267213,-0.23995766999104534,5.72639727801104e-06,2.902009897044904,2.902009897044904,981,0.21987876112590665,0.5202415668099306,0.334554272327276,0.8978878822874526,0.23331977277421267,0.45532605751317756,0.5,0.034851217970290504,0.1005349039262611
23428652,McCoy Creek,17060104000148,143.0469,0.00787878,672.6860614979628,7.0750268620782535,31.65012369600268,89.58362816237772,13.705,8.158,4.120041299354186,3.6905441786232585,0.0023877611128259486,3.723169216294001,1.5820804588588246,0.004464602002754002,Spawning and rearing,1.0,Rearing and migration,1.0,55.230716862805394,26.483703208581215,44.73504835174086,UGR,August/September,9.483636033747324,31.114291449302243,DA+PPT+SLOPE,0,0.3343171474425299,1.0968410349164366,DA+PPT,0,1.0146517380460647,3.328909901725934,DA+PPT,0,5.365954804464685,17.60483859732508,DA+PPT+SLOPE,0,0.0,0.0,1.0146517380460647,3.328909901725934,0.670510447174386,0.670510447174386,0.1917701111501183,0.5621978564762938,0.04853803418884564,0.07327898469100584,0.33848399488564995,0.41846564998765784,-0.4416053295407599,-0.2692478980712085,-0.24060873819918582,5.491312926976996e-06,2.7760256649712005,2.7760256649712005,981,0.2187943197267616,0.5102990116124133,0.3326123012380812,0.8799679700339773,0.23167140650438955,0.4614813151304581,0.5,0.03573830159556283,0.10477126195854708
23428654,McCoy Creek,17060104000149,139.5009,0.00368131,673.5540483723826,7.060857394973452,24.614032010811005,72.2343676310284,13.495,8.458,4.063010557237131,5.331214460213246,0.0023377331740097743,,,,Spawning and rearing,1.0,,,53.86159860861389,26.517875920172543,44.70954331095221,UGR,August/September,8.802886185272609,28.880860187902258,DA+PPT+SLOPE,0,0.33300278067209,1.0925288079792979,DA+PPT,0,1.0114330107049372,3.3183497726539932,DA+PPT,0,4.87095042192903,15.980808470895767,DA+PPT+SLOPE,0,0.0,0.0,1.0114330107049372,3.3183497726539932,0.6707614076784013,0.6707614076784013,0.14891135296377817,0.486957852115149,0.03881920787900524,0.06315990245532027,0.3111523634479687,0.3982420824139174,-0.400196906226441,-0.20733208984744647,-0.3536517960471072,4.1698268021739415e-06,1.940324238180653,1.940324238180653,981,0.21806802452506938,0.3915861338087826,0.33130463823480066,0.6652398834039929,0.23789564383015338,0.5346107459516835,0.3,0.030571313617436736,0.09997183504945228
23428656,McIntyre Creek,17060104000150,16.0929,0.02011914,681.1441465178681,7.080287907080141,20.99813838455078,63.047542978952755,14.458,,3.494439697324651,3.003095018567964,0.004555688105262601,,,,Spawning and rearing,1.0,,,6.213503427207727,26.816698681805832,44.744518232744255,UGR,August/September,3.7964919278721156,12.455682178058122,DA+PPT+SLOPE,0,0.2223008885756745,0.7293336239359399,DA+PPT,0,0.7298200601277829,2.3944227694481066,DA+PPT,0,1.7585549584244913,5.769537265172215,DA+PPT+SLOPE,0,0.0,0.0,0.7298200601277829,2.3944227694481066,0.6954031538448638,0.6954031538448638,0.014820154235808018,0.03549579097358545,0.010970106531055552,0.018985714391667283,0.2036251864970518,0.26677327136593204,-0.44374172036971393,-0.24199066668750224,-0.30329750641172826,1.4245410415362142e-06,0.8420128718584639,0.8420128718584639,981,0.1552062129246726,0.5583558326512411,0.22116726762031214,1.0027022049951841,0.10808631606299288,0.41847255249716475,0.3,0.00842746151595146,0.020184635574532466
23428658,McIntyre Creek,17060104000151,13.8861,0.0257131,684.0033682788904,7.009241610508782,21.668200437673764,64.766099652954,17.0645,,3.381295383038889,2.6759450203180632,0.0051062728510309265,,,,Spawning and rearing,1.0,,,5.361453183736258,26.929266467672853,44.616634898915805,UGR,August/September,3.630063688117909,11.909657769415713,DA+PPT+SLOPE,0,0.2167341440637001,0.7110700264557089,DA+PPT,0,0.7150341648804927,2.345912614437312,DA+PPT,0,1.669367042413518,5.476925992170335,DA+PPT+SLOPE,0,0.0,0.0,0.7150341648804927,2.345912614437312,0.6968898065172536,0.6968898065172536,0.011142968691486775,0.024460126355125133,0.008985678303453384,0.01588013401838441,0.19068574380979061,0.2513533750479723,-0.4413748266541068,-0.25158595455784516,-0.29805354048459454,1.6740644991393834e-06,0.8430981446967536,0.6630701972429315,981,0.15195581362801464,0.5956166641419961,0.20570048594553436,1.003836565055161,0.10142861527698958,0.3934114954250845,0.3,0.006674966264684742,0.01465233572585778
23428660,McIntyre Creek,17060104000152,9.5994,0.03263683,698.1549900928183,6.81252722576411,20.777454883164836,62.47982297048381,18.578,,2.9109627184798894,2.477481294491798,0.004003384713404916,,,,Spawning and rearing,1.0,,,3.7063490607123546,27.48641693278812,44.262549006375394,UGR,August/September,3.1607772417251994,10.370004073901573,DA+PPT+SLOPE,0,0.20473623749165187,0.671706815917493,DA+PPT,0,0.6829369066756927,2.240606649198467,DA+PPT,0,1.4194908563277262,4.657122232046346,DA+PPT+SLOPE,0,0.0,0.0,0.6829369066756927,2.240606649198467,0.7002120759760384,0.7,0.007355754478960046,0.014713850144655198,0.0071463950998099665,0.013117788933950426,0.17620620247896435,0.23584149160619564,-0.44345724680492055,-0.2560674945252534,-0.29332886357001603,1.1544730994715054e-06,0.7315274955739471,0.6319673944891144,981,0.14481122154008402,0.6179777896518077,0.1978474730370101,1.0868778365910154,0.08915642072293647,0.3774483473070398,0.3,0.005181966791945139,0.01036558289830796
23428662,McCoy Creek,17060104000153,123.3693,0.0082789,672.5796738633994,7.058090344519455,30.87890152704223,87.71144702394827,17.5625,10.4345,4.088305861823726,4.18070908826401,0.0028339527626923197,,,,Spawning and rearing,1.0,,,47.63315302787056,26.479514719031474,44.70456262013502,UGR,August/September,8.898330102162456,29.193996398170786,DA+PPT+SLOPE,0,0.3249895626462476,1.066238722592676,DA+PPT,0,0.9917271440689728,3.2536979792289134,DA+PPT,0,4.962996624795265,16.28279732544378,DA+PPT+SLOPE,0,0.0,0.0,0.9917271440689728,3.2536979792289134,0.672299417647436,0.672299417647436,0.17019757203345606,0.4973877304226698,0.04620248009957382,0.07036410346291665,0.33266996724522563,0.4128418537936869,-0.44712028315978675,-0.267752663419125,-0.2389245733215144,5.781326685741685e-06,2.535894161995135,2.535894161995135,981,0.21361922981645984,0.5106300514543421,0.3233322816516094,0.8813128793860059,0.22156406656949762,0.4607208928903799,0.5,0.03429330803554135,0.10021923608364094
23428664,McCoy Creek,17060104000154,119.0952,0.00934114,675.8397693541292,7.034675211904456,31.76900136800505,89.87162241268504,17.879,7.345,4.147073714615445,4.133951104267071,0.0029203834521250257,,,,Spawning and rearing,1.0,,,45.9829137920443,26.60786493520194,44.66241538142802,UGR,August/September,8.867020196224376,29.091273609660025,DA+PPT+SLOPE,0,0.32383573438159224,1.0624531967900008,DA+PPT,0,0.9888974422897333,3.244414180740595,DA+PPT,0,4.953386312115697,16.251267428201103,DA+PPT+SLOPE,0,0.0,0.0,0.9888974422897333,3.244414180740595,0.6725284943282188,0.6725284943282188,0.15723260063790606,0.44773575760017364,0.04330893868546728,0.0655094815014266,0.32607348528704283,0.4031203483978631,-0.4455302688188097,-0.27450535280516347,-0.23665543969055958,5.0999071165577086e-06,2.627561167647077,2.627561167647077,981,0.21297472511826487,0.5315262628071895,0.3221843389193978,0.9196599713036632,0.2192981500966588,0.4473313714481871,0.5,0.031742446627537245,0.09038983220530121
23428666,McCoy Creek,17060104000155,117.2277,0.01310638,677.1385125054869,7.025950216638181,35.254880336880866,98.25027490572762,15.836,7.608499999999999,4.131216783754067,4.217326176627548,0.002806884020909751,,,,Spawning and rearing,1.0,,,45.26186801096628,26.65899655533413,44.64671038994872,UGR,August/September,9.06516566452168,29.741357167065882,DA+PPT+SLOPE,0,0.32326752391341745,1.0605889892172489,DA+PPT,0,0.9875017826677808,3.2398352449730337,DA+PPT,0,5.105576082482793,16.75057769843436,DA+PPT+SLOPE,0,0.0,0.0,0.9875017826677808,3.2398352449730337,0.6726410730721968,0.6726410730721968,0.128345674780899,0.33306043825621695,0.03584079183975023,0.0536357100037184,0.3075936798134762,0.37712443974130205,-0.4388027086558327,-0.2946934853088347,-0.2306630141955823,6.554410895627438e-06,3.0167435563913614,3.0167435563913614,981,0.21266377485183488,0.5945462578110559,0.32161902634248424,1.0346119456960365,0.216223685929328,0.4083693170586587,0.5,0.025138333599856125,0.06523464401969167
23428668,McCoy Creek,17060104000156,114.2649,0.00424479,680.1320375235875,7.009790019129284,24.36717055134772,71.61367547765784,10.442,6.819,4.380723131453776,4.534601856912422,0.002845360493849583,,,,Spawning and rearing,1.0,,,44.117924535636725,26.776851871007384,44.61762203443271,UGR,August/September,8.171760799266218,26.810238842736936,DA+PPT+SLOPE,0,0.3226236892243755,1.0584766706836466,DA+PPT,0,0.985926583171353,3.234667267622549,DA+PPT,0,4.463127291619329,14.642806074866563,DA+PPT+SLOPE,0,0.0,0.0,0.985926583171353,3.234667267622549,0.6727710818115715,0.6727710818115715,0.12611285342178538,0.409756049440734,0.03582102315851432,0.058593668512455045,0.3029335740962149,0.3884038831902833,-0.405421324681331,-0.20981559955297854,-0.34894205260717603,3.823894531962334e-06,1.8123195856347873,1.8123195856347873,981,0.2123041657041344,0.40520883467798874,0.32097847458694034,0.6908755163366299,0.22559658681023415,0.5265284716230841,0.3,0.028256611380678018,0.09180917833335306
23428670,McCoy Creek,17060104000157,111.1986,0.02227074,683.3136002427619,6.993408404759805,41.191356957721865,112.25299582039186,9.518,8.357,4.091964576348723,4.752506429267212,0.0030763011799662615,,,,Spawning and rearing,1.0,,,42.93401948689802,26.90211024577803,44.58813512856765,UGR,August/September,9.293849405737662,30.49163190858813,DA+PPT+SLOPE,0,0.3219366625651604,1.0562226462111561,DA+PPT,0,0.9842448684245586,3.229149830789234,DA+PPT,0,5.299965101993696,17.388336948798216,DA+PPT+SLOPE,0,0.0,0.0,0.9842448684245586,3.229149830789234,0.6729099913109311,0.6729099913109311,0.08219736856224397,0.1782985220871489,0.024502761893488583,0.03904828786663083,0.2726851043834792,0.33926104757333814,-0.42700802107489205,-0.32728659099720625,-0.22120262603441304,7.628275296497345e-06,3.68853148724698,2.7185341341698788,981,0.21192815065652065,0.705859441751639,0.300043986856548,1.1370269345972013,0.21172927903437733,0.34469118580462504,0.5,0.015509039584302857,0.03364145209561437
23428672,McCoy Creek,17060104000158,108.7875,1e-05,684.7452311848132,6.984058631947499,3.4473606299546096,13.423199271032532,8.602,8.327,4.283814318545119,4.62171495373589,0.002885461381803567,,,,Spawning and rearing,1.0,,,42.003088572436326,26.958473668693433,44.571305537505495,UGR,August/September,4.832816819746714,15.855698227515466,DA+PPT+SLOPE,1,0.32103385199391254,1.0532606692713666,DA+PPT,0,0.9820215750978516,3.221855561344657,DA+PPT,0,2.2426048006274852,7.357627298646605,DA+PPT+SLOPE,1,0.0,0.0,0.9820215750978516,3.221855561344657,0.6730887995389269,0.6730887995389269,0.05393588792050709,0.20262274263706875,0.024666944152668572,0.04192223499161058,0.2666647672236715,0.34738799762701433,-0.33358167614487333,-0.3238015007401046,-0.31794987896235355,4.4162101466166485e-07,0.08127678940488306,0.08127678940488306,981,0.21142406767994576,0.0338152765756856,0.3193967438595912,0.052649262730176,0.2728959793847025,0.2879424030843468,0.3,0.0240505540278054,0.09035151560380791
23428674,McCoy Creek,17060104000159,106.7679,0.00037606,686.9204004961375,6.9719013505321366,10.990663049150877,36.22071454841637,10.607,6.757,4.232409461133713,4.799289628712557,0.002854708278831302,,,,Spawning and rearing,1.0,,,41.22331665304401,27.04411025575345,44.54942243095785,UGR,August/September,6.501229435215204,21.329492897687675,DA+PPT+SLOPE,1,0.320553629577833,1.0516851364102133,DA+PPT,0,0.980844691005633,3.2179943930631003,DA+PPT,0,3.319908637282221,10.892088704994164,DA+PPT+SLOPE,1,0.0,0.0,0.980844691005633,3.2179943930631003,0.6731861501445471,0.6731861501445471,0.14450296673542987,0.5434772239872434,0.04818764719641592,0.08561723879395865,0.32837063357557594,0.44074467353642605,-0.3860242579275793,-0.20138539931026014,-0.3644026955657446,1.5983317097968813e-06,0.5429255598126184,0.5429255598126184,981,0.2111597664263907,0.1609620402208416,0.31891897049219403,0.26183096964048774,0.25907045624009434,0.5431302387282777,0.3,0.04352618777296366,0.1637024639425471
23428676,McCoy Creek,17060104000160,101.1114,0.01061143,692.1801321729326,6.942323571005981,31.60816192687598,89.48193402281656,11.183,6.663,4.129694590153047,4.667496682140256,0.002509094369830415,,,,Spawning and rearing,1.0,,,39.03932979324866,27.251186306020973,44.496182427810766,UGR,August/September,8.419056075230138,27.621575049967642,DA+PPT+SLOPE,0,0.3188322106537164,1.046037436527941,DA+PPT,0,0.9766117154581119,3.204106678012178,DA+PPT,0,4.6866690637671296,15.376210839131002,DA+PPT+SLOPE,0,0.0,0.0,0.9766117154581119,3.204106678012178,0.6735322691637406,0.6735322691637406,0.13398049733600623,0.3696829879211719,0.03948890182720451,0.05958310204839238,0.31655465734231225,0.3905779335239611,-0.4460181399368172,-0.28083009567976774,-0.23366286255621058,4.96086989164924e-06,2.5676898944152136,2.5676898944152136,981,0.21020177972581466,0.5539771363408598,0.3172063307214766,0.961377372585945,0.21287400884482152,0.4331247345208875,0.5,0.028587573714520635,0.07887968680767528
23428678,McCoy Creek,17060104000161,97.5798,0.00815482,694.5115917889295,6.9288740258523,28.793878822722473,82.6156407469228,11.349,6.214,4.447233201252499,5.002604413756663,0.0029195701617364843,,,,Spawning and rearing,1.0,,,37.675771410140165,27.342976054682268,44.47197324653414,UGR,August/September,8.11681466055985,26.62996935879216,DA+PPT+SLOPE,0,0.31737682009685314,1.0412625331261585,DA+PPT,0,0.9730200285945451,3.1923229284597934,DA+PPT,0,4.476665504610465,14.687222784155068,DA+PPT+SLOPE,0,0.0,0.0,0.9730200285945451,3.1923229284597934,0.6738229319336002,0.6738229319336002,0.1504355687945513,0.4426865880645954,0.04494073276640961,0.06955305173134342,0.32919894041198766,0.41124951299375934,-0.4523203406621568,-0.26467035998926436,-0.23806856658216913,4.4301012880858194e-06,2.239610231776554,2.239610231776554,981,0.2093957061013848,0.5057428499254425,0.3157583615764102,0.8737526910909676,0.21342994684493397,0.4636299210754573,0.5,0.0336043800099917,0.09888757326377806
23428680,McCoy Creek,17060104000162,83.6523,0.00947157,702.0669877167128,6.877932678424887,28.819893898074657,82.67954156868802,12.305,6.19,4.442552463021931,4.787130324089203,0.0032102815010358974,,,,Spawning and rearing,1.0,,,32.29833359704024,27.64043258727216,44.380278821164794,UGR,August/September,7.702785624368142,25.27160637916057,DA+PPT+SLOPE,0,0.31038798481416285,1.018333283511033,DA+PPT,0,0.9557112624096517,3.135535637826941,DA+PPT,0,4.216280288024132,13.832940577506994,DA+PPT+SLOPE,0,0.0,0.0,0.9557112624096517,3.135535637826941,0.6752282859662277,0.6752282859662277,0.12684459955975455,0.363414170723956,0.04058125226402,0.06266370622944514,0.31849096750393896,0.39719645083230115,-0.4540527222294156,-0.2706847001327794,-0.23468132537378492,4.9441813240233676e-06,2.1764761076704557,2.1764761076704557,981,0.20549264175068196,0.5277644562569356,0.3088051659866124,0.9149094397514631,0.20468009965024542,0.4491707957790938,0.5,0.030084479895713365,0.08619307681137635
23428682,McCoy Creek,17060104000163,79.7634,0.01072208,704.5293576704613,6.865638800116308,29.664711320386832,84.7502046982835,19.762,5.33,4.469262426280704,4.8701981188265995,0.0031148712217279983,,,,Spawning and rearing,1.0,,,30.796820912684527,27.737376286238636,44.35814984020935,UGR,August/September,7.629210305405368,25.030217537419187,DA+PPT+SLOPE,0,0.3082904776372231,1.0114516982848527,DA+PPT,0,0.9505024311839485,3.118446296535264,DA+PPT,0,4.175142621435429,13.697974479775027,DA+PPT+SLOPE,0,0.0,0.0,0.9505024311839485,3.118446296535264,0.6756552455597451,0.6756552455597451,0.11551498120067712,0.32044885630132897,0.03778069849920187,0.05781063637480766,0.31141132504699903,0.3866659385406925,-0.45293445974338886,-0.2768782923341466,-0.23240654942326258,4.983603175533385e-06,2.2285434462460465,2.2285434462460465,981,0.20432633919644666,0.5480177550044538,0.3067183553750873,0.952266100724857,0.2015071212683436,0.4362486778139999,0.5,0.027667313832015317,0.07675159518051566
23428684,McCoy Creek,17060104000164,72.36,0.01401574,707.9847285241207,6.842041692675596,31.38807609916558,88.94823833319543,21.946,5.3,4.292102339341802,3.6802522221426983,0.0029912583333965453,,,,Spawning and rearing,1.0,,,27.938352192131383,27.87341450882365,44.31567504681607,UGR,August/September,7.480816807797629,24.543362230307178,DA+PPT+SLOPE,0,0.30359133549029516,0.9960345652568738,DA+PPT,0,0.9387989828745635,3.08004915641261,DA+PPT,0,4.089698517775751,13.417646055694721,DA+PPT+SLOPE,0,0.0,0.0,0.9387989828745635,3.08004915641261,0.6766173152843529,0.6766173152843529,0.09193696034153605,0.23653380559421486,0.03169358008978872,0.048586483274446625,0.29457321496474337,0.3648982847229164,-0.44988585151728033,-0.29111776618407703,-0.22730280220885382,5.167408940948138e-06,2.349189122886089,2.2896757037867235,981,0.20169536238260907,0.5953203717469193,0.3002594945525695,1.0323693063817099,0.1945842628514101,0.40627504329568104,0.5,0.022480131467377075,0.05783648955201167
23428686,McCoy Creek,17060104000165,63.4779,0.01057917,712.659784057525,6.836493311144291,27.821857902962645,80.22203724824459,21.233,5.045,4.264613212304968,3.4108849887308277,0.002930189520330462,,,,Spawning and rearing,1.0,,,24.508954209741525,28.057471813288387,44.30568796005972,UGR,August/September,6.905145408161542,22.654676535963063,DA+PPT+SLOPE,0,0.29738715375763003,0.9756796383124344,DA+PPT,0,0.9232933191625617,3.029177556307617,DA+PPT,0,3.7060629487574483,12.158999175713413,DA+PPT+SLOPE,0,0.0,0.0,0.9232933191625617,3.029177556307617,0.6779060916119659,0.6779060916119659,0.10165537084710963,0.28667395075636226,0.03683907757787443,0.057521096269397824,0.3080733052566604,0.3860193290127461,-0.46098645796948734,-0.2703636282848472,-0.231810836167791,4.264393901590228e-06,1.898883009004577,1.898883009004577,981,0.19820883919065654,0.5335204967716176,0.29587063137385716,0.9293516928730641,0.19010497539457044,0.44426874830742397,0.5,0.027429477656657767,0.07735269333524866
23428688,McCoy Creek,17060104000166,61.0344,0.00906163,714.7349325720818,6.827072774358087,26.18087280934061,76.15347625160747,22.47,4.546,4.132735461201291,3.8419233274768523,0.002998594665766986,,,,Spawning and rearing,1.0,,,23.56551358534306,28.13917057370401,44.28873099384455,UGR,August/September,6.704988046886336,21.997992279810813,DA+PPT+SLOPE,0,0.29573299199253417,0.9702525984007025,DA+PPT,0,0.9191518756754788,3.015590143292253,DA+PPT,0,3.5735686271358142,11.724306519474455,DA+PPT+SLOPE,0,0.0,0.0,0.9191518756754788,3.015590143292253,0.6782544867514937,0.6782544867514937,0.06456375107680097,0.18930613107448424,0.023790909404933315,0.03810426056233521,0.26562766212306244,0.3365047348545527,-0.4128602390659341,-0.23541595266539253,-0.32793289886374,3.3494548754128407e-06,1.7306953855545153,1.7306953855545153,981,0.19728054081944751,0.5046891048580615,0.29422490648086924,0.8772023107272258,0.18962807314275731,0.4626192829897444,0.3,0.018067024258758474,0.0529739738694235
23428690,McCoy Creek,17060104000167,57.5334,0.00673076,716.575643319155,6.815782589067797,23.3802436730468,69.12306060385643,22.058,4.153,4.050463146744116,4.057156439944427,0.0030565050426143584,,,,Spawning and rearing,1.0,,,22.213769928285956,28.211639500754135,44.26840866032204,UGR,August/September,6.374220646943782,20.91279739810952,DA+PPT+SLOPE,0,0.29291554874388714,0.9610090181886061,DA+PPT,0,0.9120808049026514,2.9923910922003,DA+PPT,0,3.3533620391257974,11.001843960386473,DA+PPT+SLOPE,0,0.0,0.0,0.9120808049026514,2.9923910922003,0.6788491248040784,0.6788491248040784,0.07105096900241571,0.22125425873925825,0.02699257600487799,0.04472573696683263,0.2758102084462065,0.35496524679120023,-0.4189506643055645,-0.21976228286805508,-0.33429447682150243,2.889387964593863e-06,1.4560417916929447,1.4560417916929447,981,0.19569355638975294,0.4528847022801819,0.2914218307645339,0.7837566490245519,0.1894935297246956,0.49593719347471005,0.3,0.021187980353275036,0.06597983043815274
23428692,McCoy Creek,17060104000168,53.9541,0.01082827,718.335772921138,6.8088619196656825,26.724610937820223,77.50554479802402,23.2325,3.2455,4.138571172522463,3.3964518998843554,0.0030702509714428876,,,,Spawning and rearing,1.0,,,20.831794472214977,28.280935941777088,44.25595145539823,UGR,August/September,6.448910666117143,21.15784339277278,DA+PPT+SLOPE,0,0.28981738719998595,0.9508444461941796,DA+PPT,0,0.9042888819554558,2.966827040536272,DA+PPT,0,3.4162111370715444,11.208041788292467,DA+PPT+SLOPE,0,0.0,0.0,0.9042888819554558,2.966827040536272,0.6795079614677138,0.6795079614677138,0.09062078181648715,0.25519486032592636,0.03537629346623047,0.05585207891100371,0.3035857270248796,0.3822490789665186,-0.4658375378867432,-0.26804285418567164,-0.23074331446135468,3.885316583547872e-06,1.7217041480979471,1.7217041480979471,981,0.19395448198813914,0.5305375860728152,0.28833946688610906,0.925815924288185,0.18184417736828626,0.4455704223030483,0.5,0.02652669234436411,0.07470113821614824
23428694,McCoy Creek,17060104000169,43.8246,0.01005577,721.1083602612086,6.811462673313714,24.54136540473705,72.05175291488683,21.452,,4.178025378659208,3.410829706190128,0.002960404145332115,,,,Spawning and rearing,1.0,,,16.92077265725927,28.390092923669634,44.26063281196468,UGR,August/September,5.838702324475959,19.15584752124658,DA+PPT+SLOPE,0,0.27926317379138477,0.9162177617827584,DA+PPT,0,0.8776099928431966,2.879297876782141,DA+PPT,0,3.0249843552015503,9.924489354335794,DA+PPT+SLOPE,0,0.0,0.0,0.8776099928431966,2.879297876782141,0.6817912557186653,0.6817912557186653,0.04942777227938292,0.1432255756783669,0.021281793162003345,0.03468459706879681,0.25543962072799287,0.32612108951199437,-0.42162161775601753,-0.2334618673625145,-0.3236347217194646,3.2657768645620327e-06,1.4333461247505934,1.4333461247505934,981,0.18798739000765816,0.5054505439364685,0.2778390746261128,0.8834825812394894,0.17132837015280175,0.46080490921972944,0.3,0.01633984393816464,0.0473475426185548
23428696,McCoy Creek,17060104000170,17.4888,0.02342273,724.1402130094843,6.614686129836198,23.28984719579498,68.8941879862312,22.566,,3.297069571836281,3.056456416844295,0.003465443680890196,,,,Spawning and rearing,1.0,,,6.752463430317127,28.50945720509781,43.90643503370516,UGR,August/September,4.123862730682744,13.529733368381704,DA+PPT+SLOPE,0,0.23507104351955,0.7712304577413057,DA+PPT,0,0.763639127618349,2.505377715283297,DA+PPT,0,1.9869181275229573,6.5187602609020905,DA+PPT+SLOPE,0,0.0,0.0,0.763639127618349,2.505377715283297,0.6921699857723456,0.6921699857723456,0.014715998805180961,0.03215374110128311,0.010270029995054882,0.017463851772572654,0.2003379159622639,0.25944582047887077,-0.43139772792048336,-0.2579528749449418,-0.3003793671395199,2.1627849154421913e-06,1.0610201088714415,0.8791461256559077,981,0.1626650064789857,0.6119858386264826,0.22505210121142188,1.0412993541875586,0.11968759389331382,0.3865258292403009,0.3,0.007406444483712593,0.01618272069487252
23428698,McCoy Creek,17060104000171,13.392,0.07790697,724.8116013024394,6.56612347368125,31.51285780231786,89.2508927499097,23.079,,3.3845432623986498,2.930334622005699,0.0038437538607589902,,,,Spawning and rearing,1.0,,,5.170680107200435,28.53588981505667,43.819022252626254,UGR,August/September,4.037444646061339,13.246209468705182,DA+PPT+SLOPE,0,0.2235523820179886,0.7334395735498314,DA+PPT,0,0.7332770108325859,2.4057644712355177,DA+PPT,0,1.9534170830962498,6.408848697822342,DA+PPT+SLOPE,0,0.0,0.0,0.7332770108325859,2.4057644712355177,0.6951324278335684,0.6951324278335684,0.005778959081675902,0.009442203514526092,0.005420128291924915,0.012183165910740213,0.1609351733811981,0.2301018195104465,-0.4593485772977343,-0.335679476190978,-0.1995518182193627,2.214080787229731e-06,1.4329644024850754,0.13445736395354002,981,0.15596444599097276,0.8722731536215949,0.17630680567891088,0.9042124750726315,0.1040245853278222,0.2689167201368306,0.5,0.0029583846336164953,0.0048336853384940166
23428700,McCoy Creek,17060104000172,12.4065,0.0287175,724.0550467329705,6.550848246127747,22.357835053301798,66.52689128901153,22.751,,,,,,,,,,,,4.790176429956855,28.506104202085453,43.79152684302994,UGR,August/September,3.584293925905122,11.759494507562735,DA+PPT+SLOPE,0,0.22017025591508577,0.7223433593014624,DA+PPT,0,0.7243024190262979,2.3763202723959904,DA+PPT,0,1.6744891615093613,5.4937308448469855,DA+PPT+SLOPE,0,0.0,0.0,0.7243024190262979,2.3763202723959904,0.6960244089601861,0.6960244089601861,0.010162123946672284,0.020885397457989566,0.008479529775351491,0.015095580876729329,0.18736927992226973,0.24714392698317905,-0.4365463342868303,-0.2587485876184986,-0.29622554831931946,1.4363904816606127e-06,0.8889651856949758,0.6374613585725905,981,0.15398571770463762,0.6212356015141979,0.2056783742246523,1.0276828504074915,0.10450546753730548,0.37804046241166184,0.3,0.006068790518484029,0.012472697905768323
23428702,McCoy Creek,17060104000173,9.6129,0.01253472,724.5498394652186,6.518530264298379,15.924096436215075,49.753411311644285,22.083,,,,,,,,,,,,3.711561439852678,28.52558423091412,43.73335447573708,UGR,August/September,2.9764564841134455,9.765277178849887,DA+PPT+SLOPE,0,0.20981910201491258,0.6883828806263536,DA+PPT,0,0.6966767971510162,2.2856850300230187,DA+PPT,0,1.3245241086189878,4.34555153746387,DA+PPT+SLOPE,0,0.0,0.0,0.6966767971510162,2.2856850300230187,0.6988286349237625,0.6988286349237625,0.015552691376384575,0.043693022474702164,0.014154683069625858,0.02756630857370277,0.2193298325174593,0.302082943511947,-0.4634668023547665,-0.20886335824079533,-0.31351515633481225,1.0270388385800862e-06,0.5052128444415672,0.5052128444415672,981,0.1479193058966351,0.4450781981984958,0.20874913299322012,0.8130303132476144,0.10060530422870641,0.4923029105578928,0.3,0.011742097614667471,0.03298771399507299
23428704,McCoy Creek,17060104000174,7.7328,0.03016149,725.8554670588919,6.500101860789106,19.854080317783666,60.09485328681908,18.784,,,,,,,,,,,,2.9856507715770255,28.57698689208236,43.70018334942039,UGR,August/September,2.902240017967423,9.521784835851125,DA+PPT+SLOPE,0,0.20153455266161802,0.6612026005958596,DA+PPT,0,0.6743799809586901,2.212532745927461,DA+PPT,0,1.2929842021342028,4.242074153983605,DA+PPT+SLOPE,1,0.0,0.0,0.6743799809586901,2.212532745927461,0.7011557899819045,0.7,0.007664272989576533,0.015678362444768702,0.007945307860595786,0.014795464520333802,0.1819563488073898,0.2454951226783466,-0.44977237788451574,-0.24600098178444693,-0.2962813324704415,9.691891766327627e-07,0.6279014154339413,0.5812702576271058,981,0.14254946025043802,0.579191031695662,0.1973817663179608,1.054233970208383,0.08654555185443193,0.4000400073929993,0.3,0.0059275844027528455,0.012125718488199592
23428706,Meadow Creek,17060104000175,269.2827,0.00767695,629.9005210323857,6.970200244235229,40.606057964753575,110.88601272850023,15.286,1.651,3.431285270225847,3.518091122928853,0.0023012525168995997,2.996219227855234,1.971977697329745,0.004173416185011606,Spawning and rearing,1.0,Rearing and migration,1.0,103.97063172813787,24.79923311151125,44.54636043962341,UGR,August/September,12.216861089362071,40.08156525381257,DA+PPT+SLOPE,0,0.36127910600787333,1.1852989042253061,DA+PPT,0,1.0800197973288879,3.543372038480603,DA+PPT,0,7.1765917147140454,23.54524840785448,DA+PPT+SLOPE,0,0.0,0.0,1.0800197973288879,3.543372038480603,0.6654884411365503,0.6654884411365503,0.29973836870580733,0.8800277316770192,0.057717376544940996,0.08478602606000625,0.35912551540541193,0.43931371328712654,-0.42646198424072906,-0.2687698617840739,-0.24705077743025605,7.204445363690795e-06,3.7429216084934422,3.7429216084934422,981,0.2336331723716375,0.4907458450297173,0.35943676765567323,0.8522856342300676,0.2617418298538844,0.4719979931294246,0.5,0.04176611692863324,0.12262474537498254
23428708,Meadow Creek,17060104000176,253.8216,0.00649659,631.4017166499231,6.923327785947767,37.8195027329048,104.33818267928999,16.424,2.257,3.3893410944876177,3.1563655523770646,0.0022652727538772276,2.799595050672406,1.4380933173872223,0.003427265525364931,Spawning and rearing,1.0,Rearing and migration,1.0,98.00106764469727,24.858335301178073,44.46199001470598,UGR,August/September,11.7401282393794,38.517481100326115,DA+PPT+SLOPE,0,0.3577884174887987,1.1738465140708618,DA+PPT,0,1.0715925236016959,3.5157235026302356,DA+PPT,0,6.83040110952559,22.409452459073457,DA+PPT+SLOPE,0,0.0,0.0,1.0715925236016959,3.5157235026302356,0.6661152354010018,0.6661152354010018,0.30685777545799875,0.9261733127081216,0.06087293117734382,0.09096150877143666,0.3646130134291129,0.4497307175281418,-0.43091625832738206,-0.25887970661426024,-0.24933110388101384,7.382502971963593e-06,3.3504057349155754,3.3504057349155754,981,0.23172385445305832,0.46336540922450936,0.35596388008958835,0.8016322916059315,0.2595497264559811,0.4889317954068102,0.5,0.0449252936302758,0.13559574289370682
23428710,Meadow Creek,17060104000177,226.7892,0.01081339,634.0623629829712,6.879814636486233,43.1443405766496,116.79429929493682,19.848,2.8979999999999997,3.630050029544807,3.3135633154824644,0.0023824415869460524,2.574160501747829,1.3457172544600446,0.003349071078933651,Spawning and rearing,1.0,Rearing and migration,1.0,87.56379965411446,24.963085156809893,44.38366634567522,UGR,August/September,11.661229935859184,38.258628398488135,DA+PPT+SLOPE,0,0.3511581918737333,1.1520938053600174,DA+PPT,0,1.0555405602518428,3.4630595808787494,DA+PPT,0,6.808158836196764,22.336479121380457,DA+PPT+SLOPE,0,0.0,0.0,1.0555405602518428,3.4630595808787494,0.6673190921342236,0.6673190921342236,0.2315323326373068,0.6375785030442096,0.048126468420424146,0.07058256036776718,0.3391022022192982,0.4132686574959089,-0.42759936658716136,-0.2841941929997244,-0.24007997199269002,8.155965121001918e-06,3.857519646098015,3.794848417403915,981,0.22807468236842063,0.5424888041414382,0.3480163220731117,0.9427196745771728,0.2486234460570006,0.4398303441735831,0.5,0.034008068584758154,0.09364918157526118
23428712,Meadow Creek,17060104000178,188.5923,0.00789215,643.5413069401703,6.830705250525242,37.07459626683072,102.57622221056138,15.967,2.193,3.593381423156706,3.305280509655204,0.0021738121783436426,2.4683997294530284,1.128493493385771,0.00341815549956629,Spawning and rearing,1.0,Rearing and migration,1.0,72.81589411448451,25.336271926778362,44.29526945094544,UGR,August/September,10.519171507082499,34.51171754292158,DA+PPT+SLOPE,0,0.34233829091823087,1.1231571224351407,DA+PPT,0,1.034125331427527,3.3927996437910988,DA+PPT,0,6.011518126637278,19.722828499466136,DA+PPT+SLOPE,0,0.0,0.0,1.034125331427527,3.3927996437910988,0.6689586063560977,0.6689586063560977,0.2378725898758571,0.7037110395342031,0.05362480086283266,0.08021903391455867,0.34968218136318274,0.43127982487929756,-0.4381944791280645,-0.2639580672853137,-0.2442226527237892,5.83824817582657e-06,3.0230047843697223,3.0230047843697223,981,0.22320973564058044,0.4862400474752063,0.340592542202411,0.8436819097352806,0.24192870672190278,0.47424392251223724,0.5,0.03956947061705331,0.11706045373397965
23428714,Meadow Creek,17060104000179,176.9004,0.00975633,649.206715605435,6.8005155653580305,38.9835675180081,107.08165543831217,19.33,1.515,3.700955671049322,3.3664596808701144,0.002281162450770627,2.3857917939918867,1.3827142316915544,0.0034326480345534044,Spawning and rearing,1.0,Rearing and migration,1.0,68.30162628702209,25.559319512025,44.24092801764446,UGR,August/September,10.445832854988359,34.27110516728464,DA+PPT+SLOPE,0,0.3401326172473933,1.1159206602604765,DA+PPT,0,1.028769024203784,3.3752264573614954,DA+PPT,0,5.985666563238103,19.63801365891766,DA+PPT+SLOPE,0,0.0,0.0,1.028769024203784,3.3752264573614954,0.6693790255683105,0.6693790255683105,0.20948502170127006,0.5980038537710113,0.04839263656548513,0.07209050657567989,0.33879140840349203,0.41619100760601013,-0.436175641864748,-0.27510035755724616,-0.24033136401252067,6.923493398634248e-06,3.2073166077530817,3.2073166077530817,981,0.2220006989679739,0.5210475827890916,0.3383981157084919,0.9072508783730238,0.2378193880724858,0.4525864338158216,0.5,0.03499777668670265,0.09990597495753345
23428716,Meadow Creek,17060104000180,170.3655,0.00778884,653.0377415516674,6.77279618271604,35.90817161401118,99.80693457653169,17.784,1.365,3.685403353749337,3.3063179467780754,0.002251843148697312,2.3963590766686864,1.162078658685083,0.0033819700309821897,Spawning and rearing,1.0,Rearing and migration,1.0,65.77848729116306,25.710147305183757,44.191033128888876,UGR,August/September,10.106599103616684,33.158133542049484,DA+PPT+SLOPE,0,0.3390034865403547,1.1122161631901402,DA+PPT,0,1.0260287309245137,3.36623599384683,DA+PPT,0,5.748594417125023,18.860217903953487,DA+PPT+SLOPE,0,0.0,0.0,1.0260287309245137,3.36623599384683,0.6695964973272317,0.6695964973272317,0.22603907830231243,0.6709890535377491,0.05309550568188302,0.07996576246700315,0.348333549122379,0.4308254604613867,-0.44046425936060457,-0.26256598548691384,-0.2438742494705985,5.519973282065164e-06,2.8625627721077858,2.8625627721077858,981,0.22137296257799316,0.4840097639094549,0.3372747419102774,0.839697256154954,0.23845563621069785,0.4756533347089521,0.5,0.0393207559797476,0.11672228110907899
23428718,Meadow Creek,17060104000181,167.7726,0.00704086,654.6881469429117,6.759645596719308,34.62667734915138,96.74947749869092,23.038,1.181,3.701957614198731,3.278011839753417,0.002185878576504806,2.3824316500967466,1.0684506104199083,0.0032425673512164665,Spawning and rearing,1.0,Rearing and migration,1.0,64.77736300427836,25.775123895390223,44.167362074094754,UGR,August/September,9.964548442928798,32.6920880673517,DA+PPT+SLOPE,0,0.3385725520885395,1.1108023362484891,DA+PPT,0,1.0249832828214358,3.3628060460020857,DA+PPT,0,5.649669423831896,18.53566083934349,DA+PPT+SLOPE,0,0.0,0.0,1.0249832828214358,3.3628060460020857,0.6696799276993449,0.6696799276993449,0.2331077687276085,0.702668890900003,0.05517585611100414,0.08396586885335218,0.3523569707427507,0.4378925892824232,-0.4422232188542905,-0.25716791400381156,-0.24543301103089374,6.0777776458573835e-06,2.721421287287883,2.721421287287883,981,0.22114335013514308,0.46827907494000987,0.33684600604089304,0.8107058840965092,0.23887615072970161,0.4856165571970069,0.5,0.04126042627278231,0.12437345235385769
23428720,Meadow Creek,17060104000182,131.6007,0.00846788,674.9894102268117,6.693755781707756,34.353494859677255,96.09561677284265,40.094,1.118,3.7463962277996563,4.216396419671202,0.002210979097045835,4.066170461659451,1.2467217563958086,0.004271910216523237,Spawning and rearing,1.0,Rearing and migration,1.0,50.81131433569685,26.574386229402037,44.04876040707396,UGR,August/September,9.199899944486605,30.18339876800067,DA+PPT+SLOPE,0,0.3297832921712342,1.0819661816641541,DA+PPT,0,1.0035352013178016,3.2924383245334696,DA+PPT,0,5.177396729563147,16.98620974266124,DA+PPT+SLOPE,0,0.0,0.0,1.0035352013178016,3.2924383245334696,0.6713784511612785,0.6713784511612785,0.1886869669193509,0.5553049119683324,0.049241068753684704,0.0744652954704191,0.3396811993181482,0.4207117475685206,-0.4450623476503517,-0.26459201545039707,-0.2411045681455665,5.773037931020142e-06,2.600075736446045,2.600075736446045,981,0.21628267358813946,0.49549878707128814,0.32810156692587295,0.8612934860687966,0.22783171656605977,0.4684588261659992,0.5,0.03644437094069702,0.10725562304266133
23428722,Meadow Creek,17060104000183,128.5425,0.01059659,677.3439973604978,6.673037449168936,36.697746479662385,101.6829071610254,53.981,1.095,3.8157863805843553,5.095355594301482,0.0021199690860709583,3.956726580555213,1.1410182641567794,0.004247123160751574,Spawning and rearing,1.0,,1.0,49.63053671444234,26.66708651025582,44.01146740850409,UGR,August/September,9.290609576617575,30.48100254795792,DA+PPT+SLOPE,0,0.329057468552144,1.0795848705779003,DA+PPT,0,1.0017618875467815,3.286620365967131,DA+PPT,0,5.254589021299993,17.23946529297898,DA+PPT+SLOPE,0,0.0,0.0,1.0017618875467815,3.286620365967131,0.6715212740245349,0.6715212740245349,0.1680248010306094,0.4708347561419241,0.04424259138725935,0.06651459263478766,0.3287400292334874,0.4051715833137699,-0.44158518534222146,-0.2769213009315799,-0.23725092233893924,6.142325707793058e-06,2.830168334483234,2.830168334483234,981,0.2158839733269957,0.5331928019381684,0.3273794446233871,0.9304075431622608,0.22524442831868924,0.44479627419954476,0.5,0.031976773130972636,0.08960448747434845
23428724,Meadow Creek,17060104000184,122.0985,0.01288052,679.363053183084,6.647028574449955,38.55794792338941,106.07993872515561,63.064,0.862,3.7175312605697144,4.103899408536224,0.002143870802900987,3.959570024855733,1.1954258662499564,0.004027506018148484,Spawning and rearing,1.0,,1.0,47.142494404794824,26.746576896971813,43.96465143400992,UGR,August/September,9.238093874766681,30.308706938210896,DA+PPT+SLOPE,0,0.3264835734737683,1.071140332919187,DA+PPT,0,0.9954381867742181,3.2658733161883795,DA+PPT,0,5.230385881401278,17.16005866601469,DA+PPT+SLOPE,0,0.0,0.0,0.9954381867742181,3.2658733161883795,0.6720202441381524,0.6720202441381524,0.14708383297064875,0.39370015220622334,0.039724546887545675,0.05948737975283491,0.31786163906596715,0.3903686624713313,-0.4395330190781759,-0.2870417714211743,-0.23370066261310407,5.47059117042849e-06,2.9726548077974773,2.9726548077974773,981,0.21445121085899374,0.5656327919336884,0.3248186750450497,0.9905529412562062,0.2210940501321989,0.42441571367486763,0.5,0.028121028984431903,0.07527172203607026
23428726,Meadow Creek,17060104000185,120.2391,0.00904875,679.9335998300519,6.639787714435984,34.28320333263257,95.92725361644165,72.751,1.075,3.8435412092088317,4.1067572588054535,0.0022211713018201683,4.159395040281101,1.2113849192489474,0.00418289898260157,Spawning and rearing,1.0,,1.0,46.424576051201,26.769039363387872,43.951617885984774,UGR,August/September,8.910252298906851,29.233111216885995,DA+PPT+SLOPE,0,0.3257091474179638,1.0685995650195663,DA+PPT,0,0.9935334580427599,3.2596242061770337,DA+PPT,0,4.991417721157531,16.37604239224912,DA+PPT+SLOPE,0,0.0,0.0,0.9935334580427599,3.2596242061770337,0.6721709321600462,0.6721709321600462,0.1738469538392349,0.5072799521564104,0.047158916671444215,0.07198546575808415,0.33491413959389577,0.41598876972519294,-0.4466726245248647,-0.2666095328520007,-0.23955892595169032,5.568087874289573e-06,2.531791724874798,2.531791724874798,981,0.21402480523537828,0.503676839431047,0.3240481985276542,0.876768494894416,0.22299366125201078,0.4630777834824961,0.5,0.03482917350361914,0.10163043457696624
23428728,Meadow Creek,17060104000186,114.3567,0.01387638,682.8827070910107,6.623053059758019,38.81736124680072,106.69066895203031,70.43,1.2854999999999999,3.7755782095602117,3.828065186317633,0.0024374382012230435,4.2273126054824655,1.1938910685059565,0.004043597486368376,Spawning and rearing,1.0,,1.0,44.15336871379092,26.88514594846499,43.92149550756443,UGR,August/September,9.04546983576732,29.67673830632323,DA+PPT+SLOPE,0,0.3235254264066875,1.0614351260061925,DA+PPT,0,0.9881637368925983,3.242007010802488,DA+PPT,0,5.107581659427596,16.757157675287388,DA+PPT+SLOPE,0,0.0,0.0,0.9881637368925983,3.242007010802488,0.6725993736381657,0.6725993736381657,0.13561471813122913,0.3571687451766039,0.03775133750023663,0.056324532543204894,0.31268922763390294,0.3833238711099798,-0.43999407150733466,-0.2901179789253661,-0.23213661206706263,6.207759348999998e-06,2.947059341785591,2.859832780197903,981,0.2128111996501048,0.577206800460367,0.31964360341553316,1.003558739625767,0.21739960234725686,0.4172343924565483,0.5,0.02655164952300095,0.06992913065175185
23428730,Meadow Creek,17060104000187,102.5865,0.0089732,687.8143698912558,6.607455062916788,32.880932760189346,92.55798185880317,70.381,1.239,3.714017991120081,4.7415119128472965,0.0021432385977653615,4.626942928859511,1.383095962405311,0.0041641829425589525,Spawning and rearing,1.0,,1.0,39.60886908731462,27.079305901230544,43.89341911325022,UGR,August/September,8.32948387260053,27.327702994096228,DA+PPT+SLOPE,0,0.31839368149435676,1.0445986925667872,DA+PPT,0,0.9755077287089021,3.2004846742418045,DA+PPT,0,4.610577844230925,15.12656773041642,DA+PPT+SLOPE,0,0.0,0.0,0.9755077287089021,3.2004846742418045,0.6736123434759915,0.6736123434759915,0.15915872184676733,0.4676011885522382,0.04628740962630104,0.07127829436872384,0.33238584116357994,0.41462208663793076,-0.45187154248818967,-0.26284759593251605,-0.2389934519529932,5.060079290021772e-06,2.280700603719024,2.280700603719024,981,0.20995378062087977,0.4959879638679666,0.3167700369510852,0.8642963189366591,0.21536992809490832,0.46740185683580643,0.5,0.034520341532877,0.10141921562767522
23428732,Meadow Creek,17060104000188,89.0721,0.01038022,687.4722586623568,6.5776856710285045,33.51665383884676,94.08795521599411,62.658,1.424,3.523061834726452,5.244473423203832,0.002765831262643463,4.851137435701071,1.5250647925280676,0.004110045003058535,Spawning and rearing,1.0,,1.0,34.39093007590859,27.065836955210898,43.83983420785131,UGR,August/September,7.90143959166539,25.923358240372014,DA+PPT+SLOPE,0,0.30983872834608717,1.0165312609779762,DA+PPT,0,0.9542833548302709,3.1308509016741173,DA+PPT,0,4.324738620223351,14.188775000732777,DA+PPT+SLOPE,0,0.0,0.0,0.9542833548302709,3.1308509016741173,0.675317895069861,0.675317895069861,0.13709462055190957,0.3957743706117678,0.04258634172414218,0.06566902150992318,0.32333584848685926,0.40344733254062104,-0.4555576492667389,-0.2656674465797511,-0.2361885624293678,4.676692859028887e-06,2.1665398424547644,2.1665398424547644,981,0.20517820660718344,0.5084699227136937,0.308258710000782,0.8894093116735705,0.20536522266993065,0.45855215958591444,0.5,0.03170009394575373,0.09151405561507162
23428734,Meadow Creek,17060104000189,76.32,0.00750929,693.918440556283,6.560001249111557,29.213635844254203,83.6456815570803,53.6515,1.2985,3.6117308998773128,4.971607256349102,0.0029639434297848866,5.087533643621051,1.482206453341854,0.00453717098701424,Spawning and rearing,1.0,,1.0,29.467316739959465,27.31962364394815,43.808002248400804,UGR,August/September,7.199898718026342,23.621714954154662,DA+PPT+SLOPE,0,0.3026921301243769,0.9930844164185594,DA+PPT,0,0.9364947420015615,3.072489311028745,DA+PPT,0,3.859472100263574,12.662310040234823,DA+PPT+SLOPE,0,0.0,0.0,0.9364947420015615,3.072489311028745,0.676781815691313,0.676781815691313,0.14382898365737276,0.44682229985838695,0.04805605114347888,0.0776812119407987,0.3347400558125234,0.4266829910747396,-0.4661804802470197,-0.24500813668157245,-0.24075533192792897,3.802467170112849e-06,1.6964372002489418,1.6964372002489418,981,0.201180093436805,0.44872646565652524,0.30114855579073047,0.7823249626329157,0.20097166023698457,0.4958681183242477,0.5,0.037266491354491275,0.11577290578881817
23428736,Meadow Creek,17060104000190,73.6857,0.00780036,693.5808055292086,6.554812064189904,29.4057047629036,84.11628766458855,61.506,1.456,3.9125641767883166,4.377731004434381,0.002751215172629678,4.19075959594731,1.243315588537495,0.004761057026277013,Spawning and rearing,1.0,,1.0,28.450207823711104,27.3063309263468,43.798661715541826,UGR,August/September,7.105793908743622,23.312972141547316,DA+PPT+SLOPE,0,0.30057767335672175,0.9861472222989558,DA+PPT,0,0.9312066603121569,3.055139961654058,DA+PPT,0,3.79797574158131,12.460550333272014,DA+PPT+SLOPE,0,0.0,0.0,0.9312066603121569,3.055139961654058,0.6772170065278927,0.6772170065278927,0.13882896275085613,0.4262195431873444,0.047141970269991985,0.0762197597872851,0.33260168393935935,0.42399023908659605,-0.46717470255854704,-0.24560353585414282,-0.2400797913173182,3.1382991400109076e-06,1.6742619907930192,1.6742619907930192,981,0.19998929600856627,0.4512301792261312,0.29904488161140447,0.7878272705622462,0.19848069622765585,0.4939089185001947,0.5,0.036553409552072036,0.11222281872971768
23428738,Meadow Creek,17060104000191,35.4699,0.01407251,710.4730727641395,6.5055797905053145,26.404793944162577,76.71076693070425,40.576,1.933,3.4582012851880295,3.673727403766499,0.0033782935833473354,2.537794471674486,0.8282534466938389,0.0058071950005556955,Spawning and rearing,1.0,,1.0,13.695004953284702,27.97138081748581,43.710043622909566,UGR,August/September,5.408822209242014,17.745479689114216,DA+PPT+SLOPE,0,0.2656415686422786,0.8715274561754547,DA+PPT,0,0.8428355209336361,2.7652084020132417,DA+PPT,0,2.7472461070015073,9.013274629270036,DA+PPT+SLOPE,0,0.0,0.0,0.8428355209336361,2.7652084020132417,0.6848239519520738,0.6848239519520738,0.06053045030818945,0.16355608319072787,0.029119157474353556,0.047345546125778105,0.28381565285638743,0.3617648578387046,-0.4786695055491758,-0.2664239942741809,-0.22578734270228967,2.923676082053007e-06,1.355344586833925,1.355344586833925,981,0.18023034018722647,0.5364957532619887,0.26428693347498533,0.9480427038724096,0.1549887337483679,0.4379827487816944,0.5,0.022033137167407128,0.059534558179515196
23428740,Meadow Creek,17060104000192,33.1767,0.00881652,711.3683591807097,6.488550701436264,22.25994629694349,66.27744058507274,37.373000000000005,2.7695,3.313439956457327,4.114338490656596,0.0033923669496459382,,,,Spawning and rearing,1.0,,,12.809595483315162,28.006628314201173,43.67939126258528,UGR,August/September,5.047827629554122,16.561114270190686,DA+PPT+SLOPE,0,0.26249656291523826,0.861209195916136,DA+PPT,0,0.8347710126474228,2.738750041494169,DA+PPT,0,2.5158334400373366,8.2540467192826,DA+PPT+SLOPE,0,0.0,0.0,0.8347710126474228,2.738750041494169,0.6855466242380084,0.6855466242380084,0.04410164306922019,0.13384409794644475,0.021890882934299805,0.03789970845742958,0.25629203189688743,0.3359015101820518,-0.4352776754235623,-0.2169102985326439,-0.3259211431094939,1.9547010677994723e-06,1.051869320433073,1.051869320433073,981,0.17843279253552607,0.4538075659775239,0.2611579661664884,0.7978303752207119,0.1558603839589823,0.4918101945603954,0.3,0.017529635454947165,0.05320069914662491
23428742,Meadow Creek,17060104000193,29.8431,0.01098089,712.7703297490125,6.465214156409572,23.087060745599437,68.3802920824063,38.8965,,3.1456690722478697,4.3937576043161055,0.0037277291068546934,,,,Spawning and rearing,1.0,,,11.522485327598066,28.061824005866637,43.63738548153723,UGR,August/September,4.903073083127088,16.086197779288348,DA+PPT+SLOPE,0,0.25758531205111723,0.8450961681467101,DA+PPT,0,0.822139986415647,2.697309666718002,DA+PPT,0,2.4327581922090658,7.981490131919506,DA+PPT+SLOPE,0,0.0,0.0,0.822139986415647,2.697309666718002,0.6866892301709668,0.6866892301709668,0.037045899629789505,0.10794404099601235,0.019312984419403968,0.03286721015481391,0.24620948458853523,0.32032262434318015,-0.4349750724659971,-0.2249681564071347,-0.3207437867074642,2.35342104304282e-06,1.0741310369074468,1.0741310369074468,981,0.1756305291270722,0.4838733503383806,0.25627175902907084,0.8547610459156497,0.14869583243118847,0.471783395598669,0.3,0.015227941580231606,0.04437105230667984
23428744,Meadow Creek,17060104000194,26.2269,0.01232558,714.9114319986447,6.438498061305549,22.986121072231814,68.12425171060927,30.567,,,,,,,,,,,,10.126262701876874,28.146119370025385,43.58929651034999,UGR,August/September,4.673664603097246,15.33354528575212,DA+PPT+SLOPE,0,0.2518172521310211,0.8261720870440323,DA+PPT,0,0.8072474998816965,2.6484498027614714,DA+PPT,0,2.2975759539614113,7.5379788515794335,DA+PPT+SLOPE,0,0.0,0.0,0.8072474998816965,2.6484498027614714,0.688054466358923,0.688054466358923,0.032042225472352116,0.09112726740485652,0.017772437628202072,0.030311771789187848,0.23949104413759628,0.31179592927520516,-0.4366328221755912,-0.227872759493577,-0.31772198070262964,1.836770107045012e-06,1.0307896242013344,1.0307896242013344,981,0.17232065144916162,0.4960299130232854,0.2505331143861307,0.8802457382053962,0.14183950922047583,0.46300883642357454,0.3,0.01394610063580526,0.03966235251014776
23428746,Meadow Creek,17060104000195,20.1573,0.01116446,713.4189326791088,6.438400026631245,20.462958246950308,61.66926098621349,36.391,,3.163915756050401,4.259680575932148,0.004348400022267494,,,,Spawning and rearing,1.0,,,7.782777040387644,28.087359554295624,43.58912004793624,UGR,August/September,4.104338082271972,13.46567612293954,DA+PPT+SLOPE,0,0.23917410650100368,0.7846919504626104,DA+PPT,0,0.7743497981907986,2.5405177105997327,DA+PPT,0,1.9555290849145273,6.415777837646086,DA+PPT+SLOPE,0,0.0,0.0,0.7743497981907986,2.5405177105997327,0.6911291162471879,0.6911291162471879,0.028021027246211312,0.08209208269897604,0.01772821589049608,0.03179487865216043,0.2381835746112996,0.3168004019440209,-0.4468435569010343,-0.21665084641703133,-0.3187773807914383,1.7222529588114074e-06,0.8047673386440287,0.8047673386440287,981,0.16503480977855556,0.4618312553787853,0.23795444201502464,0.8239293458189954,0.13002340609520427,0.484166037609055,0.3,0.014329128348114577,0.04197947416494915
23428748,Meadow Creek,17060104000196,18.0747,0.01338495,713.7517006542847,6.418465982574815,20.943792600681935,62.907815566765876,32.8335,,3.0750280191423203,3.7507114972873605,0.004099439069630486,,,,Spawning and rearing,1.0,,,6.978680685007147,28.100460655680504,43.55323876863467,UGR,August/September,3.965088836041986,13.008821640557697,DA+PPT+SLOPE,0,0.234327757505588,0.768791855333294,DA+PPT,0,0.7616545691256932,2.498866696606605,DA+PPT,0,1.8769792940652752,6.158068550082923,DA+PPT+SLOPE,0,0.0,0.0,0.7616545691256932,2.498866696606605,0.6923437907362994,0.6923437907362994,0.02376274212360947,0.06610487477991107,0.015858092689316584,0.02817270728313315,0.22967965776157687,0.3042819524731466,-0.44676900161513877,-0.22259680099147391,-0.31477610470407064,1.6699229583313383e-06,0.8028910585390465,0.8028910585390465,981,0.16222686351205934,0.4841022978531326,0.2331328072011389,0.8684741155337583,0.12373998544144683,0.4686202940932389,0.3,0.012660098168767054,0.035218755469985576
23428750,Meadow Creek,17060104000197,8.6994,0.02881168,715.7692007791227,6.351890628529898,21.183123115352505,63.52276478881285,27.978,,2.8167564182608147,2.7678741586252062,0.004361013888605019,,,,Spawning and rearing,1.0,,,3.358857118024154,28.17988979445365,43.43340313135381,UGR,August/September,3.0291844426148278,9.938269168683817,DA+PPT+SLOPE,0,0.20423136386091656,0.6700504063678364,DA+PPT,0,0.681628953257273,2.2363154634424967,DA+PPT,0,1.3564831068391348,4.450403893829182,DA+PPT+SLOPE,1,0.0,0.0,0.681628953257273,2.2363154634424967,0.7003775105429951,0.7,0.009058793569857383,0.019699456664796004,0.008851481781186565,0.016260149838515786,0.1887075436892746,0.2533425753861146,-0.45069626372911964,-0.24168338893476282,-0.29876886555493093,1.1881405557677125e-06,0.6410903539382243,0.5678724932930048,981,0.14445775029244384,0.5609196336444011,0.19831053242674576,1.0041651399286953,0.09015392150759899,0.41171219042199414,0.3,0.006678146984790769,0.014522448945714856
23428752,Meadow Creek,17060104000198,5.8527,0.03526243,715.8781464693219,6.327217454221129,19.901974054984816,60.21894375026676,30.502,,2.732534461487694,2.5411169980269426,0.004013591481583736,,,,Spawning and rearing,1.0,,,2.2597401033013726,28.184178994855195,43.388991417598035,UGR,August/September,2.5696854098718074,8.430726410340576,DA+PPT+SLOPE,0,0.18939676559908472,0.6213804645639263,DA+PPT,0,0.6413571769637815,2.104190213135766,DA+PPT,0,1.1096195835134237,3.6404841978786866,DA+PPT+SLOPE,1,0.0,0.0,0.6413571769637815,2.104190213135766,0.7046937768815515,0.7,0.006045470462178753,0.012090314076383075,0.007066849936330659,0.013519640903859561,0.1741024437449847,0.23822557588249071,-0.4576934403423335,-0.24015732383479918,-0.2950823858865366,7.58201236067224e-07,0.5157464203789647,0.42725444695040043,981,0.13396453186732152,0.5605980913054303,0.18169890429168897,1.0044676343539893,0.07374715596558505,0.4084181044387148,0.3,0.005448236992210238,0.010895909062907064
23428754,,17060104000199,2.1726,0.04901639,714.7856254432477,6.275615826056338,16.093153179378838,50.20528557448012,27.27,,,,,,,,,,,,0.8388455496493179,28.141166356033374,43.29610848690141,UGR,August/September,1.6765905295078,5.500625096810367,DA+PPT+SLOPE,1,0.15665632912529062,0.5139643344005598,DA+PPT,1,0.5502158838892118,1.8051702227336346,DA+PPT,1,0.6574205756976653,2.1568916525513955,DA+PPT+SLOPE,1,0.0,0.0,0.5502158838892118,1.8051702227336346,0.7152820670716333,0.7,0.002531955420799049,0.004789901297555827,0.004553284189250698,0.009803772108556036,0.147745450200282,0.2140249491143497,-0.4769674222294761,-0.22658403172656488,-0.2918952618547083,3.571136522387051e-07,0.2731141343501774,0.07541052272101333,981,0.11080454331062137,0.5179942495855462,0.18270420074693094,0.8286168451727174,0.04319947161970439,0.4284046877780292,0.3,0.0038513480021706,0.007285901102916815
23428756,Waucup Creek,17060104000200,37.8387,0.02235294,677.7553677576624,6.596679369052279,35.22591042318501,98.18114994887502,56.826,1.14,3.858409880727394,3.177979377560819,0.003211211013486487,2.584293308524134,0.8310831387781756,0.005699531282457327,Spawning and rearing,1.0,,1.0,14.609603746440047,26.68328219518356,43.874022864294105,UGR,August/September,5.65071230085554,18.539082351888254,DA+PPT+SLOPE,0,0.26077273157533204,0.8555535812838977,DA+PPT,0,0.8302169844238473,2.723809004015247,DA+PPT,0,2.866220195151518,9.4036095641454,DA+PPT+SLOPE,0,0.0,0.0,0.8302169844238473,2.723809004015247,0.6858981007762655,0.6858981007762655,0.053927711530227906,0.13550585934394743,0.02554279232210787,0.04087100023682863,0.2722755925044936,0.34445970245990654,-0.4766210998051839,-0.2754895226295296,-0.22234658524317863,2.4519547682846944e-06,1.4771845294606432,1.4585479546023683,981,0.1774288028309008,0.5633048541612213,0.25869387989589193,1.0044011613368697,0.14890620869775317,0.417081644931959,0.5,0.018814922740915622,0.04727684899198198
23428758,Waucup Creek,17060104000201,36.7641,0.0164708,677.5845606476219,6.59004783538476,31.783149219108523,89.90588680676936,52.402,,3.5154921609359597,3.586794800390908,0.0033316699345085944,2.5902342617852074,0.8380274051929748,0.005732150542140984,Spawning and rearing,1.0,,1.0,14.194698366870334,26.676557505811886,43.86208610369257,UGR,August/September,5.43525758792553,17.832209934138877,DA+PPT+SLOPE,0,0.2593026257694642,0.8507303995061162,DA+PPT,0,0.826434514213516,2.7113993248474935,DA+PPT,0,2.7260701069062927,8.943799563340855,DA+PPT+SLOPE,0,0.0,0.0,0.826434514213516,2.7113993248474935,0.6862393555571284,0.6862393555571284,0.06330435313139439,0.1760425459469232,0.03018969864199493,0.04929002244952475,0.2866310010742061,0.3666511110147396,-0.48505328054990837,-0.25783791358412217,-0.22691910722397451,2.1409652959229486e-06,1.2706760932025867,1.2706760932025867,981,0.1765889328375051,0.5077699342631686,0.25798031638608265,0.9061179416287208,0.14965833474933318,0.4526121573703814,0.5,0.02322183606761161,0.06457740962014613
23428760,Waucup Creek,17060104000202,32.4,0.01365108,676.2662413517971,6.569687884864776,29.143023038094956,83.47255471068287,46.788,,3.4257482389102676,3.539221830284445,0.0033676435665772097,,,,Spawning and rearing,1.0,,,12.509709936775245,26.6246551713306,43.82543819275659,UGR,August/September,5.044595903600246,16.550511494751465,DA+PPT+SLOPE,0,0.2528128216893341,0.8294383913692064,DA+PPT,0,0.8096850090904042,2.6564468802178616,DA+PPT,0,2.482118773837885,8.143434297368389,DA+PPT+SLOPE,0,0.0,0.0,0.8096850090904042,2.6564468802178616,0.6877639837085008,0.6877639837085008,0.06419267210038605,0.18775781805601416,0.0325752487045167,0.05514711099447361,0.2927430897512729,0.38063400853519236,-0.4942248318457915,-0.2436873592222738,-0.22951256022741792,1.7909919109605533e-06,1.0561853097210843,1.0561853097210843,981,0.1728655462406526,0.4656754259850102,0.25152360691964015,0.8323223566785685,0.14489988220646247,0.47894984570448607,0.5,0.025862046883892865,0.07564417143733236
23428762,Waucup Creek,17060104000203,24.3027,0.0211406,681.2993905693701,6.5497681417854325,30.644414479092394,87.140890606258,43.545,,3.2370385160373636,3.3867127683272487,0.003696974954035984,,,,Spawning and rearing,1.0,,,9.3833249284095,26.822810652337406,43.78958265521378,UGR,August/September,4.604783535640269,15.10755753162818,DA+PPT+SLOPE,0,0.240497766704779,0.7890346676665977,DA+PPT,0,0.7776982488597672,2.5515034411409685,DA+PPT,0,2.2308835538100955,7.319171764468817,DA+PPT+SLOPE,0,0.0,0.0,0.7776982488597672,2.5515034411409685,0.6907569651116123,0.6907569651116123,0.04249687969882117,0.11033091025605107,0.024782855782491706,0.041617905629320266,0.26783226764453516,0.3465453483270155,-0.49383118337488624,-0.2588815184511536,-0.22250444239146847,1.6744656102193358e-06,1.0346817773558057,1.0346817773558057,981,0.1657761529625496,0.5197592105100206,0.23927135250969478,0.9389953664578029,0.12882783283467236,0.4420940527329825,0.5,0.01904934913623857,0.04945614936629858
23428764,Waucup Creek,17060104000204,19.0656,0.00784279,680.8727138842853,6.536277714545506,21.14661183687041,63.42901554309679,39.893,,3.1300664548499646,3.3983377505309122,0.0035203024306254818,,,,Spawning and rearing,1.0,,,7.361269313906856,26.806012357649028,43.76529988618191,UGR,August/September,3.791131158559901,12.438094352230644,DA+PPT+SLOPE,0,0.2295369891835176,0.7530741114944802,DA+PPT,0,0.7489450429777007,2.4571687761735586,DA+PPT,0,1.7432683359745005,5.719384304378282,DA+PPT+SLOPE,0,0.0,0.0,0.7489450429777007,2.4571687761735586,0.6935195828643039,0.6935195828643039,0.032950717295290144,0.10653124106313974,0.022011962003109887,0.0422841142535519,0.25369725561618794,0.3483847042964053,-0.45923410260287517,-0.18990574237841668,-0.3288481930155982,1.1393619087485424e-06,0.5562012204320586,0.5562012204320586,981,0.15942648235228604,0.3558900598292088,0.22836646870957517,0.6423731267796706,0.12880053025012345,0.5431518536723674,0.3,0.018901689783099536,0.061110064850451125
23428766,Waucup Creek,17060104000205,5.9517,0.0155818,644.392860235899,6.584896049145622,19.246099321921974,58.51581802469007,26.5125,,,,,,,,,,,,2.297964216997075,25.36979764708264,43.85281288846212,UGR,August/September,2.2894250913765224,7.51123717643216,DA+PPT+SLOPE,0,0.17737707428933883,0.5819457817891693,DA+PPT,0,0.6080830818207974,1.9950232343202012,DA+PPT,0,0.9258424271955351,3.0375407716388945,DA+PPT+SLOPE,1,0.0,0.0,0.6080830818207974,1.9950232343202012,0.7083012509438439,0.7,0.010822281719466618,0.03253909859150454,0.012572412247575618,0.027041810578890237,0.20768789773525212,0.3001547741320513,-0.4894358517569202,-0.18301431746674757,-0.31497741852875655,4.5466720225300937e-07,0.2657028679876921,0.2657028679876921,981,0.12546227545009295,0.3410613446816015,0.17647254166372572,0.6575809692146356,0.07228630890994552,0.5437040539717497,0.3,0.011689118365690305,0.035145395842431384
23428768,Grande Ronde River,17060104000206,541.3437,0.01070491,713.789614462321,6.213175859661311,60.71335013436584,156.4730936564997,19.61,27.441,3.850344215211294,3.094064696918089,0.0018888285164857252,6.698000277789727,2.4006445714938263,0.0034050057236548795,Spawning and rearing,1.0,Spawning and rearing,1.0,209.01397108335425,28.10195332528823,43.18371654739036,UGR,August/September,18.45902117407185,60.561093090786905,DA+PPT+SLOPE,0,0.44782497376147046,1.4692420398998374,DA+PPT,0,1.2850469878939044,4.216033424848767,DA+PPT,0,12.432367587787663,40.78860757148183,DA+PPT+SLOPE,0,0.0,0.0,1.2850469878939044,4.216033424848767,0.6515108179075833,0.6515108179075833,0.6533050534494426,1.5854105286805624,0.0855021768022146,0.1224553602794762,0.41520067552393475,0.4965838601718378,-0.4135129792201275,-0.3508788895605218,-0.15010595441713612,1.7652242097849824e-05,8.693409845513225,8.556239360369966,981,0.280650968051011,0.5927825359954674,0.4437935907968586,1.0523560837606638,0.3420699951583455,0.41575715946376396,0.7,0.05254872403315884,0.12752281634898843
23428770,Grande Ronde River,17060104000207,539.9145,0.00669467,713.9630028448269,6.208718950125555,52.201105192763364,137.49049842540725,22.312,29.977,4.127904394587096,3.107410595976358,0.0019562976453687997,6.780273956721816,2.2484205127789694,0.0035809591647109422,Spawning and rearing,1.0,Spawning and rearing,1.0,208.46215387836537,28.108779639560115,43.175694110226004,UGR,August/September,17.728875280512927,58.16560131401879,DA+PPT+SLOPE,0,0.44767055591078614,1.4687354196548101,DA+PPT,0,1.2846900934578638,4.214862511344697,DA+PPT,0,11.79062229895348,38.683144025437926,DA+PPT+SLOPE,0,0.0,0.0,1.2846900934578638,4.214862511344697,0.6515342040928807,0.6515342040928807,0.5693879534173552,1.5303887598427113,0.07428965350648035,0.10498242259334233,0.393960863024391,0.47174307122107517,-0.3778430855290439,-0.28919085443162185,-0.2586764065328539,1.516668541921082e-05,7.1234400719600925,7.1234400719600925,981,0.28056585863271505,0.5108854730882093,0.445387666374146,0.9020424512663249,0.34437764478588156,0.46258061958244423,0.5,0.048291594708100634,0.1297971151173714
23428772,Grande Ronde River,17060104000208,530.1216,0.00758754,714.7259130131451,6.188858798551029,54.10918719197659,141.78200537429092,22.717,57.293499999999995,3.8670057005694582,3.0017839004202567,0.0018362203729896257,6.69698024341712,2.0491779540266872,0.0034887938699802476,Spawning and rearing,1.0,Spawning and rearing,1.0,204.68109404997506,28.138815472958473,43.13994583739185,UGR,August/September,17.77592093928334,58.31995058819992,DA+PPT+SLOPE,0,0.44642369280378646,1.4646446614297455,DA+PPT,0,1.2818038871840807,4.205393330656433,DA+PPT,0,11.843899320544738,38.857937403362,DA+PPT+SLOPE,0,0.0,0.0,1.2818038871840807,4.205393330656433,0.6517223131656213,0.6517223131656213,0.5372486922693018,1.4080953185011527,0.07063714384174702,0.09971347960509916,0.3879403219226246,0.46371515601275015,-0.3770576356173622,-0.2959808389444909,-0.2563243815963998,1.4177359417747473e-05,7.423757063185246,7.423757063185246,981,0.2798939155576042,0.5311100924084422,0.44414716117032926,0.940202331022797,0.3426208041129906,0.45072319967681895,0.5,0.04536079526928907,0.11888781560804335
23428774,Grande Ronde River,17060104000209,518.6097,0.00815242,716.0262389574734,6.161135564912407,55.136938756485165,144.08448736741016,26.071,102.63,4.044239889554115,2.9889957116745394,0.0018395201401275115,6.69756317753032,2.1793070049993934,0.0034027534808006655,Spawning and rearing,1.0,Spawning and rearing,1.0,200.2363246110503,28.190009407774546,43.090044016842334,UGR,August/September,17.720939144037896,58.139564120859234,DA+PPT+SLOPE,0,0.4450888575301188,1.4602652806106258,DA+PPT,0,1.2787149635886055,4.19525906689175,DA+PPT,0,11.811761931119735,38.75249977401488,DA+PPT+SLOPE,0,0.0,0.0,1.2787149635886055,4.19525906689175,0.6519248853700637,0.6519248853700637,0.5160867541831234,1.3357662201364218,0.06849093901200631,0.09686641780732555,0.3842402236446527,0.45925907472449173,-0.37689918674186557,-0.2996838057575289,-0.25492606848859917,1.5720421413067916e-05,7.547942304871229,7.547942304871229,981,0.2791840501816286,0.542589460272803,0.4428191329956744,0.9617717869216287,0.34109761225135776,0.44405145356380676,0.5,0.043692613954859766,0.11308780416723091
23428776,Grande Ronde River,17060104000210,513.5355,0.0100483,716.7433963631154,6.145768185310371,58.880007817210604,152.418944084858,41.918,124.339,4.16098671765787,3.4198996152653067,0.0020069761018279295,6.970705769719345,2.648931316524455,0.0035671991663589115,Spawning and rearing,1.0,Spawning and rearing,1.0,198.2771650381742,28.218243951303755,43.062382733558664,UGR,August/September,17.96204689928812,58.930600063281226,DA+PPT+SLOPE,0,0.4445466920474604,1.458486522465421,DA+PPT,0,1.2774608624085437,4.19114456170782,DA+PPT,0,12.031892434233933,39.47471271074125,DA+PPT+SLOPE,0,0.0,0.0,1.2774608624085437,4.19114456170782,0.6520075838493358,0.6520075838493358,0.6558868967235557,1.6202369118585138,0.0876096873363156,0.12490888631848647,0.41812476902451495,0.4998784855621905,-0.4164386409568437,-0.3452975420461082,-0.15065412966073258,1.5202747129417106e-05,8.189654470761436,8.189654470761436,981,0.27888991518019746,0.5789696273454524,0.4422797312387448,1.030787844592691,0.3395368951709802,0.4232323056541983,0.7,0.054512363729032606,0.13466185146806242
23428778,Fly Creek,17060104000211,135.0459,0.02158286,651.7215715520103,6.606327260217126,45.37769050572608,121.95149011488596,66.488,30.638,4.151761069304908,3.2142723001680524,0.0020426901757000663,3.8220605920923156,0.9997893483647707,0.004684579841031453,Spawning and rearing,1.0,Rearing and migration,1.0,52.14151349230729,25.658329588661825,43.89138906839083,UGR,August/September,9.885096332779847,32.43141841463204,DA+PPT+SLOPE,0,0.3238985134277397,1.062659164789172,DA+PPT,0,0.988941324759036,3.2445581520965745,DA+PPT,0,5.63212583158454,18.478103121996522,DA+PPT+SLOPE,0,0.0,0.0,0.988941324759036,3.2445581520965745,0.6724795442169834,0.6724795442169834,0.10510067721651474,0.23965252524272065,0.028461910060271167,0.04398679937143991,0.28625981374935305,0.35299952483689195,-0.4299436759703449,-0.31706820725226653,-0.22452620671711743,7.5665657052433036e-06,3.7305475646879462,2.688130533779167,981,0.21299735830981054,0.665994801058881,0.30058323417787985,1.067744857741949,0.2149831077034433,0.36548373266088113,0.5,0.018660924908161323,0.042550989166251794
23428780,Fly Creek,17060104000212,129.7449,0.02307712,652.5528027363207,6.569054442203786,45.90650173289586,123.16720093652816,68.118,14.722000000000001,4.0222461875240185,3.81521505793173,0.002348645732835698,3.811935997191287,1.0072151836457395,0.004536958001861338,Spawning and rearing,1.0,Rearing and migration,1.0,50.09478594987379,25.6910552258394,43.824297995966816,UGR,August/September,9.766486422985642,32.0422782906353,DA+PPT+SLOPE,0,0.3217048391000003,1.0554620705380586,DA+PPT,0,0.9835326058972261,3.2268130114738387,DA+PPT,0,5.5540286512000385,18.22187877690301,DA+PPT+SLOPE,0,0.0,0.0,0.9835326058972261,3.2268130114738387,0.6729088215570387,0.6729088215570387,0.09730136542708241,0.2191349436832479,0.02699093188406501,0.04206901265095776,0.2813429115326379,0.34779294904504066,-0.42985064690233993,-0.3198938209706331,-0.22326460024296196,7.502326999442288e-06,3.7269709557115482,2.7550606389834424,981,0.21177635831103758,0.6773485106618278,0.30007790228295494,1.0937370281048417,0.21230118706850393,0.35891028831077976,0.5,0.01751906076430824,0.03945513382180703
23428782,Fly Creek,17060104000213,119.9358,0.01204878,653.5524147252082,6.5273536826330085,36.600417596744116,101.45197698463237,56.6595,10.183499999999999,3.988701092025093,3.70113482596488,0.0023367887667290485,3.818406614678212,1.004833043350353,0.004544726157184176,Spawning and rearing,1.0,,1.0,46.30747126651508,25.730410028551507,43.74923662873941,UGR,August/September,8.929676537997333,29.29683903542432,DA+PPT+SLOPE,0,0.3172399002737132,1.0408133211079829,DA+PPT,0,0.9724985231190755,3.190611952490405,DA+PPT,0,4.953328718025139,16.251078471211084,DA+PPT+SLOPE,0,0.0,0.0,0.9724985231190755,3.190611952490405,0.6737888102325997,0.6737888102325997,0.14376652699625211,0.39859925540798624,0.03991928020806887,0.060050927058279364,0.3176155443264372,0.3915974954007555,-0.4471565407263263,-0.2789898588855109,-0.23393432018009394,5.776406279173889e-06,2.6846222023799955,2.6846222023799955,981,0.2092859355574592,0.54612836293518,0.31562213935411193,0.952437668949414,0.21165623943721584,0.43587848189163625,0.5,0.02902422495666125,0.080470987915154
23428784,Fly Creek,17060104000214,115.5141,0.03441985,653.5499242150674,6.526842032390356,50.82617112848919,134.38413196858363,59.1395,6.2385,3.963222154463506,3.903128789440583,0.002496496129123651,3.8470694449293306,1.1092815099237705,0.004547220229618526,Spawning and rearing,1.0,,1.0,44.60024335208794,25.730311976971162,43.748315658302644,UGR,August/September,9.583132259693176,31.440722636788635,DA+PPT+SLOPE,0,0.31497694911676993,1.0333889406718173,DA+PPT,0,0.9668923870166201,3.172219117508596,DA+PPT,0,5.444467712391533,17.862426877924975,DA+PPT+SLOPE,0,0.0,0.0,0.9668923870166201,3.172219117508596,0.6742378434805529,0.6742378434805529,0.06366876092663426,0.12937776305609625,0.019531220235600763,0.03342368850240497,0.25291001642070055,0.32212032237511146,-0.4252497207635038,-0.3385295208282256,-0.2166895381726697,7.886388678512002e-06,4.010493534783174,2.357544399982608,981,0.20802449838004436,0.7546622089188052,0.2826775991790366,1.1533050763308026,0.20326132194129803,0.3188882551883356,0.5,0.011694212233406224,0.023763161045410236
23428786,Fly Creek,17060104000215,111.5973,0.0162865,654.2714919139714,6.508852538124067,39.711856812365205,108.79208438188031,43.166,5.634,3.9807299722352454,3.6775714160048927,0.0024101207546012235,3.93027615728882,1.0673116044493551,0.0045299575273682075,Spawning and rearing,1.0,,1.0,43.087958417508894,25.758720154093364,43.715934568623325,UGR,August/September,8.865546105167061,29.086437352910302,DA+PPT+SLOPE,0,0.31313954415406087,1.0273607091668664,DA+PPT,0,0.9623380657180058,3.1572771184973942,DA+PPT,0,4.92209519560133,16.148606284781266,DA+PPT+SLOPE,0,0.0,0.0,0.9623380657180058,3.1572771184973942,0.67460546838036,0.67460546838036,0.1159056636269284,0.294623004068099,0.03351298814209185,0.05049640041620995,0.30062487062688714,0.36961830717450717,-0.44378170939253253,-0.29401437550143233,-0.22869092696394328,6.004584700770154e-06,2.88377086066623,2.88377086066623,981,0.20699757865513232,0.5956207236301514,0.31154269257607936,1.0439850032534264,0.2052746962387427,0.4049644747602095,0.5,0.02354803371753322,0.05985723403549594
23428788,Fly Creek,17060104000216,105.5385,0.00040789,654.5808277661426,6.496878054147188,12.036288296250426,39.151458430001796,34.1805,4.379,4.123520662478239,4.251960159037059,0.002418265902740223,4.4215752165025,1.2394866407384308,0.004742150291273487,Spawning and rearing,1.0,,1.0,40.74864265933192,25.7708987309505,43.694380497464934,UGR,August/September,6.349356797563727,20.831223089119838,DA+PPT+SLOPE,0,0.3099228520824819,1.0168072574884575,DA+PPT,0,0.9543481545279338,3.1310634991073942,DA+PPT,0,3.178166862229475,10.427056634611137,DA+PPT+SLOPE,0,0.0,0.0,0.9543481545279338,3.1310634991073942,0.6752517929520339,0.6752517929520339,0.1349931110114455,0.511974236326405,0.04631871752916134,0.08322543557685146,0.3234412155390396,0.4366016362037993,-0.3899156509390553,-0.20235394049678915,-0.36141169103499415,1.3909210293748485e-06,0.5059360267928038,0.5059360267928038,981,0.20519746147009027,0.15759135032704039,0.3083424055645334,0.2583980248467196,0.2502332833938845,0.5387897609973709,0.3,0.04247514899728966,0.16109104981582262
23428790,Fly Creek,17060104000217,104.0859,0.01051597,654.7545270963823,6.489453905451834,34.04742686572475,95.36215547153098,30.5065,3.0940000000000003,3.9530433295928753,4.826368276778117,0.0027139895798280167,,,,Spawning and rearing,1.0,,,40.18779066383316,25.777737287259146,43.681017029813304,UGR,August/September,8.281700778091022,27.17093431132225,DA+PPT+SLOPE,0,0.30915924127962774,1.0143019727021907,DA+PPT,0,0.9524495365852116,3.1248344376155233,DA+PPT,0,4.513005529757224,14.806448588442334,DA+PPT+SLOPE,0,0.0,0.0,0.9524495365852116,3.1248344376155233,0.6754061717662786,0.6754061717662786,0.1418276781748512,0.40916930326772444,0.0420136369023074,0.06464782295447709,0.321946049336434,0.40134510283089486,-0.45570433196828714,-0.2665338617552241,-0.23574816937418136,4.20262066664673e-06,2.2716991598612006,2.2716991598612006,981,0.20477332887575442,0.5118319581040969,0.30758268726403426,0.8917147861362492,0.2043480956317648,0.4565753892491822,0.5,0.03142643571776895,0.09066448081434893
23428792,Fly Creek,17060104000218,101.79,0.00673452,655.1161916970557,6.48036280195526,29.396201556896653,84.0930133869007,22.694,2.727,3.6678856046242885,5.551011235659592,0.002888176615406205,,,,Spawning and rearing,1.0,,,39.301338718035566,25.791976051065184,43.664653043519465,UGR,August/September,7.899777203534871,25.91790421107241,DA+PPT+SLOPE,0,0.30795946444372174,1.0103656969938377,DA+PPT,0,0.9494650146166578,3.115042698873549,DA+PPT,0,4.245249305112509,13.927983284489859,DA+PPT+SLOPE,0,0.0,0.0,0.9494650146166578,3.115042698873549,0.6756494871292766,0.6756494871292766,0.16810113839670615,0.5262252956920874,0.0506537517613285,0.08186233685182871,0.34059412789758775,0.4342048924803002,-0.4638822417523599,-0.24280399544611025,-0.24266001104020124,4.14839544926371e-06,1.842094213555206,1.842094213555206,981,0.2041027306175388,0.4399042655205532,0.3063890301994438,0.7609924638969398,0.20726706518105067,0.5020380602560504,0.5,0.03959747150638803,0.12395627626824174
23428794,Fly Creek,17060104000219,47.2986,0.00867872,627.7478194268181,6.6367005788802,24.25019345774084,71.31924052598774,27.560499999999998,,3.350082460104245,4.320523941921081,0.004391837186436821,,,,Spawning and rearing,1.0,,,18.26209155603573,24.714481079795988,43.946061041984365,UGR,August/September,5.555881439055791,18.22795747721716,DA+PPT+SLOPE,0,0.25880182128538964,0.8490873401751629,DA+PPT,0,0.8249507003499529,2.7065311691271416,DA+PPT,0,2.7215633458238715,8.929013601784355,DA+PPT+SLOPE,0,0.0,0.0,0.8249507003499529,2.7065311691271416,0.6862820757948285,0.6862820757948285,0.04974464297747008,0.15529267160607282,0.02226400273378084,0.038564972815670936,0.25735547881860565,0.33785551290774196,-0.43865845790064534,-0.21211070764371692,-0.32696683172185687,2.4457237540108303e-06,1.0902809541144145,1.0902809541144145,981,0.1762703046410018,0.43744023175016555,0.25748206506621574,0.7620703156677145,0.1528055790215275,0.501340579416802,0.3,0.018277966248259926,0.05706009813968252
23428796,Fly Creek,17060104000220,31.0419,0.00842293,633.5131932485866,6.502503082249572,21.014213059063152,63.088862294623326,31.383,,3.03707052462352,3.5004097375473218,0.003841264000459914,,,,Spawning and rearing,1.0,,,11.98534459525875,24.94146430112546,43.70450554804923,UGR,August/September,4.591800377442338,15.064961868249139,DA+PPT+SLOPE,0,0.2402803206523683,0.7883212619828356,DA+PPT,0,0.7769559158735124,2.5490679654642796,DA+PPT,0,2.158428148263406,7.081457179341882,DA+PPT+SLOPE,0,0.0,0.0,0.7769559158735124,2.5490679654642796,0.6907413718805049,0.6907413718805049,0.037427406960311244,0.11862327669464764,0.020573111426980643,0.037584918127089965,0.24949120813193126,0.3349689378701708,-0.45088922185445574,-0.20343303434197108,-0.3251046323765925,1.7621070285815429e-06,0.7970727776687845,0.7970727776687845,981,0.16562365104997925,0.4136000911744314,0.2390550153006362,0.7260619718619281,0.13437761576717602,0.5150794427094602,0.3,0.017340121787433136,0.05495817722266442
23428798,Fly Creek,17060104000221,28.6128,0.00902158,635.710938580775,6.475502705373364,20.977745653030006,62.995117719550166,29.6565,,2.8740317594860993,3.435762658906215,0.004140975397872609,,,,Spawning and rearing,1.0,,,11.047463841943296,25.027989707904528,43.65590486967206,UGR,August/September,4.457150639050778,14.623197634681029,DA+PPT+SLOPE,0,0.23711525910217474,0.7779372017787884,DA+PPT,0,0.7686885062268755,2.5219439180671768,DA+PPT,0,2.0841290826054912,6.837693840569196,DA+PPT+SLOPE,0,0.0,0.0,0.7686885062268755,2.5219439180671768,0.6915327116492735,0.6915327116492735,0.03455398728658724,0.10822941237850253,0.019704176256301102,0.03622878862202911,0.2459082982749889,0.3308907329177764,-0.4520563803850847,-0.20473163331606944,-0.3235078100425447,1.3920890986304505e-06,0.7766009697044176,0.7766009697044176,981,0.16379158276813538,0.4193584889345767,0.23590609378002517,0.738512804322773,0.1305316500807694,0.5110312609561777,0.3,0.01657958116653182,0.05193028266905553
23428800,Fly Creek,17060104000222,18.5814,0.01191338,634.4945060224741,6.460003099801415,19.719713842328893,59.74648565236723,26.576,,2.6198058978641856,2.9446602189018796,0.004635095202537263,,,,Spawning and rearing,1.0,,,7.174318648740603,24.98009866230213,43.62800557964255,UGR,August/September,3.7400466937778836,12.27049440215841,DA+PPT+SLOPE,0,0.21812156644176656,0.7156219371449034,DA+PPT,0,0.7185617667080312,2.3574861112468213,DA+PPT,0,1.681969181252732,5.518271592036522,DA+PPT+SLOPE,0,0.0,0.0,0.7185617667080312,2.3574861112468213,0.6964470188261567,0.6964470188261567,0.022337912366878862,0.06664817300657568,0.01573358452433276,0.029630631658043607,0.22765015103013417,0.30944274378778647,-0.46017476848734695,-0.20766452230643193,-0.31642712468188827,1.3155539582393167e-06,0.6336207906547539,0.6336207906547539,981,0.15274036306609048,0.4371209260747711,0.21700925941690474,0.78060387464307,0.10943231598049222,0.49790961779728454,0.3,0.013280809551005903,0.039625085732507934
23428802,Fly Creek,17060104000223,10.629,0.01546666,635.3616929864522,6.434726335673158,17.7299018257291,54.54605574354327,21.3955,,2.3853938399753614,2.5608112144488713,0.004937194047179687,,,,Spawning and rearing,1.0,,,4.103879843147657,25.01423988135639,43.58250740421168,UGR,August/September,2.9620211007062682,9.717916997067809,DA+PPT+SLOPE,0,0.196277818234033,0.6439560965683497,DA+PPT,0,0.6598671043440096,2.164918321338614,DA+PPT,0,1.2653586444532479,4.151439122221942,DA+PPT+SLOPE,0,0.0,0.0,0.6598671043440096,2.164918321338614,0.7025494725499952,0.7,0.01314325172625246,0.03673791984271802,0.012053733164864924,0.023619388767829076,0.20723680686365586,0.2869169583662976,-0.47095312908176734,-0.2068893023935393,-0.31010383535982833,9.083199020460213e-07,0.46711991495472344,0.46711991495472344,981,0.13883250435827857,0.4412501011773596,0.1952769014527176,0.8075063247014762,0.08571130617745135,0.4919633472362637,0.3,0.010386977465927507,0.029033602452364173
23428804,Fly Creek,17060104000224,4.4568,0.05094411,628.7047763994346,6.442589907047657,19.672619659476013,59.62430536253211,17.839,,2.2018754448617095,6.403146701696109,0.004374860868991201,,,,Spawning and rearing,1.0,,,1.720780100191973,24.752156551158844,43.59666183268578,UGR,August/September,2.186113937850419,7.172289822343894,DA+PPT+SLOPE,1,0.16518464582374062,0.5419443760621411,DA+PPT,1,0.5740544375871441,1.8833807007452235,DA+PPT,1,0.8754951617948737,2.872359454707591,DA+PPT+SLOPE,1,0.0,0.0,0.5740544375871441,1.8833807007452235,0.7122491613895681,0.7,0.003252018952196218,0.006218317710631871,0.004493087579466657,0.008947132340345249,0.14833677534626255,0.2076002889886716,-0.4674697454742053,-0.23851019032030032,-0.2895269766260277,5.45721396420742e-07,0.3902674047473497,0.22349836243321203,981,0.1168375990211291,0.5622690397061617,0.15033973717298435,0.9161114370158009,0.04973020649383783,0.40197567596138384,0.3,0.0037144910607263383,0.0071026294398744
23428806,Grande Ronde River,17060104000225,378.2232,0.01425406,740.0088627808702,5.980171153086155,61.61222376703708,158.4543535378993,38.158,103.52,4.413410083606675,3.059866670218957,0.00200236806952644,6.556242241246878,1.9805342383365345,0.0030209414804284523,Spawning and rearing,1.0,Spawning and rearing,1.0,146.03279393083122,29.134207196097254,42.76430807555508,UGR,August/September,16.348215558816232,53.63587781763855,DA+PPT+SLOPE,0,0.4282340750934232,1.4049674379705486,DA+PPT,0,1.239590859528245,4.066899145433874,DA+PPT,0,10.851639102057264,35.602490492313855,DA+PPT+SLOPE,0,0.0,0.0,1.239590859528245,4.066899145433874,0.6545359528898127,0.6545359528898127,0.4660799313776757,1.0664825336412727,0.07130093188357976,0.10505628894203282,0.39133682943553816,0.47185368582972553,-0.41996597036857986,-0.36288980008723354,-0.14584329766060677,1.5790155155935063e-05,7.94517382745688,7.007893834400957,981,0.2701407754344109,0.637539910175801,0.4135832323743619,1.0992300683460705,0.3230002846741115,0.39014872029922487,0.7,0.04295018724768646,0.098278474211245
23428808,Grande Ronde River,17060104000226,371.7774,0.0184741,741.3422798950947,5.960380032970255,66.74243614495701,169.68463879028062,40.901,115.417,4.351671387117397,2.796225016827382,0.0019578233035237235,6.936698027648476,2.1844876787956236,0.0027235703301412436,Spawning and rearing,1.0,Spawning and rearing,1.0,143.54405663729833,29.186703932877748,42.72868405934646,UGR,August/September,16.591394859963767,54.433710170484794,DA+PPT+SLOPE,0,0.42733657227495553,1.402022874917833,DA+PPT,0,1.237499239925756,4.060036876396837,DA+PPT,0,11.077742038265729,36.3442980258062,DA+PPT+SLOPE,0,0.0,0.0,1.237499239925756,4.060036876396837,0.6546773052558855,0.6546773052558855,0.392285405133961,0.8392278505854698,0.06149596710631132,0.09381865316758,0.3733732639466416,0.4543910110037655,-0.4157057513737005,-0.3798102280192707,-0.1429880535007174,1.5381078093804766e-05,8.739808432720345,6.490166268629193,981,0.2696565454186707,0.6892815141758691,0.3973612000012909,1.1359750175842607,0.3209141396888292,0.36314416716462894,0.7,0.03541203647628674,0.07575802430554293
23428810,Grande Ronde River,17060104000227,367.3413,0.01090122,742.4687364673034,5.943327577659456,56.25836196325774,146.58979267421577,42.399,96.031,4.583986743013436,2.7885735798358735,0.0019026524404729985,6.912189731450142,2.0301814083778935,0.003220908073433449,Spawning and rearing,1.0,Spawning and rearing,1.0,141.83126885178817,29.23105261682297,42.697989639787025,UGR,August/September,15.800514833947448,51.83895942896144,DA+PPT+SLOPE,0,0.42678376341951363,1.4002091975705826,DA+PPT,0,1.2362120544066708,4.055813826793539,DA+PPT,0,10.396602559174912,34.10958844873659,DA+PPT+SLOPE,0,0.0,0.0,1.2362120544066708,4.055813826793539,0.6547649233008397,0.6547649233008397,0.37923463510893274,0.9366011607904354,0.05813297050313755,0.08349227065182448,0.36442200453810847,0.4370677450874475,-0.3828352832165758,-0.31116906807421024,-0.24786267820607644,1.4229818484255317e-05,6.991816990065096,6.991816990065096,981,0.2693681234198416,0.5855520992882971,0.4246073858709201,1.0420482837861158,0.3231326514686064,0.4186876049917605,0.5,0.036476784887218894,0.09008723334950348
23428812,Grande Ronde River,17060104000228,359.982,0.01220364,744.287860746125,5.9197138630672805,58.18451869992995,150.87625151631482,42.49,93.832,4.351283851296792,2.632158502275133,0.0019334850257160209,7.182188794530353,1.9882247276791474,0.0036798435794783697,Spawning and rearing,1.0,Spawning and rearing,1.0,138.98982723642675,29.30267168291831,42.6554849535211,UGR,August/September,15.823466593465694,51.91426047724965,DA+PPT+SLOPE,0,0.42582204946430485,1.3970539680587428,DA+PPT,0,1.2339712181659879,4.048462001856915,DA+PPT,0,10.431770789139437,34.224969780641196,DA+PPT+SLOPE,0,0.0,0.0,1.2339712181659879,4.048462001856915,0.654917356907894,0.654917356907894,0.3550430449896098,0.8536861718673511,0.055023643113737475,0.07967757674183223,0.3582279587919297,0.4303072920500702,-0.3817987966857637,-0.31740884264067265,-0.24576871755982613,1.3146363191686943e-05,7.239792982360619,6.975073661339468,981,0.26884543484556706,0.6053617648864388,0.41986224669348804,1.068146946880183,0.32163838310142123,0.4074916551615425,0.5,0.03403478202945628,0.08183521178936634
23428814,Grande Ronde River,17060104000229,356.9985,0.00793372,744.9130159682379,5.911976947165544,50.58099122364691,133.82893910731792,37.62,83.032,4.350068844072313,2.5525824913138653,0.0019872465359785834,7.1708694541947064,2.2532645812687537,0.003234593770606351,Spawning and rearing,1.0,Spawning and rearing,1.0,137.83789144641534,29.327284093237715,42.64155850489798,UGR,August/September,15.212093944080605,49.90844469842718,DA+PPT+SLOPE,0,0.42538081129197314,1.3956063362597544,DA+PPT,0,1.2329416974664378,4.04508430927309,DA+PPT,0,9.909584631315552,32.511760601428975,DA+PPT+SLOPE,0,0.0,0.0,1.2329416974664378,4.04508430927309,0.6549870831961602,0.6549870831961602,0.4319128099799708,1.1511988439408825,0.06671142968489839,0.09488247865466343,0.3799690643812872,0.45610203205470634,-0.3878358579153993,-0.2919408352181824,-0.2535118771815199,1.262125166870727e-05,6.015308412964138,6.015308412964138,981,0.26861336702922245,0.5283200523768528,0.42321158706727163,0.934260361978732,0.32371838858784485,0.45157841885080063,0.5,0.043585359634052794,0.11617024191941883
23428816,Grande Ronde River,17060104000230,350.0919,0.02258678,745.8242724268122,5.897975142134191,70.49737073989972,177.82541969031297,38.084,65.797,4.244563969912427,2.550913646934741,0.001978741776449969,6.57344918572595,2.4711600904550757,0.0027596442985961638,Spawning and rearing,1.0,Spawning and rearing,1.0,135.1712382782261,29.36316033176426,42.61635525584154,UGR,August/September,16.466413634383624,54.02366677947383,DA+PPT+SLOPE,0,0.4241393682890628,1.3915333605284212,DA+PPT,0,1.230039633181468,4.0355631009890685,DA+PPT,0,11.012080162088871,36.12887192286375,DA+PPT+SLOPE,0,0.0,0.0,1.230039633181468,4.0355631009890685,0.6551823560416208,0.6551823560416208,0.3294822786690652,0.671911134786571,0.05400878787769713,0.0854648140160407,0.35786100087124006,0.4404829648875304,-0.41378127494381944,-0.39147354383409555,-0.14073639334438792,1.74084381276353e-05,9.131724077926577,5.714910886366015,981,0.26794976143409815,0.7288582324422768,0.381285028622036,1.149595862101877,0.3170863274196004,0.3433307169604521,0.7,0.02992007629978658,0.06101582306853793
23428818,Grande Ronde River,17060104000231,341.4339,0.02097122,746.3703692905838,5.884687459123975,68.48621475733677,173.4731659624588,29.805999999999997,79.1065,4.41543205582149,2.6859935338379692,0.0019894720138100615,6.5109546181754965,2.242929758200339,0.0029209752939726177,Spawning and rearing,1.0,Spawning and rearing,1.0,131.8283657895656,29.3846602082907,42.59243742642315,UGR,August/September,16.18407632280587,53.097363263798776,DA+PPT+SLOPE,0,0.4223227509404824,1.3855733298572257,DA+PPT,0,1.2257860182506402,4.0216076714259845,DA+PPT,0,10.776884777977637,35.35723352354868,DA+PPT+SLOPE,0,0.0,0.0,1.2257860182506402,4.0216076714259845,0.6554678021673039,0.6554678021673039,0.3444504566957555,0.714931735864242,0.05655703382021243,0.08800550457429762,0.3632315211960975,0.44480529221113485,-0.4163257856729094,-0.38566173059197756,-0.14145544991490058,1.6670153206167623e-05,8.705298639870856,5.99805468887649,981,0.2669649261821176,0.7109987476317683,0.3868040838731819,1.149406759171084,0.3157210570893307,0.35179641600807393,0.7,0.03196196895411127,0.06633936899141686
23428820,Grande Ronde River,17060104000232,338.2731,0.00656028,747.244974968274,5.87436085818202,47.10229484998329,125.90888822400662,31.522,73.438,4.247564905842903,2.6565636161112915,0.0018672988308252156,6.695551056442786,2.1135582830962907,0.0033282497396085408,Spawning and rearing,1.0,Spawning and rearing,1.0,130.60797408684465,29.419093502687957,42.573849544727636,UGR,August/September,14.631011581438429,48.002006500782244,DA+PPT+SLOPE,0,0.4218979495849923,1.384179624622678,DA+PPT,0,1.2247946146235176,4.01835503485406,DA+PPT,0,9.442122848110873,30.97809333369709,DA+PPT+SLOPE,0,0.0,0.0,1.2247946146235176,4.01835503485406,0.6555357571402475,0.6555357571402475,0.45206400077325715,1.2548713034122738,0.07149787836839368,0.10220070617407254,0.38775278441565736,0.46753913127082175,-0.39208352596478907,-0.2798099873844529,-0.2566086082823643,1.0236134447068143e-05,5.3470669643370865,5.3470669643370865,981,0.26673114165826933,0.4942468985368411,0.41974648720633073,0.8705841807707198,0.32180686723717467,0.471504918677623,0.5,0.047877369109183276,0.13290139554404776
23428822,Grande Ronde River,17060104000233,332.4132,0.02631147,748.1827846836144,5.858088566750209,73.3295275502393,183.92426757515042,34.405,62.33,4.4796747101111345,2.9560394232071627,0.001945260842045284,6.63221532600452,2.0362413710252176,0.00363126071165648,Spawning and rearing,1.0,Spawning and rearing,1.0,128.34545404800178,29.45601514502419,42.54455942015038,UGR,August/September,16.313814667341212,53.52301400046329,DA+PPT+SLOPE,0,0.42084059658382955,1.3807106187133515,DA+PPT,0,1.222319822988189,4.010235639725029,DA+PPT,0,10.909589166270768,35.792615374904095,DA+PPT+SLOPE,0,0.0,0.0,1.222319822988189,4.010235639725029,0.6557033693890311,0.6557033693890311,0.2839558852332324,0.5591407769008062,0.04851075162084144,0.0797153295547487,0.34528042502588924,0.4303752440228815,-0.41278049619471796,-0.3996729245434317,-0.13903582764100889,1.6153314775955263e-05,9.368554366706867,5.484644357797239,981,0.2661621631314543,0.7589425103808889,0.373930699875425,1.1789761623866823,0.31334686640056697,0.328767538931492,0.7,0.026028100683308977,0.05125223034332994
23428824,Grande Ronde River,17060104000234,329.8068,0.01329196,748.8999113799094,5.8483931240568365,58.78727508233575,152.2134019568253,33.959,61.792,4.379543408069312,2.834222488180714,0.001981040361644807,6.330747155121822,2.0767024338802895,0.0028860500419379004,Spawning and rearing,1.0,Spawning and rearing,1.0,127.33911738197673,29.484248479523995,42.52710762330231,UGR,August/September,15.360086765479858,50.3939854510494,DA+PPT+SLOPE,0,0.4204731709784293,1.379505154128705,DA+PPT,0,1.2214615274119773,4.00741970935688,DA+PPT,0,10.083007683376996,33.0807338693471,DA+PPT+SLOPE,0,0.0,0.0,1.2214615274119773,4.00741970935688,0.6557622474861534,0.6557622474861534,0.32468273552245686,0.7677365656980338,0.0523364728684394,0.07664585646978161,0.3524258429021985,0.42477885883043076,-0.3834880929192018,-0.3203195650273337,-0.24385586918502505,1.4280217588825774e-05,7.083808603929269,6.355403977351964,981,0.2659619412605909,0.6171336372522276,0.40770738509378385,1.0680359916970512,0.31634991744535956,0.4005746213011836,0.5,0.03220098067144528,0.07614162259974634
23428826,Grande Ronde River,17060104000235,326.6757,0.01067669,749.9060071697415,5.835411939678173,54.65749169378686,143.01115270977172,25.692999999999998,55.195499999999996,4.019359046471292,3.463073231984334,0.002031181799716956,6.29548474588256,1.9177013178644362,0.003260761932736563,Spawning and rearing,1.0,Spawning and rearing,1.0,126.13019291336448,29.523858549989825,42.50374149142071,UGR,August/September,15.02584765467996,49.29740044186339,DA+PPT+SLOPE,0,0.42007820112370153,1.3782093212719866,DA+PPT,0,1.2205398999794579,4.004395997307933,DA+PPT,0,9.802217607589718,32.159506586580434,DA+PPT+SLOPE,0,0.0,0.0,1.2205398999794579,4.004395997307933,0.6558259167678405,0.6558259167678405,0.36175280339909216,0.9067809300221628,0.05816745567885646,0.08353400505748684,0.36409988981582087,0.43714055711345445,-0.38684623289462994,-0.3072146176664154,-0.24777169376009828,1.1904026933926658e-05,6.439361868317112,6.439361868317112,981,0.2657477402665104,0.5763937814813442,0.41793601820087944,1.025299208781737,0.31720750771740025,0.42338299468835294,0.5,0.03690520021908023,0.09250773307869183
23428828,Grande Ronde River,17060104000236,324.3753,0.00644398,750.5948755059397,5.826524182440441,46.3824103967495,124.2595696815397,27.1,57.937,4.209391892340716,4.591301329980741,0.0021605482712419265,6.623504533459524,2.9912176229532603,0.00411309624707948,Spawning and rearing,1.0,Spawning and rearing,1.0,125.24200350785344,29.55097935062755,42.48774352839279,UGR,August/September,14.364608197800308,47.127979651575814,DA+PPT+SLOPE,0,0.41976487930083073,1.3771813625355338,DA+PPT,0,1.2198081135396697,4.001995123161645,DA+PPT,0,9.242818778110511,30.32420858960141,DA+PPT+SLOPE,0,0.0,0.0,1.2198081135396697,4.001995123161645,0.6558763016563757,0.6558763016563757,0.44500566855550694,1.2432405107081625,0.07162130033403534,0.10249542300324802,0.38780864029733353,0.4679881151607975,-0.39347083869254235,-0.27823345652953524,-0.25667440444388706,1.1225168664076324e-05,5.181224341311692,5.181224341311692,981,0.2655849285956538,0.49057814168609976,0.4176242940611353,0.8635936304574069,0.3199789045532472,0.47362874743725647,0.5,0.04814609906767841,0.13450880521994996
23428830,Grande Ronde River,17060104000237,318.816,1e-05,752.4110886920572,5.806106439858108,5.789243625130568,20.92205781534689,30.308999999999997,58.5705,4.120760357420793,3.5001028772312215,0.0020744138996660736,6.42794576780721,2.5610104112195966,0.003923835018476247,Spawning and rearing,1.0,Spawning and rearing,1.0,123.09554577786841,29.622483806773907,42.4509915917446,UGR,August/September,8.305335307323592,27.24847541772832,DA+PPT+SLOPE,1,0.41904614376727234,1.374823306323072,DA+PPT,0,1.2181302059923675,3.996490177140313,DA+PPT,0,4.496978392172896,14.753866116052809,DA+PPT+SLOPE,1,0.0,0.0,1.2181302059923675,3.996490177140313,0.6559923219161203,0.6559923219161203,0.12533145780500068,0.45020770281924627,0.03196272047252874,0.05420162701361865,0.29382341467622275,0.37844616422624894,-0.30479233353092056,-0.3306571291036009,-0.3325878168929498,1.112185040036639e-06,0.20959133144619216,0.20959133144619216,981,0.2651952142362227,0.03896904189435614,0.41690922274769276,0.060524500785564185,0.3387299531319158,0.2989379599431767,0.3,0.027870148992297412,0.1001133791531763
23428832,Sheep Creek,17060104000238,145.5462,0.00514498,685.3828400192912,6.344115383275571,32.990006593351794,92.82078725935814,31.743,17.302,3.8257153151895738,4.3716267470502626,0.0027153661219821907,4.327496522923768,2.1904137710144953,0.004278027485633524,Spawning and rearing,1.0,Spawning and rearing,1.0,56.19570198765054,26.983576378712254,43.419407689896026,UGR,August/September,9.314645260505886,30.559859778562615,DA+PPT+SLOPE,0,0.3395468255381312,1.1139987714505617,DA+PPT,0,1.027509891748648,3.37109544536958,DA+PPT,0,5.263093189513737,17.26736610732853,DA+PPT+SLOPE,0,0.0,0.0,1.027509891748648,3.37109544536958,0.6695439836980256,0.6695439836980256,0.2586480624391172,0.8215767127796328,0.06414274873000317,0.10154249125396338,0.36873217477987896,0.466533253464615,-0.4457256372446801,-0.2383076091207772,-0.2518240049045395,4.345684827857758e-06,2.221734236042403,2.221734236042403,981,0.22170385673731632,0.4067431292812359,0.3378153118991924,0.705997282913536,0.24437984655129533,0.5209372173831659,0.5,0.04914373603614911,0.15610149453871616
23428834,Sheep Creek,17060104000239,142.9623,0.006,686.2125282275379,6.331299023956819,34.5027432741484,96.45293431430514,36.338,12.956,,,,,,,,,,,55.19805262019271,27.016241268800705,43.39633824312227,UGR,August/September,9.364065169366489,30.721998587160396,DA+PPT+SLOPE,0,0.3386577773992247,1.11108194684785,DA+PPT,0,1.0253404754922748,3.363977937966781,DA+PPT,0,5.3054244083937565,17.406248059034635,DA+PPT+SLOPE,0,0.0,0.0,1.0253404754922748,3.363977937966781,0.6697118805959239,0.6697118805959239,0.2445604105067858,0.760162511619303,0.06084652386070247,0.09511837900589663,0.3629042440886048,0.45647971184502,-0.44478328374702913,-0.24489420451541408,-0.2494759878768544,5.222320732340336e-06,2.3485593930080952,2.3485593930080952,981,0.2212099364927845,0.4275174722597982,0.3369307962901635,0.7443085098885631,0.24190349338531136,0.5084222656941314,0.5,0.04609629535383913,0.14328024548170804
23428836,Sheep Creek,17060104000240,130.5135,0.00766917,689.1725941582603,6.277162083452352,36.447938721651816,101.09001584687171,33.927499999999995,14.908000000000001,3.854251953567188,5.9513484918412,0.0027400582219972566,4.277888003661712,2.040230756998864,0.004219175019026442,Spawning and rearing,1.0,Spawning and rearing,1.0,50.391544068929505,27.132779297569304,43.29889175021424,UGR,August/September,9.188402480518672,30.1456774295232,DA+PPT+SLOPE,0,0.33376835976888064,1.0950405504228367,DA+PPT,0,1.0133821763274362,3.3247446729902763,DA+PPT,0,5.199547619925115,17.058883267470847,DA+PPT+SLOPE,0,0.0,0.0,1.0133821763274362,3.3247446729902763,0.6706392044722168,0.6706392044722168,0.21316103656706015,0.6459238458369192,0.05493073345125723,0.08435486997894734,0.351529795271655,0.4385677776384823,-0.4452074431075867,-0.2546272488231904,-0.2452345746179656,5.30274583557105e-06,2.4554281927134833,2.4554281927134833,981,0.2185088864020243,0.460195629609384,0.3320663132816502,0.8046721673367262,0.23449251794901502,0.4885994436615434,0.5,0.04099607353343754,0.12422693146643822
23428838,Sheep Creek,17060104000241,84.3318,0.0089422,670.8099320893043,6.384408762835052,33.32621177453551,93.63006478775996,28.981,16.5,3.790707364386968,5.744866607126992,0.0038268796537180307,4.200021386299613,2.1418620118547027,0.004722026731167208,Spawning and rearing,1.0,Spawning and rearing,1.0,32.560690013769836,26.409839846035606,43.491935773103094,UGR,August/September,7.513779850993384,24.651508697484854,DA+PPT+SLOPE,0,0.301749277576254,0.9899910681635631,DA+PPT,0,0.9340405957324305,3.0644376500407824,DA+PPT,0,4.029601727603741,13.220478108936158,DA+PPT+SLOPE,0,0.0,0.0,0.9340405957324305,3.0644376500407824,0.6769420098495436,0.6769420098495436,0.14512450088072001,0.44742521302857935,0.04670907742938324,0.07446330731581546,0.331856813973248,0.4207080033301851,-0.4653510541347899,-0.2483255872742473,-0.23961428116157957,3.883921991622573e-06,1.8059452092474437,1.8059452092474437,981,0.20062986144076814,0.45669085556275724,0.30021051205438937,0.8005284688852664,0.19958388753701597,0.48895117668440596,0.5,0.03601460161349998,0.11103459926662454
23428840,Sheep Creek,17060104000242,79.7832,0.00642364,673.0316803359466,6.3500456710506725,29.573784687547263,84.52775334401893,44.623,17.735,3.8056678755369457,4.8299537908488945,0.003896570775431875,4.089593733510071,1.5659259224864506,0.004948357039950649,Spawning and rearing,1.0,Spawning and rearing,1.0,30.804465735423666,26.497310249446716,43.43008220789121,UGR,August/September,7.137726367382354,23.41773742579512,DA+PPT+SLOPE,0,0.29922466284461346,0.9817082114324588,DA+PPT,0,0.9277339084555465,3.0437464188174097,DA+PPT,0,3.777736327245459,12.394148055267253,DA+PPT+SLOPE,0,0.0,0.0,0.9277339084555465,3.0437464188174097,0.6774671485892432,0.6774671485892432,0.1569843872647359,0.5030594296220078,0.052273387162619485,0.08676314048563813,0.34302327031728563,0.44270227569700826,-0.4713998174405162,-0.23225436831784507,-0.2440724270790192,3.34346784217121e-06,1.5093942004944225,1.5093942004944225,981,0.19921567687332156,0.40703261445129785,0.2976987713841724,0.7102681046071219,0.20045748873376212,0.5193180875639904,0.5,0.04155514669791718,0.13316425129882323
23428842,Sheep Creek,17060104000243,68.436,0.00773156,678.3605720665571,6.248805154231984,30.194843332245853,86.04522714851015,61.406,16.6,3.7452693604274296,4.7356251302890975,0.004411508859955895,4.025001094147728,2.1118821742259763,0.004975268619879758,Spawning and rearing,1.0,Spawning and rearing,1.0,26.42328732201083,26.70710913647863,43.24784927761757,UGR,August/September,6.785315987859596,22.26153539324014,DA+PPT+SLOPE,0,0.29210770506563083,0.9583586124200486,DA+PPT,0,0.909894875808605,2.9852194088208823,DA+PPT,0,3.5631944488330887,11.690270501420894,DA+PPT+SLOPE,0,0.0,0.0,0.909894875808605,2.9852194088208823,0.6789654356432762,0.6789654356432762,0.13443131668622,0.4210702767413303,0.04775363167958267,0.07935015865851566,0.3331233743793119,0.4297170640221657,-0.4742897392564283,-0.2371887618950673,-0.24076786716892162,2.7051342031632104e-06,1.4737344357244373,1.4737344357244373,981,0.19521067725370175,0.42610749693783995,0.2906181064892985,0.7472794821512675,0.1910326214134572,0.507167257895272,0.5,0.03772775205412798,0.11817212975262316
23428844,Sheep Creek,17060104000244,60.3396,0.01034334,684.0440862782352,6.1759886479367285,32.10603548887529,90.68728429214983,72.998,17.9825,3.776666169413755,4.018009503619983,0.0042831122864965595,3.7963424279198357,1.923636021542051,0.005100053670495227,Spawning and rearing,1.0,Spawning and rearing,1.0,23.297249805587764,26.9308695385132,43.11677956628611,UGR,August/September,6.591654334307272,21.62616251413147,DA+PPT+SLOPE,0,0.28674370715770564,0.9407601940869608,DA+PPT,0,0.8964004525269609,2.9409463665582702,DA+PPT,0,3.454830214875772,11.334744799461195,DA+PPT+SLOPE,0,0.0,0.0,0.8964004525269609,2.9409463665582702,0.6801165078070046,0.6801165078070046,0.11196658444845166,0.336728257025087,0.04181030782652767,0.06820747231959064,0.31948050517736765,0.4085802016937643,-0.47390157112815967,-0.2481875364700765,-0.23610058457523625,2.7243638525755808e-06,1.5378907609326227,1.5378907609326227,981,0.1921876963672923,0.4634817466384885,0.2852814615410057,0.8177378213724933,0.1825068686929735,0.483458914903751,0.5,0.03240870823878612,0.09746593496120474
23428846,Sheep Creek,17060104000245,53.9838,0.01106567,690.891684197059,6.091338367384716,32.03327840589459,90.51130834750744,87.417,24.7855,3.559435712399133,4.002267946238403,0.0043943051023622665,3.4020147765474573,1.2866540709591767,0.005142450278141256,Spawning and rearing,1.0,Spawning and rearing,1.0,20.84326170632369,27.20046000775823,42.964409061292486,UGR,August/September,6.332379349876196,20.775522801431087,DA+PPT+SLOPE,0,0.2825610621121385,0.9270376053547851,DA+PPT,0,0.8858531992678119,2.906342517282847,DA+PPT,0,3.300331329392313,10.827858692231997,DA+PPT+SLOPE,0,0.0,0.0,0.8858531992678119,2.906342517282847,0.6810294726646753,0.6810294726646753,0.1025006148824899,0.3052241909681484,0.04012313608785844,0.06530588960202637,0.3151013379745729,0.4027023060807591,-0.4759006664377398,-0.24914404684775754,-0.23483215062664411,3.126526372064537e-06,1.4757607917590034,1.4757607917590034,981,0.18983203782748773,0.46851231764589485,0.28112014638507765,0.8289219618816188,0.17757555185749302,0.47991771131080274,0.5,0.031057674109757717,0.09248289353552544
23428848,Sheep Creek,17060104000246,46.179,0.01376497,702.1551898198402,5.992142596977198,33.09200114230235,93.06642257093972,88.78399999999999,21.261,3.553117142960348,3.762099313099238,0.0050432565475674405,3.3503655634250546,1.0527676289506993,0.005357621182439335,Spawning and rearing,1.0,Spawning and rearing,1.0,17.829811579331608,27.643905111017332,42.78585667455896,UGR,August/September,6.054857282343444,19.86501733052311,DA+PPT+SLOPE,0,0.2771932172403962,0.9094265657493313,DA+PPT,0,0.8722811615676072,2.8618148345393934,DA+PPT,0,3.1441869684134915,10.315574043351349,DA+PPT+SLOPE,0,0.0,0.0,0.8722811615676072,2.8618148345393934,0.6822203327855407,0.6822203327855407,0.08541896748023606,0.24322237498560145,0.035684367686692205,0.05721846986655531,0.30350770686459255,0.38534117138865503,-0.47580678568546086,-0.25733038163371175,-0.23117846499413522,2.530253677988323e-06,1.4759336471242894,1.4759336471242894,981,0.1867961078192057,0.496608170038281,0.2757796744236547,0.8838066007320883,0.17005111855692753,0.4613529906259263,0.5,0.027167267194462406,0.07735620604913572
23428850,Sheep Creek,17060104000247,43.2,0.0188996,705.7537739077084,5.9534247129354165,36.18494735994623,100.46520263731982,57.214,5.6355,3.7227527137381564,3.5462040057516977,0.003459227436112799,3.058438324047318,0.8961870998246622,0.005701027037452588,Spawning and rearing,1.0,Spawning and rearing,1.0,16.67961324903366,27.78558164990978,42.71616448328375,UGR,August/September,6.046709718362558,19.838286477567447,DA+PPT+SLOPE,0,0.2746100214231645,0.9009515138555265,DA+PPT,0,0.8657241543748334,2.8403023437494532,DA+PPT,0,3.1512990241156897,10.338907559434677,DA+PPT+SLOPE,0,0.0,0.0,0.8657241543748334,2.8403023437494532,0.6827973205605323,0.6827973205605323,0.0701122315946632,0.1828858580339807,0.03024352631711351,0.047866231242375955,0.2882174118929731,0.3630862017360187,-0.4711881293696938,-0.2722193449841316,-0.22634899932906094,3.257046624291404e-06,1.6099794862541315,1.6099794862541315,981,0.1853322762951331,0.5447015139230464,0.27320965054943647,0.9744549346883856,0.16496108708309704,0.4302527995971801,0.5,0.022248676199281957,0.058035069548914575
23428852,Sheep Creek,17060104000248,11.6856,0.03219364,693.6755732293592,6.053064990472889,25.084392165833272,73.41454171111847,30.642,,2.4476636165747476,2.754545058410319,0.004731680349078607,,,,Spawning and rearing,1.0,,,4.511835383863605,27.31006193816375,42.8955169828512,UGR,August/September,3.4430952320640618,11.296244199685242,DA+PPT+SLOPE,0,0.21165982789122015,0.6944220075171265,DA+PPT,0,0.701514206080778,2.3015557942282743,DA+PPT,0,1.5737072246573234,5.163081445726126,DA+PPT+SLOPE,0,0.0,0.0,0.701514206080778,2.3015557942282743,0.6982814801802489,0.6982814801802489,0.010403641841266477,0.022545610792651473,0.008939853322504797,0.01599043353809736,0.19007484213030246,0.25193397918856547,-0.4446354035044431,-0.2482486170129358,-0.2981761261601163,1.1960873871369656e-06,0.7759671289180972,0.5502678252592649,981,0.14897923129996649,0.5811491451610733,0.19764769394563386,0.9657222602183856,0.09703141362871853,0.3991649313079606,0.3,0.006610913185285708,0.01432643279474097
23428854,Sheep Creek,17060104000249,6.8328,0.07631803,703.287212351159,5.9647320076264485,27.81310172608917,80.20042104660257,29.8125,,2.1114797011380904,2.4462375999832324,0.004403456824322514,,,,Spawning and rearing,1.0,,,2.638158828888824,27.688472927210988,42.73651761372761,UGR,August/September,2.915486316020328,9.56524381896433,DA+PPT+SLOPE,0,0.19281724262913702,0.6326025020640978,DA+PPT,0,0.6506594933719468,2.13470962392371,DA+PPT,0,1.296157290937177,4.252484550318822,DA+PPT+SLOPE,1,0.0,0.0,0.6506594933719468,2.13470962392371,0.7036587576246831,0.7,0.005718669076153457,0.01000754308632832,0.006685484233149043,0.013458906151384521,0.17187917671199796,0.23786831068560577,-0.4895378945854319,-0.30155029535433076,-0.20222632582708835,1.0765176483353129e-06,0.7551820629244808,0.3412853766140395,981,0.13638256883098618,0.7128606829385037,0.17324522538367193,1.0809258411096847,0.07466192034216457,0.3253120526502994,0.5,0.0044120178284987425,0.007720932603088966
23428856,Chicken Creek,17060104000250,46.0836,0.01429462,722.8973549365089,6.0791535626437385,31.742643986539143,89.8077821491697,49.8,4.017,3.547491776297649,3.002058634731645,0.003860771732899786,4.347341690952463,1.4684254224335287,0.005313937327531322,Spawning and rearing,1.0,Rearing and migration,1.0,17.79297743340666,28.46052578490193,42.94247641275873,UGR,August/September,6.161040902190728,20.213388786714987,DA+PPT+SLOPE,0,0.28240707472576076,0.9265323973942282,DA+PPT,0,0.8855870877153819,2.905469447885111,DA+PPT,0,3.242554509169848,10.638302195439135,DA+PPT+SLOPE,0,0.0,0.0,0.8855870877153819,2.905469447885111,0.6811075063726275,0.6811075063726275,0.08062465032809026,0.2199236156197892,0.03347879144310759,0.05297252445623754,0.2980101847151545,0.37556365477243336,-0.4690063629094954,-0.26839552998906074,-0.22911931565833624,2.8644872599424824e-06,1.6305190920983408,1.6305190920983408,981,0.18976233459360317,0.5306971045124884,0.2809669431917533,0.9418313504630587,0.17401775578351242,0.441498866344092,0.5,0.02486454741164293,0.06782418460440734
23428858,Chicken Creek,17060104000251,25.3602,0.02551134,749.64592319934,5.833665820112854,32.47087092665352,91.56884173240356,38.563,2.255,2.6210893381598366,2.719010945972957,0.0036947924850865466,3.1194492573523123,0.6223443864539697,0.005641216590520717,Spawning and rearing,1.0,Rearing and migration,1.0,9.791627961068135,29.513619023596064,42.50059847620314,UGR,August/September,5.0135666965296775,16.448709634283716,DA+PPT+SLOPE,0,0.2580906627147693,0.8467541427649912,DA+PPT,0,0.8235705453701891,2.702003101608232,DA+PPT,0,2.555960360083447,8.38569671943388,DA+PPT+SLOPE,0,0.0,0.0,0.8235705453701891,2.702003101608232,0.6866198479709356,0.6866198479709356,0.03917099942189699,0.0880379136782502,0.021800309724151375,0.03563757507850178,0.2586568179566378,0.32908092932610294,-0.47271698217981994,-0.2867739296226506,-0.2187087784733781,2.7841588948149665e-06,1.4045077004307267,1.0655594383222549,981,0.1759413451004571,0.6033683039401706,0.2428919458325745,1.0055384696756657,0.14469001635385317,0.3926140864300789,0.5,0.01532535481912487,0.034444162379488524
23428860,Chicken Creek,17060104000252,19.971,0.03401408,764.8794624813428,5.655779122191978,33.661756924938175,94.4365833705125,36.825,,2.432888929476952,2.7612985806716024,0.0031693042742092547,2.619584793145665,0.6268681460139189,0.005777697364224896,Spawning and rearing,1.0,Rearing and migration,1.0,7.710846208251186,30.113364664619798,42.180402419945565,UGR,August/September,4.652036926526543,15.262588341622516,DA+PPT+SLOPE,0,0.24987159667983266,0.8197887030178237,DA+PPT,0,0.8023740223283148,2.6324607031768856,DA+PPT,0,2.3508159048776696,7.712650606554034,DA+PPT+SLOPE,0,0.0,0.0,0.8023740223283148,2.6324607031768856,0.6885846379288805,0.6885846379288805,0.027744622398651435,0.05728713602051591,0.01751652368464254,0.029961814906678493,0.2405461558367172,0.31059136132926934,-0.47136893892709464,-0.2967246178175454,-0.21438991957071737,2.6100300973737573e-06,1.3577352267353597,0.9880585248073158,981,0.171233001723903,0.6430326233932394,0.23362710156546918,1.0680330208124815,0.13487692264865295,0.3677360174613854,0.5,0.011802124675558206,0.024369043914349808
23428862,Chicken Creek,17060104000253,12.5226,0.04321917,765.84688055419,5.453827544950409,32.71504338356959,92.15804294454281,44.522499999999994,,2.5754076036519606,2.540093445827652,0.0033670065591265676,,,,Spawning and rearing,1.0,,,4.835002890563633,30.151451990322442,41.81688958091074,UGR,August/September,3.835405580536757,12.583351642180961,DA+PPT+SLOPE,0,0.22880119461543483,0.7506600873209803,DA+PPT,0,0.7472768392090475,2.45169566669635,DA+PPT,0,1.857846464390404,6.095296799181115,DA+PPT+SLOPE,0,0.0,0.0,0.7472768392090475,2.45169566669635,0.693820037487568,0.693820037487568,0.01877739312582255,0.037648875530617305,0.014864353710556935,0.02674409009034059,0.22656945050020982,0.2990491751438312,-0.48304217181475845,-0.2901560954330877,-0.2119373790415969,1.530303520105068e-06,1.0251964881121034,0.6015976535204078,981,0.15904307503102394,0.631374064797097,0.20785624763752675,1.0034919996294664,0.11330484924068715,0.37048628441624815,0.5,0.0101070747694879,0.020264793809520013
23428864,Chicken Creek,17060104000254,8.1351,0.06987766,750.7263399800863,5.557597231928311,33.879215262770174,94.95864967970412,25.463500000000003,,1.8007145777141291,2.2761404619771968,0.003399421249239048,,,,Spawning and rearing,1.0,,,3.1409796699586514,29.556155117326234,42.00367501747096,UGR,August/September,3.243212203405678,10.640459984926764,DA+PPT+SLOPE,0,0.2080219542347197,0.6824867264918625,DA+PPT,0,0.6919296015001036,2.2701102411420724,DA+PPT,0,1.5073022657490651,4.945217407313206,DA+PPT+SLOPE,1,0.0,0.0,0.6919296015001036,2.2701102411420724,0.6993596548207679,0.6993596548207679,0.010132768168151967,0.01869654449047787,0.010245059278592058,0.019397282393122914,0.19912212842708213,0.2686871908862095,-0.4876898526493656,-0.29528782499285683,-0.20677726307918545,1.1858214434892345e-06,0.8476073050953975,0.4204823407596497,981,0.14686880580753137,0.6663463935846186,0.18715229093329733,1.0293479022568341,0.09190544148025612,0.3484414783556012,0.5,0.006722452688092001,0.012403978230064214
23428866,Grande Ronde River,17060104000255,173.0016,0.00598702,808.9834657455967,5.351393988004084,37.99237055973069,104.74635780422999,29.377,48.435500000000005,3.7062454871182036,4.06221776107401,0.0022474455598324944,5.8465385574364195,2.4765972954093716,0.004387970974492631,Spawning and rearing,1.0,Spawning and rearing,1.0,66.7962911912968,31.849742745889635,41.632509178407346,UGR,August/September,11.131863827210589,36.521862950165975,DA+PPT+SLOPE,0,0.391076959307182,1.2830608901154266,DA+PPT,0,1.1522950336994136,3.780495517386527,DA+PPT,0,6.911311046138384,22.674905007015695,DA+PPT+SLOPE,0,0.0,0.0,1.1522950336994136,3.780495517386527,0.6606103924169147,0.6606103924169147,0.32341142269346546,0.9341092770816155,0.06741828665337675,0.09897103437949181,0.3787089676081022,0.46256137973511496,-0.4106173504305649,-0.26816760605192524,-0.253796756864133,8.121145570609444e-06,3.60981393156471,3.60981393156471,981,0.2500785923808368,0.4756199069477479,0.38908266704434435,0.8333580216417005,0.2929774716256182,0.48291046413047106,0.5,0.046794511277880896,0.1351565963166335
23428868,Grande Ronde River,17060104000256,169.1622,0.00900643,812.7749699211611,5.312938019292593,43.075175783556,116.63398196789268,28.880499999999998,50.266,3.7757208581766895,3.523705587989606,0.0022067789610475492,6.0822649216629125,2.1324149459031485,0.004168634722615399,Spawning and rearing,1.0,Spawning and rearing,1.0,65.31389056378895,31.99901456382524,41.56328843472667,UGR,August/September,11.428822419208961,37.49613654596116,DA+PPT+SLOPE,0,0.39060037785237,1.2814973026652559,DA+PPT,0,1.1511774813202265,3.7768290069561234,DA+PPT,0,7.1706366045626595,23.525710644890616,DA+PPT+SLOPE,0,0.0,0.0,1.1511774813202265,3.7768290069561234,0.6606949109146832,0.6606949109146832,0.2703618971171088,0.7202949382484545,0.056777195800535245,0.08224095005744744,0.35951014657193714,0.4348732621622361,-0.40528839696808305,-0.2914357177278445,-0.24649868950353715,8.076801111927867e-06,4.274326257691459,4.274326257691459,981,0.2498147117475236,0.5445287068499419,0.38860851552656933,0.9622999065816316,0.28953595925999354,0.44133953158031164,0.5,0.03770402992463433,0.10045062634887013
23428870,Grande Ronde River,17060104000257,117.765,0.01430875,830.6719003306741,5.028746502053764,45.717928947494805,122.73391374148764,44.336,91.6475,3.853590583936471,3.5417239399628846,0.0023643161853639594,6.20586021343791,1.803577141681376,0.0038259636518854752,Spawning and rearing,1.0,Spawning and rearing,1.0,45.46932070075114,32.70361812325489,41.05174370369677,UGR,August/September,10.179576435959902,33.39756048543275,DA+PPT+SLOPE,0,0.36978612511287207,1.2132090718926247,DA+PPT,0,1.101451772760737,3.6136869185063545,DA+PPT,0,6.28266047411096,20.6124031302853,DA+PPT+SLOPE,0,0.0,0.0,1.101451772760737,3.6136869185063545,0.664273884469748,0.664273884469748,0.17241312054014163,0.4113066190748216,0.04288896530249191,0.06384861518922322,0.3284584099175767,0.3996843659809738,-0.4102013310531049,-0.3105425686875434,-0.2363671349568598,7.338098289396553e-06,4.105159306462714,4.056560398185743,981,0.23846049524160262,0.6147869743864273,0.3668438770066121,1.0928500583487428,0.26598570422580065,0.39886405404654934,0.5,0.02744269266986599,0.06546694999191792
23428872,Grande Ronde River,17060104000258,105.4314,0.02435098,846.067728286977,4.845680869676147,53.10519395497745,139.52666693807302,56.813,91.584,3.9419373462064025,3.502840934179301,0.00252209751950146,6.28352079240339,1.6162163237193414,0.0037801951989681407,Spawning and rearing,1.0,Rearing and migration,1.0,40.70729111815203,33.30975308216445,40.72222556541706,UGR,August/September,10.214246923037084,33.511308802615105,DA+PPT+SLOPE,0,0.3664462997088098,1.202251639464599,DA+PPT,0,1.093472853716514,3.587509362586988,DA+PPT,0,6.370126125900401,20.899363930119424,DA+PPT+SLOPE,0,0.0,0.0,1.093472853716514,3.587509362586988,0.664878466380463,0.664878466380463,0.11014716872271421,0.22361493616631686,0.030046956693804125,0.04842339001214522,0.2929775886302965,0.36448953478657836,-0.4019239387339075,-0.34133622461436974,-0.22669287995791854,9.630759428768051e-06,4.849341981388156,3.0005089005331818,981,0.23664000292629245,0.7234102555369168,0.3301112856782635,1.1369277349696918,0.25967155694687793,0.3404551757729282,0.5,0.017291206884407676,0.0351036905308856
23428874,Grande Ronde River,17060104000259,71.9154,0.01518317,865.3584993526293,4.642213591430581,40.20585852887486,109.94970459423321,47.428,129.617,3.722179497034645,2.9290651392933165,0.0020166146678615993,7.9975268342536,1.7899006954936465,0.0046025032156049505,Spawning and rearing,1.0,Rearing and migration,1.0,27.766691172443412,34.06923225797753,40.355984464575045,UGR,August/September,8.33800881939401,27.35567197963914,DA+PPT+SLOPE,0,0.3457458811162161,1.1343368803025462,DA+PPT,0,1.0433837049103685,3.423174884876537,DA+PPT,0,4.980609128854045,16.340581131410907,DA+PPT+SLOPE,0,0.0,0.0,1.0433837049103685,3.423174884876537,0.6686301698128232,0.6686301698128232,0.12317201218116254,0.2914255595455391,0.03805219338512785,0.05742573570784968,0.3149159314511246,0.3858058920690667,-0.42338873040108443,-0.30609556241417957,-0.23246351379960814,6.5618189375885075e-06,3.15259138912342,3.15259138912342,981,0.2252595737064464,0.6153039487664079,0.3439827551771263,1.0990697045258806,0.24048125070278997,0.39687214135199644,0.5,0.024730310890608346,0.058512031762787874
23428876,Grande Ronde River,17060104000260,64.4247,0.0084139,875.2070417078246,4.505123689951273,32.494820283095855,91.62666093044129,56.487,220.1445,3.6959418064107656,2.669324763382916,0.0018903466423644392,8.481098110096797,1.9899544627422194,0.005268346399533261,Spawning and rearing,1.0,Rearing and migration,1.0,24.874515733449513,34.45697014597735,40.1092226419123,UGR,August/September,7.591002174511274,24.904862777267958,DA+PPT+SLOPE,0,0.34108986969838007,1.119061252291273,DA+PPT,0,1.0320577754478288,3.3860163236477323,DA+PPT,0,4.434100531274742,14.547573921505059,DA+PPT+SLOPE,0,0.0,0.0,1.0320577754478288,3.3860163236477323,0.669505062785487,0.669505062785487,0.16124327571407002,0.4560789245713771,0.05133444944575011,0.0785156132096567,0.34496970310285147,0.4282052710173717,-0.4373596814180747,-0.26875907234766633,-0.24254679678850885,4.293390216110236e-06,2.2875786187266867,2.2875786187266867,981,0.22268554125242354,0.5012647200062014,0.3393504856970043,0.887942841716265,0.24021147579261398,0.46501228788649185,0.5,0.03636437076173255,0.10285714574005402
23428878,Grande Ronde River,17060104000261,49.5369,0.01587982,892.0364464969969,4.2646845886668485,38.23097674377734,105.30931573275774,51.822,164.544,3.4736715352506087,2.9325452076841385,0.002821625203166156,6.007963003748982,1.6928717932744135,0.005038267251718605,Spawning and rearing,1.0,,1.0,19.126304017501287,35.119545137677044,39.676432259600325,UGR,August/September,7.168563757561005,23.518909965751327,DA+PPT+SLOPE,0,0.3284987690763404,1.0777518670483608,DA+PPT,0,1.0012386375728388,3.284903666577555,DA+PPT,0,4.176568829300152,13.702653639436193,DA+PPT+SLOPE,0,0.0,0.0,1.0012386375728388,3.284903666577555,0.671907618474779,0.671907618474779,0.10193478978739122,0.2438408969265262,0.03677603386694693,0.05629848531127754,0.31044027537817376,0.383264772733538,-0.43470868817243336,-0.297185164390741,-0.23133011356987873,5.218413980170965e-06,2.5097233651098585,2.340962871856936,981,0.2157211043810359,0.5953912695721824,0.32168371273752805,1.0496920733130015,0.22274626449758364,0.4061109628731735,0.5,0.024406347399875596,0.058383066792984106
23428880,Grande Ronde River,17060104000262,45.2133,0.04609569,899.6713908169398,4.142697993895196,53.11804967480376,139.55558415709692,55.075,71.979,3.370632776872051,2.8817885644095265,0.00274125611003302,4.7225147395386395,1.188478519464741,0.005099221332315332,Spawning and rearing,1.0,,1.0,17.45695272482717,35.42013349672992,39.45685638901136,UGR,August/September,7.549592574755958,24.769004510354193,DA+PPT+SLOPE,0,0.32463614471037655,1.0650792149290569,DA+PPT,0,0.9917462541926778,3.253760676485163,DA+PPT,0,4.498077518403092,14.757472173238492,DA+PPT+SLOPE,0,0.0,0.0,0.9917462541926778,3.253760676485163,0.6726620913989297,0.6726620913989297,0.03870746426635937,0.06889762300807083,0.016621120218791887,0.031694239104498104,0.2388173321864755,0.3164657951466922,-0.41456058555375164,-0.3543821926117464,-0.21443610161570997,5.881324484183486e-06,3.6590416401050274,1.7866044321146395,981,0.21357216875231894,0.8211296401428797,0.28477154907420366,1.2333242982323065,0.2132554406286726,0.29349329788467954,0.5,0.008605335081041755,0.015317126644925155
23428882,Grande Ronde River,17060104000263,42.6357,0.02960606,905.3961076006291,4.048274091943364,45.810854405781264,122.94746235905315,50.577,53.9055,3.37182718938889,2.9226019570426076,0.0030294947997429344,3.0384165129898673,1.19510081523019,0.005076045850821715,,1.0,,1.0,16.46173580096816,35.64551604726886,39.28689336549805,UGR,August/September,7.105545378897531,23.31215675491316,DA+PPT+SLOPE,0,0.32235972232517063,1.0576106375497722,DA+PPT,0,0.9861455417084309,3.235385635526348,DA+PPT,0,4.1696639139883,13.679999717809382,DA+PPT+SLOPE,0,0.0,0.0,0.9861455417084309,3.235385635526348,0.67311141338559,0.67311141338559,0.0598494239410988,0.11974863732553713,0.02430424085851569,0.040353010490297686,0.2715571534236716,0.3429983099087355,-0.4257993503954412,-0.3288855188539638,-0.22101088989207934,4.82704731159642e-06,2.9451221301700685,1.6556243708909035,981,0.2123077562870462,0.7095734283023752,0.2875244036715565,1.0992699479453605,0.2128476366077931,0.34206607866309624,0.5,0.01435353668201344,0.028719014240885684
23428884,Grande Ronde River,17060104000264,38.2644,0.03226711,907.0365417320443,3.977639489091942,46.573533601280545,124.69780651913338,43.045,54.422,3.294788028980406,2.925992515907907,0.00310241878041117,3.458311172177837,1.1558728438868862,0.00513484102244711,,1.0,,1.0,14.773967435331567,35.71010006819072,39.159751080365496,UGR,August/September,6.817461643781086,22.367000143638734,DA+PPT+SLOPE,0,0.31615841621103974,1.0372651450493429,DA+PPT,0,0.9708019590483546,3.185045797402738,DA+PPT,0,3.967398935891182,13.016400708304403,DA+PPT+SLOPE,0,0.0,0.0,0.9708019590483546,3.185045797402738,0.6743327377285482,0.6743327377285482,0.054339945530066436,0.10770450891747287,0.023234469750477507,0.03902422057860488,0.2672865533791407,0.3391913324259439,-0.4288145036266693,-0.32798158157545626,-0.21996944504739688,4.524761202745164e-06,2.785809197209613,1.54561030859363,981,0.20884939423833226,0.7106940585958045,0.2817803923379347,1.099747127163583,0.20612578274928423,0.3405696788175684,0.5,0.013696617458476041,0.027147385644312474
23428886,Grande Ronde River,17060104000265,34.6653,0.03520435,915.761318426814,3.822537604825479,47.414229381200236,126.62242907681315,36.083,,2.7898549060542015,2.888540553392392,0.0032005850841655766,3.4057277201052316,1.0805903987281795,0.005058334799244679,,1.0,,1.0,13.38434715652145,36.0535952136541,38.880567688685865,UGR,August/September,6.596459209706343,21.64192654103131,DA+PPT+SLOPE,0,0.3122117988622353,1.0243169254010345,DA+PPT,0,0.9610317933276306,3.152991447925297,DA+PPT,0,3.8236593693467955,12.544814203893685,DA+PPT+SLOPE,0,0.0,0.0,0.9610317933276306,3.152991447925297,0.6751285430618449,0.6751285430618449,0.04924331900212806,0.09563309448236956,0.022070651910461692,0.0375102202281931,0.26259716127143967,0.33474688009021536,-0.43010859631893855,-0.32894450822544297,-0.21887624354515675,5.174319840541007e-06,2.697274252153383,1.4463412121878236,981,0.20664938869498656,0.7175596900405325,0.27724739830747375,1.104534735709416,0.20167343205435354,0.3365588828456811,0.5,0.012878584163876609,0.025010882310551315
23428888,Grande Ronde River,17060104000266,32.5008,0.0508932,917.3474095168253,3.7572409279581023,52.95692813405054,139.1930899900902,35.542,,2.6129305437161245,3.074045529075053,0.0031232088185344266,3.092069041154328,1.1852388532322784,0.005023314248456431,,1.0,,1.0,12.548629034356324,36.116039744756904,38.76303367032458,UGR,August/September,6.611093947464354,21.689940772520846,DA+PPT+SLOPE,0,0.30874936984316653,1.0129572501416224,DA+PPT,0,0.9524205545422708,3.124739352172804,DA+PPT,0,3.846502853585991,12.61976001832674,DA+PPT+SLOPE,0,0.0,0.0,0.9524205545422708,3.124739352172804,0.6758266415285943,0.6758266415285943,0.03392616724435611,0.061825036490380035,0.016515472841674334,0.031108612464223317,0.23794379248964087,0.3145045119018375,-0.42493577630534085,-0.3447209369831691,-0.21382781386981572,5.596955796878571e-06,2.964707389700726,1.4982569063713473,981,0.20471308069447103,0.7918960779045594,0.27260551930501586,1.2048395750680811,0.1964593779874311,0.30341249708366025,0.5,0.00882000313940432,0.016073050987793294
23428890,Grande Ronde River,17060104000267,20.7963,0.09873376,916.9457190034016,3.6306841026737784,61.14884113752051,157.4335079467837,24.506,,2.1648226333669456,2.9853843592960816,0.0032071970671940656,,,,,1.0,,,8.029496319696266,36.10022515761424,38.5352313848128,UGR,August/September,5.694589961446754,18.683037931255754,DA+PPT+SLOPE,1,0.2834916847156065,0.9300908291194439,DA+PPT,0,0.8889850679512861,2.9166176770055317,DA+PPT,0,3.2163744185922107,10.552409509816965,DA+PPT+SLOPE,1,0.0,0.0,0.8889850679512861,2.9166176770055317,0.6811063594477145,0.6811063594477145,0.02233013703498558,0.036055280755297535,0.0143392619767872,0.030925482507347685,0.22433186150142118,0.3138861559632758,-0.47596530192064684,-0.38556183776179465,-0.12413359834077113,4.634047582436078e-06,2.616950701877775,0.22541044045979497,981,0.1904969091074813,0.8716628660888142,0.20886664818378972,0.8697315843626228,0.16767281511213575,0.2740298317696088,0.7,0.006942642282536048,0.011209914040753605
23428892,Grande Ronde River,17060104000268,12.969,0.08540344,934.4681634064539,3.4084770298424707,50.499627794965576,133.64461179804715,21.709,,2.058386926192293,2.6113598205218858,0.003463247516702431,,,,,1.0,,,5.00735889413698,36.79008517348244,38.13525865371645,UGR,August/September,4.576863918347661,15.015957737361093,DA+PPT+SLOPE,0,0.2623275690683996,0.860654754161416,DA+PPT,0,0.8350398109169381,2.7396319255805057,DA+PPT,0,2.470239746170511,8.104461109483303,DA+PPT+SLOPE,0,0.0,0.0,0.8350398109169381,2.7396319255805057,0.685850224577504,0.685850224577504,0.014731639940554367,0.025103423278052428,0.011210121512421567,0.02259046877245651,0.20693086735784513,0.28268867766357586,-0.44792892672759294,-0.33343870618503463,-0.20742224557495084,3.1117022915502023e-06,1.797464986764519,0.8202090300192691,981,0.17846427585942154,0.795565124466233,0.2322321431867801,1.2051766656780984,0.14578641672982307,0.29844004411990077,0.5,0.005963647845676555,0.010162342872577048
23428898,Limber Jim Creek,17060104000271,48.6999,0.0174537,778.4865921142265,5.905310852816656,33.718159908216734,94.572040141148,17.585,5.92,3.333838284908092,2.8762643297539805,0.0034849779781378704,5.392884542913417,1.4480355807937255,0.00529209714461337,Spawning and rearing,1.0,Spawning and rearing,1.0,18.80313651080126,30.649078429693958,42.62955953506998,UGR,August/September,6.6782028758590215,21.91011442210965,DA+PPT+SLOPE,0,0.29955340197809427,0.9827867518966347,DA+PPT,0,0.9289742496048211,3.047815779543376,DA+PPT,0,3.6702067376753353,12.041360687911205,DA+PPT+SLOPE,0,0.0,0.0,0.9289742496048211,3.047815779543376,0.6775439124329634,0.6775439124329634,0.07421877984764386,0.1762057494792964,0.02943362610789369,0.045908519549811205,0.28757470289673204,0.35806710858141055,-0.44983222017816143,-0.2954346082901454,-0.22529954542379949,3.790112917323725e-06,2.1558157603468735,2.1199398617850695,981,0.19946821214677962,0.6092238108775767,0.29687901307955644,1.078429394128376,0.18999827906833214,0.3958617615856868,0.5,0.0202219616365952,0.0480097613223017
23428900,Limber Jim Creek,17060104000272,37.7892,0.0185606,797.7714890656354,5.741991207437173,31.476789400357994,89.1634276263313,24.221,3.2775,3.350228400700954,2.619068068816342,0.0032321299128755497,5.366107443925962,1.239483030391603,0.005321241450282128,Spawning and rearing,1.0,Spawning and rearing,1.0,14.590491689592195,31.40832634116675,42.33558417338691,UGR,August/September,6.053254201644887,19.85975787941236,DA+PPT+SLOPE,0,0.2900239536453373,0.9515221576290593,DA+PPT,0,0.9051023442735804,2.969495880162665,DA+PPT,0,3.278869179484504,10.757444814581705,DA+PPT+SLOPE,0,0.0,0.0,0.9051023442735804,2.969495880162665,0.6795677798425044,0.6795677798425044,0.05989262206077185,0.13781015076896816,0.02670822419086853,0.04225282738577811,0.27817977922271525,0.34829875747516725,-0.45404612161138563,-0.2962914749388186,-0.22295417925892727,3.3691289776652563e-06,1.9274464464314143,1.7624256932291842,981,0.19411417909837464,0.6185385009410348,0.2829094470794452,1.0749320953748147,0.17913886272344842,0.3894783916202045,0.5,0.01826624326323017,0.04202978015445994
23428902,Limber Jim Creek,17060104000273,24.831,0.03630941,818.9749011488909,5.554275171800363,34.469934224552674,96.37440484760782,16.661,0.8225,2.4200372155285073,2.8956753416123395,0.0032345817562876313,3.5318634299524576,0.8908666689974598,0.005524122203476581,Spawning and rearing,1.0,Rearing and migration,1.0,9.587302698767473,32.24310634444453,41.997695309240655,UGR,August/September,5.355489754527179,17.570504443986806,DA+PPT+SLOPE,0,0.27235539422313415,0.8935544429892852,DA+PPT,0,0.8603744819207741,2.8227509249369227,DA+PPT,0,2.857496727099332,9.374989262136916,DA+PPT+SLOPE,0,0.0,0.0,0.8603744819207741,2.8227509249369227,0.6834455229133429,0.6834455229133429,0.025348195215864466,0.04795441632247437,0.014747217798114194,0.026859518972095018,0.22844018344339026,0.2994787949052115,-0.4484152541538938,-0.3254383283620883,-0.21139919968590365,3.85821869645526e-06,1.953265490369193,1.0771649206330824,981,0.18412260306630787,0.742917924307893,0.24384464581803317,1.1418052810891095,0.15691614532465645,0.3208853797137306,0.5,0.008870769640949204,0.01678196719096623
23428904,Limber Jim Creek,17060104000274,17.667,0.0173617,848.7833676336169,5.255711843471829,23.982129218672117,70.64374188478482,17.446,,2.3664228914913794,2.7614113557273776,0.003189461627995181,,,,Spawning and rearing,1.0,,,6.821266834969392,33.41666801707153,41.460281318249294,UGR,August/September,4.389213155593568,14.400305628587821,DA+PPT+SLOPE,0,0.26128886519460376,0.8572469330531619,DA+PPT,0,0.8321215328250031,2.7300575223917423,DA+PPT,0,2.250148502566939,7.382376976925652,DA+PPT+SLOPE,0,0.0,0.0,0.8321215328250031,2.7300575223917423,0.6859967506098015,0.6859967506098015,0.02377496438787107,0.055794805563126444,0.014796592923603252,0.024520053556723112,0.22679622244137373,0.2905185077983708,-0.42283053979442925,-0.25213987650203284,-0.3102329907799346,2.0463564593932322e-06,1.1913157279344964,1.1490734671596803,981,0.1778247671142792,0.5772756063254395,0.25789715567474053,1.0331943271904602,0.14894747384850301,0.4115484942983436,0.3,0.010565953474070229,0.02479605479348429
23428906,Limber Jim Creek,17060104000275,15.1938,0.08385384,860.2062449875608,5.134312538235992,37.640187006425116,103.91449908063801,15.202,,2.2451107307271254,2.6745463163113836,0.003279280639201237,,,,Spawning and rearing,1.0,,,5.866358976462214,33.866387597935464,41.24176256882478,UGR,August/September,4.705938713258033,15.439431473943676,DA+PPT+SLOPE,0,0.2561167157115135,0.8402779386860679,DA+PPT,0,0.8188275529460955,2.6864421028415206,DA+PPT,0,2.4902814848402763,8.170214845276497,DA+PPT+SLOPE,0,0.0,0.0,0.8188275529460955,2.6864421028415206,0.6872153180605367,0.6872153180605367,0.006558944771653632,0.01196993724340314,0.005679464841862672,0.013745446676963131,0.1624127422818103,0.23954454522758356,-0.43831256462618734,-0.35540844682593087,-0.20059952370601905,3.964351804874937e-06,2.123584245888152,0.13731557698872743,981,0.17487008200819118,0.9608843400313072,0.176008425987262,0.8554336053335713,0.13696880068555128,0.2475076244192265,0.5,0.002633816623374331,0.004806660337905888
23428910,Beaver Creek,17060104000277,156.1536,0.01393779,761.5692467481865,6.045050500996285,43.36110089870293,117.29648968203105,24.1755,6.2665,3.845289179867507,3.733966666484819,0.0021347338523933293,4.739389674361597,1.3028550217889618,0.0038102833660370924,Spawning and rearing,1.0,Rearing and migration,1.0,60.29124202417368,29.983041210558525,42.881090901793314,UGR,August/September,11.046562573059251,36.24200319245161,DA+PPT+SLOPE,0,0.36867207680711567,1.2095540577661275,DA+PPT,0,1.0984766292901103,3.603925949114535,DA+PPT,0,6.75909490611398,22.175508222158726,DA+PPT+SLOPE,0,0.0,0.0,1.0984766292901103,3.603925949114535,0.6643787705839771,0.6643787705839771,0.1742598899509104,0.4128508361336647,0.0401710389831775,0.059618885399020584,0.32172018334662594,0.3906561066398264,-0.40936511391031305,-0.3160779132262091,-0.2343859338803004,9.538406040490313e-06,4.540886800034582,4.2447968443103345,981,0.23779921429023693,0.6357372659053383,0.36101318397838467,1.0993642551307463,0.26378205819271155,0.38816499243818353,0.5,0.025781542110509884,0.06108078697936583
23428912,Beaver Creek,17060104000278,148.9194,0.01455298,766.3700114936444,5.968247587173556,43.55120751870513,117.73663154230124,26.157,5.394,3.779190713770174,4.7212298513619615,0.0022494442013099064,5.094248461310888,2.060081808768011,0.004112956595406035,Spawning and rearing,1.0,,1.0,57.498101788845915,30.172047696600174,42.7428456569124,UGR,August/September,10.88392835122961,35.70842634917851,DA+PPT+SLOPE,0,0.3668591871370038,1.2036062570111672,DA+PPT,0,1.094133544276501,3.589676982534452,DA+PPT,0,6.652076443325676,21.82439777993988,DA+PPT+SLOPE,0,0.0,0.0,1.094133544276501,3.589676982534452,0.6647034641647968,0.6647034641647968,0.16536421951267122,0.38670421832322016,0.03895331923905317,0.05804573172366429,0.31852818575597025,0.3871893740370843,-0.40959665209513013,-0.3180034760620249,-0.2334465526037918,8.364578488047183e-06,4.507931365223534,4.036965164948395,981,0.23680558110336383,0.642965023633297,0.35574181372904917,1.0995993179388464,0.26171055978924085,0.38383479450004787,0.5,0.024859037763853193,0.05813285845673312
23428914,Beaver Creek,17060104000279,146.0016,0.01953007,768.2966877918394,5.9332844373839855,47.567305946019005,126.97233990320201,26.248,5.234,3.7735475778362595,4.639623384940526,0.002178352081695594,5.054017223065833,1.8866637385849871,0.004103729767328634,Spawning and rearing,1.0,,1.0,56.371532910650764,30.24790109416691,42.67991198729118,UGR,August/September,11.06899065443687,36.315586136603905,DA+PPT+SLOPE,0,0.3660791266764727,1.2010470035317344,DA+PPT,0,1.0922627979966715,3.58353936350614,DA+PPT,0,6.811451293537934,22.347281146778,DA+PPT+SLOPE,0,0.0,0.0,1.0922627979966715,3.58353936350614,0.6648433624692688,0.6648433624692688,0.1297760507810826,0.2759001059601335,0.03172003993083286,0.049569439758817384,0.2983184141897816,0.3673426349160894,-0.40400678687970765,-0.33629567862735876,-0.22797749456210065,1.0411142770560334e-05,5.0507156628023955,3.1415448355234976,981,0.23638785428201825,0.7065314352466573,0.32979213126910156,1.0995111006815421,0.2592841486760389,0.3495656263458374,0.5,0.01905262846174969,0.04050533345542404
23428916,Beaver Creek,17060104000280,132.6582,0.02050415,776.1029203111533,5.834231933241832,46.755428308648845,125.1146426131325,27.8525,4.34,3.8980144303627253,3.3228533749686635,0.0021177967403023675,4.742921184599333,1.1662777852117663,0.003906507848948767,Spawning and rearing,1.0,,1.0,51.21961736835549,30.555233083116274,42.501617479835296,UGR,August/September,10.693130710288617,35.082449836904914,DA+PPT+SLOPE,0,0.3618386016829058,1.18713451995704,DA+PPT,0,1.0820672752254368,3.5500894856477583,DA+PPT,0,6.551094050466235,21.493090716752736,DA+PPT+SLOPE,0,0.0,0.0,1.0820672752254368,3.5500894856477583,0.6656043390578272,0.6656043390578272,0.11614954674849667,0.24285793576116024,0.029803198619130503,0.04728663375345325,0.2921801997567382,0.36161474676814753,-0.4050765033353847,-0.33871695194369184,-0.22640334610179286,8.820449996066877e-06,4.9076957036156,3.3910692513201974,981,0.23406129168231823,0.7186609575979012,0.33237782791019493,1.1495335356011513,0.2545739784447011,0.3430533803002916,0.5,0.017729793810581977,0.037071355393512674
23428918,Beaver Creek,17060104000281,124.7751,1e-05,782.0576075890865,5.757551115431295,3.964023637482668,15.127976318252559,31.74,1.724,,,,,,,,,,,48.175935442349534,30.789669590121516,42.36359200777633,UGR,August/September,5.5149964426520555,18.093820349908317,DA+PPT+SLOPE,1,0.3594312219992771,1.1792362926485467,DA+PPT,0,1.0762749822285396,3.531085899699933,DA+PPT,0,2.750596508212028,9.024266759225812,DA+PPT+SLOPE,1,0.0,0.0,1.0762749822285396,3.531085899699933,0.6660414597252486,0.6660414597252486,0.07018249529817475,0.2587066742278117,0.02760659877368341,0.046904981505808976,0.2781865151600314,0.3606392487512956,-0.32159016744800134,-0.3268694243922326,-0.32393380938608257,7.303625280174855e-07,0.11044689148175305,0.11044689148175305,981,0.23274382652195802,0.03588364174183567,0.357598308088845,0.05599759535160258,0.30032672547968253,0.2922047917193267,0.3,0.025515372788644863,0.09405475265289963
23428920,Beaver Creek,17060104000282,122.8059,0.0074637,784.0141911998608,5.735023907134664,32.98980870868078,92.82031058405413,25.556,3.89,3.941645624488813,3.403044212581288,0.00208708884804601,4.769309198217614,1.1660723935927648,0.003981098076531464,Spawning and rearing,1.0,,1.0,47.41562307174775,30.8667004409394,42.32304303284239,UGR,August/September,9.535231400240756,31.283567586091717,DA+PPT+SLOPE,0,0.35892930586801647,1.1775895861811563,DA+PPT,0,1.0750693694585225,3.5271304772261236,DA+PPT,0,5.665792171111248,18.588556991834803,DA+PPT+SLOPE,0,0.0,0.0,1.0750693694585225,3.5271304772261236,0.6661338179053529,0.6661338179053529,0.21428664635403785,0.6092678043361995,0.05367063671352277,0.07954717611766558,0.35102096334215077,0.43007241635543536,-0.42632542465629525,-0.27573045912948363,-0.24427347950069836,6.0387504804759246e-06,3.0633288511857852,3.0633288511857852,981,0.23246727191444108,0.5166214499597301,0.3570989513150748,0.8995605104268973,0.2579029598926034,0.45869624726168556,0.5,0.03782112719323575,0.10753444283444341
23428922,Beaver Creek,17060104000283,110.1699,0.02176065,796.5273845807255,5.601307346829795,44.83711553098032,120.70662644207373,25.938,3.638,3.8709538693351484,3.6850268457466027,0.002388769664954175,5.050885494558328,1.2250700722536756,0.003883698246411165,Spawning and rearing,1.0,,1.0,42.5368361964054,31.359345849634867,42.082353224293634,UGR,August/September,10.004729556972874,32.823915869333575,DA+PPT+SLOPE,0,0.35523846553858324,1.1654805299822284,DA+PPT,0,1.0661848940058327,3.497981935714674,DA+PPT,0,6.088204711950887,19.97442490797535,DA+PPT+SLOPE,0,0.0,0.0,1.0661848940058327,3.497981935714674,0.6668134508979079,0.6668134508979079,0.09638776331056773,0.19638345640264177,0.027034578169769213,0.04384787312721806,0.2827689119523222,0.35262749944653426,-0.4068440487733121,-0.3420462153268447,-0.22407515773007397,8.346237883571065e-06,4.6235731164235,3.0116005629281446,981,0.23044832308120722,0.7366761340977424,0.3229217149052215,1.161002909419123,0.24718323440992718,0.3335803456718837,0.5,0.015831886060165265,0.03225638192111862
23428924,Dry Beaver Creek,17060104000284,14.4387,0.05778716,755.4497333310478,5.937942228398678,32.61826711584529,91.92459256789763,23.561999999999998,,2.928706679036469,2.8631246050231316,0.0033293568903116477,,,,Spawning and rearing,1.0,,,5.574813236546813,29.742115485474326,42.68829601111762,UGR,August/September,4.164734661751177,13.663827630417245,DA+PPT+SLOPE,0,0.23300115285541856,0.7644394778721081,DA+PPT,0,0.7583032799869074,2.487871653500352,DA+PPT,0,2.0515446943875753,6.730789679749262,DA+PPT+SLOPE,0,0.0,0.0,0.7583032799869074,2.487871653500352,0.6927335552874814,0.6927335552874814,0.011083819395838005,0.019732377598969793,0.00903243013897491,0.017797722779750835,0.19230943617828156,0.2610887421538829,-0.4644624294002695,-0.32184307763491404,-0.20466206282584157,2.534278877732316e-06,1.3658664789240036,0.6356280491421156,981,0.16148027714891874,0.7704079266040865,0.20775841703245063,1.1519686800978783,0.11482794883352929,0.30498708452066997,0.5,0.005402670205606578,0.009618302566330528
23428926,Dry Beaver Creek,17060104000285,10.4634,0.07412868,769.3433701126785,5.735379541217959,31.86274978353889,90.09862893456244,20.872500000000002,,2.5640647272929025,2.509693680440373,0.003467162041239788,,,,Spawning and rearing,1.0,,,4.039941325693028,30.289109059554274,42.323683174192325,UGR,August/September,3.704420260381202,12.15360977815355,DA+PPT+SLOPE,0,0.22176214155730153,0.7275660812247425,DA+PPT,0,0.7286651587843315,2.3906337230457066,DA+PPT,0,1.7896672382778254,5.871611674139847,DA+PPT+SLOPE,0,0.0,0.0,0.7286651587843315,2.3906337230457066,0.6956597431839908,0.6956597431839908,0.007075369470457553,0.012177004957263152,0.0069008889874649475,0.014485292191707707,0.17481074652281256,0.24376747192482157,-0.4659385483345653,-0.32537972735088966,-0.20178083532708013,2.2231701257561036e-06,1.2262239278624647,0.542082376338312,981,0.15494742240964443,0.8075643406896773,0.19833086818710674,1.2054032132969508,0.10317735333176722,0.29058911464333465,0.5,0.0039534553234969495,0.0068040609431845745
23428928,Dry Beaver Creek,17060104000286,6.3603,0.08975949,779.5678842733834,5.59526951335786,28.876872400753673,82.81946887206631,22.048000000000002,,2.22678122435054,2.2461866521023217,0.0033910870737255136,,,,Spawning and rearing,1.0,,,2.455725558977518,30.69164898714108,42.071485124044145,UGR,August/September,3.0176067847675894,9.900284726927786,DA+PPT+SLOPE,1,0.2034453251088267,0.6674715390709537,DA+PPT,0,0.6796886399453361,2.229949606119869,DA+PPT,0,1.3983303659842439,4.587698051129409,DA+PPT+SLOPE,1,0.0,0.0,0.6796886399453361,2.229949606119869,0.7006786443787132,0.7,0.0045717087073929895,0.007519851635567234,0.005656581304017171,0.012248913760068187,0.1623995958978779,0.2305150007416486,-0.4749746892188321,-0.31931550778508366,-0.20005322169206705,1.3199262020093667e-06,0.9281960104668298,0.0990522674656599,981,0.143898189546396,0.7998385276488276,0.1729171150424779,0.8772159842378557,0.085233379921869,0.2927789551668669,0.5,0.003269405298350292,0.0053777360618742125
23428932,Beaver Creek,17060104000288,93.5091,0.02248,805.6831022351629,5.509669343341918,42.86766780797064,116.15277596319353,24.0185,3.061,3.8445456096332142,3.6541090637638476,0.002333065959283255,,,,Spawning and rearing,1.0,,,36.10406535336143,31.719807174612715,41.917404818015456,UGR,August/September,9.361954197024586,30.715072824883812,DA+PPT+SLOPE,0,0.34689513857123006,1.1381074100105972,DA+PPT,0,1.045952951973946,3.4316041731428677,DA+PPT,0,5.632096162748895,18.478005783296897,DA+PPT+SLOPE,0,0.0,0.0,1.045952951973946,3.4316041731428677,0.6683453706817676,0.6683453706817676,0.08332061638742823,0.16835961137886798,0.025271942262623463,0.04131913558908567,0.2762765581175483,0.3457140865592895,-0.4105992624163009,-0.3416862534889306,-0.22244254183214507,8.799951217505323e-06,4.2570194564327615,2.5103625394590363,981,0.22585394142051196,0.7422161331096191,0.31030078856898924,1.1415401074102725,0.23816936051604343,0.3300533724192038,0.5,0.014793890938602401,0.029892886505101073
23428934,Beaver Creek,17060104000289,91.7622,0.03696795,807.7637045899114,5.485472617639833,49.95061739438606,132.39971829745957,24.882,2.381,3.9069708216394905,3.6294890241224556,0.0023832890704931927,,,,Spawning and rearing,1.0,,,35.429583492603626,31.80172065314612,41.8738507117517,UGR,August/September,9.688920329751486,31.78779635745238,DA+PPT+SLOPE,0,0.346234254473839,1.1359391550978968,DA+PPT,0,1.0443517084666627,3.4263507495625416,DA+PPT,0,5.901182777934769,19.360835885612758,DA+PPT+SLOPE,0,0.0,0.0,1.0443517084666627,3.4263507495625416,0.6684696815575791,0.6684696815575791,0.04774947471196429,0.08431352252959273,0.016105639235412132,0.03137741409614842,0.2368470190386997,0.3154077665234051,-0.4004987178902526,-0.3685894484824289,-0.21480619439190643,8.916681281503613e-06,5.184536350890567,2.459243482102262,981,0.2254893167882637,0.86853629217882,0.30144143411651053,1.2804463674661273,0.23535304160873186,0.2778987341524968,0.5,0.00809150919549642,0.014287563307622179
23428936,Beaver Creek,17060104000290,84.8565,0.03175925,811.175444662016,5.46130010858198,46.30754929164063,124.08784580768972,18.9155,2.5785,3.8232126963962116,3.6344364477423636,0.0023905485778892895,,,,Spawning and rearing,1.0,,,32.76327781635705,31.93604112842583,41.83034019544756,UGR,August/September,9.25020904426885,30.348454869648457,DA+PPT+SLOPE,0,0.3420528189093468,1.1222205344794842,DA+PPT,0,1.0341675966293715,3.3929383091514813,DA+PPT,0,5.575380179324985,18.291929722194833,DA+PPT+SLOPE,0,0.0,0.0,1.0341675966293715,3.3929383091514813,0.6692481759975962,0.6692481759975962,0.05373803957195162,0.09933665215707532,0.01815111568113181,0.033268652532585485,0.24700287949705346,0.3216214979939388,-0.40562943578581884,-0.3598208782540465,-0.2163985702790028,9.437406458804305e-06,4.644873901376556,2.390888277392943,981,0.22318369815331687,0.8270600153105334,0.30053949734027147,1.237432091934228,0.23155015195723835,0.2926282286662682,0.5,0.009638452956307227,0.017817018564122756
23428938,Beaver Creek,17060104000291,81.0657,0.03675235,814.3344985775782,5.432534727749181,47.814555312206835,127.53717430791725,20.817,1.782,3.8600538787031313,3.616444084646503,0.0025010074355457453,,,,Spawning and rearing,1.0,,,31.299641753754358,32.06041332982591,41.77856250994853,UGR,August/September,9.18858595052495,30.146279365239334,DA+PPT+SLOPE,0,0.33995017648576575,1.1153221013312524,DA+PPT,0,1.029042958933223,3.376125193350469,DA+PPT,0,5.542368304245986,18.183623045426465,DA+PPT+SLOPE,0,0.0,0.0,1.029042958933223,3.376125193350469,0.6696443296806758,0.6696443296806758,0.043994034913226704,0.07789101858053818,0.015657262923679263,0.030555173810542957,0.23453986675553856,0.31262827394599224,-0.40379433418508753,-0.3663829227954688,-0.21416548009576444,8.321996310428502e-06,4.806661611568049,2.5790171839202793,981,0.22201979518813275,0.8650171569056249,0.30035976401006276,1.3071291571306656,0.22873741380081564,0.27861929565364063,0.5,0.007937768206332128,0.01405374278733266
23428940,Beaver Creek,17060104000292,78.1236,0.03013814,817.736170479796,5.3981920255627855,44.32865117351732,119.53373702861198,17.982999999999997,2.1725,3.77547899015722,3.526445863945802,0.002438981868114796,,,,Spawning and rearing,1.0,,,30.163690593106622,32.19433742046441,41.71674564601301,UGR,August/September,8.904932193615261,29.215656803199675,DA+PPT+SLOPE,0,0.33848540810250854,1.1105164307825084,DA+PPT,0,1.0254739102820862,3.3644157161485766,DA+PPT,0,5.331891296877598,17.493081682669285,DA+PPT+SLOPE,0,0.0,0.0,1.0254739102820862,3.3644157161485766,0.6699229451781974,0.6699229451781974,0.05381184657934732,0.10051133926397232,0.01864608077026729,0.03353914997106691,0.24925708112848424,0.32249081550212677,-0.40855097599318396,-0.3561080340591115,-0.21669490917743728,8.865439491635353e-06,4.347087530822325,2.126685229036347,981,0.22121199526149082,0.8130974851681859,0.295865647903717,1.2054872167351716,0.22791533223470764,0.2978392548134709,0.5,0.010092450048796007,0.018850973072694233
23428942,Beaver Creek,17060104000293,66.4641,0.02607564,822.1521797639537,5.358200285767065,40.48997077736251,110.61455195328426,18.334,2.3115,3.737864242790842,3.434284402377753,0.002402983514130345,,,,Spawning and rearing,1.0,,,25.661932475580976,32.368196053698966,41.64476051438072,UGR,August/September,8.193039566571702,26.880051071429467,DA+PPT+SLOPE,0,0.3293789907911119,1.08063973356664,DA+PPT,0,1.0031520534606586,3.2911812777580662,DA+PPT,0,4.815460868264271,15.798756129475954,DA+PPT+SLOPE,0,0.0,0.0,1.0031520534606586,3.2911812777580662,0.6716559671539073,0.6716559671539073,0.05788329730906681,0.11326689598195712,0.02088747953567957,0.03561055578857647,0.2587974026296366,0.3289977420248775,-0.4173709103929628,-0.34342222132403116,-0.21831938874732637,6.478611321081524e-06,3.6573669667585116,2.24176825374375,981,0.21616309890985633,0.7649938960573571,0.29701623933713805,1.1903662935469055,0.21884224736664462,0.31744049945855357,0.5,0.012020302706754379,0.023521506888038335
23428944,Beaver Creek,17060104000294,61.3476,0.02437588,829.974694624262,5.28126749489044,38.65516630294549,106.30888653813273,20.284,3.229,3.694124482762551,3.0441244955832873,0.0026759997881305574,,,,Spawning and rearing,1.0,,,23.686440781398552,32.676169079695356,41.50628149080279,UGR,August/September,7.892388032692186,25.89366152458066,DA+PPT+SLOPE,0,0.32640457777560405,1.0708811606811157,DA+PPT,0,0.9958590185038195,3.2672539977159434,DA+PPT,0,4.610412579412207,15.126025523005929,DA+PPT+SLOPE,0,0.0,0.0,0.9958590185038195,3.2672539977159434,0.672238166536871,0.672238166536871,0.059026832149227604,0.1172041491343523,0.02178810022359032,0.03657996851689862,0.26235382494218634,0.3319564481655719,-0.4205319574866579,-0.3386610924403502,-0.21901884984940156,7.126610552818914e-06,3.411415734316653,2.2065888960215347,981,0.2145195103473592,0.7480385964631738,0.29699833603254916,1.1795101217746384,0.21595632195169032,0.32511747534676727,0.5,0.012802939245136511,0.02542161837266524
23428946,Beaver Creek,17060104000295,41.6709,0.04686919,839.304999441226,5.134546243018769,42.52057480563773,115.3471254313352,25.05,2.3315,3.737704290682667,2.8668355891829345,0.003211522073916113,,,,Spawning and rearing,1.0,,,16.089224438406408,33.0435039150089,41.242183237433785,UGR,August/September,7.023962232688185,23.04449551406885,DA+PPT+SLOPE,0,0.3054432787541133,1.0021104946001091,DA+PPT,0,0.9439167704652088,3.096839798114202,DA+PPT,0,4.027614024106492,13.213956772002925,DA+PPT+SLOPE,0,0.0,0.0,0.9439167704652088,3.096839798114202,0.6764086746720521,0.6764086746720521,0.022613584399420874,0.03801432685133615,0.01123655647860764,0.023513676113889565,0.2084652196665172,0.2864882693705293,-0.41906972042789864,-0.36100741735510794,-0.20868630573838565,6.826318264958167e-06,3.4198161754875196,1.664082473546895,981,0.20281932713617157,0.8898059071144511,0.2685684552201398,1.3243361804404743,0.19093651942457157,0.2683529235216258,0.5,0.005614635430324681,0.00943842349932463
23428948,Beaver Creek,17060104000296,36.432,0.06778833,841.8671530354297,5.080352073425445,45.94724633737142,123.2607869028273,32.025,,3.59336379523779,2.8941217935721544,0.0032634883283078923,,,,Spawning and rearing,1.0,,,14.06647384001839,33.144376103757075,41.1446337321658,UGR,August/September,6.822801700744674,22.384520015566515,DA+PPT+SLOPE,0,0.298318075060774,0.9787338420629068,DA+PPT,0,0.9261028955643925,3.038395326654831,DA+PPT,0,3.9003711712644753,12.796493344043553,DA+PPT+SLOPE,0,0.0,0.0,0.9261028955643925,3.038395326654831,0.6778780452047168,0.6778780452047168,0.013170776832951047,0.023471794088681674,0.0076214447600135935,0.01813682235676239,0.1804188023581975,0.26273649366227925,-0.4163872078087564,-0.3714016990320433,-0.20458964839918672,5.849718685795205e-06,3.613221896951498,0.24045744861516477,981,0.19881358889083345,0.9854013805660771,0.19770155397329778,0.8873306149474767,0.18230466169061793,0.24228534005956873,0.5,0.0033768008875630076,0.006017836010482117
23428952,Beaver Creek,17060104000297,34.6023,0.01555651,843.460539705782,5.048523288649623,28.283956876410226,81.3614318211086,20.677,,,,,,,,,,,,13.360022720533275,33.207107862432366,41.08734191956932,UGR,August/September,5.897354533980729,19.348276030120502,DA+PPT+SLOPE,0,0.2957692912691289,0.9703716905155146,DA+PPT,0,0.9197130013822065,3.0174311068970026,DA+PPT,0,3.2271458917208715,10.587748988585536,DA+PPT+SLOPE,0,0.0,0.0,0.9197130013822065,3.0174311068970026,0.6784113187215719,0.6784113187215719,0.06381785647923936,0.15059293990044276,0.028801662656489705,0.045269873790705344,0.2851899774462266,0.35639895987126485,-0.4524541338826756,-0.29390830427052284,-0.22483589919031177,3.406043662925858e-06,1.8798489404985907,1.8798489404985907,981,0.1973800175678814,0.6088362694029461,0.29426101949702094,1.0831523645735848,0.18571485008745606,0.39710928957032643,0.5,0.019775324271196357,0.04666443506219648
23428954,Beaver Creek,17060104000298,29.8791,0.0297826,843.0094530367843,5.020549460770264,33.371314411847536,93.73854150191518,14.628,,,,,,,,,,,,11.536385005305595,33.18934854475529,41.036989029386476,UGR,August/September,5.820355825694055,19.0956555961091,DA+PPT+SLOPE,0,0.2875137367177592,0.9432865377879238,DA+PPT,0,0.898923602627221,2.9492244180683103,DA+PPT,0,3.189916687114551,10.465605928853513,DA+PPT+SLOPE,0,0.0,0.0,0.898923602627221,2.9492244180683103,0.6801577621530206,0.6801577621530206,0.032354931324196354,0.062290770344953394,0.01688758565392933,0.02971416104597966,0.23959983203889482,0.3097332462310721,-0.44118030164999644,-0.32817039645087465,-0.21376171624519946,4.558466780531132e-06,2.2189896110081815,1.2988083347360149,981,0.19272850549128573,0.7406764998170867,0.25873021872116814,1.1499715918588909,0.17345518936392382,0.3241350629627529,0.5,0.010142876600787687,0.019527397250396126
23428956,Beaver Creek,17060104000299,27.2817,1e-05,845.2503267948802,4.984537435311648,2.5100046212343528,10.229838465301372,15.806999999999999,,,,,,,,,,,,10.533523258707445,33.277571921058275,40.972167383560965,UGR,August/September,2.862816049782121,9.392441108209058,DA+PPT+SLOPE,1,0.28306603253254153,0.9286943324558449,DA+PPT,0,0.8876838532291768,2.912348599833257,DA+PPT,0,1.2580277911963,4.127387766392061,DA+PPT+SLOPE,1,0.0,0.0,0.8876838532291768,2.912348599833257,0.681118416761985,0.681118416761985,0.008955059320654383,0.034219780928783146,0.007066144071616743,0.01212630170537646,0.17489472271629602,0.2297432655489567,-0.3062403676099234,-0.287133506234976,-0.39955998208348387,2.2548170409674127e-07,0.03790318173324496,0.03790318173324496,981,0.1902114951545612,0.02899664906575585,0.28162254127406666,0.04700795778176662,0.24383529225155404,0.2785750402060039,0.1,0.007118331870982534,0.027201132731926717
23428958,Beaver Creek,17060104000300,16.4709,0.02316959,867.5230492145784,4.780766810704334,25.948737212334354,75.57501716803495,15.571000000000002,,,,,,,,,,,,6.359450043136772,34.15445075647946,40.605380259267804,UGR,August/September,4.4042747285700035,14.449720238090562,DA+PPT+SLOPE,0,0.2615289557268345,0.8580346316497194,DA+PPT,0,0.832795102713991,2.7322673973556135,DA+PPT,0,2.2799919075411994,7.480288410568239,DA+PPT+SLOPE,0,0.0,0.0,0.832795102713991,2.7322673973556135,0.6859624235606823,0.6859624235606823,0.018353491297354283,0.03817836219505478,0.011993488823937802,0.020105498713613994,0.21212870227095823,0.2719182041822904,-0.4161578295643422,-0.2682353715544472,-0.30361331005727277,2.6790947344491935e-06,1.3289385651257362,1.1097690908434137,981,0.17797612250739195,0.6374558898065392,0.25055451204720103,1.0996950886254595,0.14743509800420443,0.3750081103271199,0.3,0.008049805456172496,0.016744955132857155
23428960,Beaver Creek,17060104000301,13.7448,0.03312116,872.9192847787456,4.665823756245416,27.46071777499805,79.32968138587476,14.866,,,,,,,,,,,,5.3068969487342095,34.366900975541164,40.39848276124175,UGR,August/September,4.190640714711933,13.74882124249322,DA+PPT+SLOPE,0,0.2536938556559571,0.8323289227557646,DA+PPT,0,0.8126030148071809,2.666020389787339,DA+PPT,0,2.1544818953518963,7.06851015535399,DA+PPT+SLOPE,0,0.0,0.0,0.8126030148071809,2.666020389787339,0.6878009913411962,0.6878009913411962,0.01962832388255546,0.03680407515255615,0.014557770037170462,0.026211741952981014,0.22632383964703393,0.29705164467870726,-0.4624170760311894,-0.31184620830347165,-0.21117894562816836,2.6615807743310895e-06,1.365769468981384,0.7646137586910908,981,0.17349047800831183,0.7033849914158741,0.22819317500900513,1.0986186775782452,0.1375775552095242,0.33833871217981465,0.5,0.0091104612783713,0.017082564133844742
23428962,Beaver Creek,17060104000302,9.0495,0.03623425,878.9144304526108,4.548267820147189,24.71503169325353,72.48805602050625,13.96,,,,,,,,,,,,3.494031483729864,34.602930332779955,40.186882076264936,UGR,August/September,3.499262514562217,11.480520060899662,DA+PPT+SLOPE,0,0.2353274678508734,0.7720717449175637,DA+PPT,0,0.764768912272791,2.509084357850364,DA+PPT,0,1.7307023026309276,5.678157160862623,DA+PPT+SLOPE,1,0.0,0.0,0.764768912272791,2.509084357850364,0.6922894431580493,0.6922894431580493,0.008734220804631803,0.01602411870191511,0.007903832284934931,0.014539113709443333,0.183679682524185,0.24406901271375434,-0.4231508976098258,-0.2752064381851915,-0.2937388319200475,1.6091063420067438e-06,1.0431812287822042,0.5598605270866881,981,0.16289211197045694,0.6828774190067922,0.21153904975901008,1.0675123805353428,0.11873117028568383,0.34633803093896737,0.3,0.005046633838387153,0.009258737726041065
23428966,Jordan Creek,17060104000304,66.4416,0.00882352,656.6872652473817,6.956102588508632,27.139179661557243,78.53375848398659,17.237,3.992,2.956331016903797,4.6593733415228575,0.0014341058665064885,4.414754844737674,2.8093503126044497,0.0032716883108642307,Spawning and rearing,1.0,Rearing and migration,1.0,25.65324517701377,25.853829340448097,44.52098465931554,UGR,August/September,6.654868155613236,21.833556940988306,DA+PPT+SLOPE,0,0.2843666304173461,0.9329613858836814,DA+PPT,0,0.8902822679810093,2.9208735826148597,DA+PPT,0,3.447125864348242,11.309468058885308,DA+PPT+SLOPE,0,0.0,0.0,0.8902822679810093,2.9208735826148597,0.6805882351647468,0.6805882351647468,0.10949636190800172,0.3334703118857296,0.040426609783192,0.06617898711964539,0.3158300286587014,0.40448899045718845,-0.4757705554185554,-0.24859885290456119,-0.2352039818936913,3.4888714154465235e-06,1.5413235839558261,1.5413235839558261,981,0.1908245907201959,0.4711262005812092,0.2829165064141707,0.8185640251229316,0.17892287011976782,0.4818184734717602,0.5,0.03176453840588281,0.0967386527236016
23428968,Jordan Creek,17060104000305,45.6246,0.01243986,680.2142595371839,6.621397273624492,27.55366156308169,79.55950045261176,16.311,,3.876978097960618,4.064199387166816,0.004124048227709789,,,,Spawning and rearing,1.0,,,17.615756542635676,26.78008895815685,43.91851509252409,UGR,August/September,5.872704897547386,19.26740451951242,DA+PPT+SLOPE,0,0.27087664744363144,0.8887029115604705,DA+PPT,0,0.8561092417951368,2.808757354970921,DA+PPT,0,2.9959697379498205,9.829297040517783,DA+PPT+SLOPE,0,0.0,0.0,0.8561092417951368,2.808757354970921,0.6835956975821889,0.6835956975821889,0.07505136884037995,0.21306397857860096,0.032559096732114996,0.05265053619907565,0.29432558705321027,0.3748011655820328,-0.47859320122201593,-0.26007658772829756,-0.22877111431757144,2.579924984039526e-06,1.427112196241369,1.427112196241369,981,0.18318941744686737,0.5130453130865932,0.26949531498654494,0.9016236451544107,0.16183075011205308,0.45318623477034425,0.5,0.025050776678318034,0.07111686606167233
23428970,Jordan Creek,17060104000306,45.4068,0.02040806,680.8130910377189,6.613378154139974,32.28078834838224,91.10972111250896,20.196,,3.8321376488637435,3.03249667324619,0.003508283330868554,,,,Spawning and rearing,1.0,,,17.53166349250513,26.803665001484998,43.90408067745195,UGR,August/September,6.110460255631896,20.047441783569212,DA+PPT+SLOPE,0,0.2707855245486059,0.8884039519311216,DA+PPT,0,0.8558789788559457,2.80800189913368,DA+PPT,0,3.1581291581804476,10.361316135762623,DA+PPT+SLOPE,0,0.0,0.0,0.8558789788559457,2.80800189913368,0.6836170402145345,0.6836170402145345,0.05486140731951624,0.13168792101369844,0.024240346649923687,0.038488753903856414,0.268542333756606,0.3376327895324496,-0.46640474753919425,-0.28846067847710144,-0.22089422733378053,3.0553902134166195e-06,1.7570792343552362,1.6581766273819936,981,0.18313796658557782,0.6033801958061205,0.2659623915562882,1.0499285404710326,0.15825529132810753,0.39551405007756457,0.5,0.01737148943937574,0.041698079596456494
23428972,Jordan Creek,17060104000307,41.5287,0.02301489,694.8615990790587,6.479633845856793,33.16808491485998,93.24958556377244,21.747500000000002,,3.866038118604046,3.1133322942121855,0.003413644480006574,,,,Spawning and rearing,1.0,,,16.03432071146167,27.356755869254282,43.66334092254223,UGR,August/September,5.988399298077032,19.64697932439971,DA+PPT+SLOPE,0,0.26979678458506534,0.885160054412944,DA+PPT,0,0.8534080844137649,2.799895290071407,DA+PPT,0,3.103233690967567,10.18121289687522,DA+PPT+SLOPE,0,0.0,0.0,0.8534080844137649,2.799895290071407,0.6838595866239093,0.6838595866239093,0.04861395242744519,0.11101827944116531,0.022359370753058255,0.03589570243686213,0.26169207916594966,0.32987354333489155,-0.46411773428626263,-0.2944505116589178,-0.2190723833017613,3.051744313421023e-06,1.7814239279146975,1.5679495067501035,981,0.18258815594734001,0.6240429999817054,0.26115783873292897,1.067481045458271,0.1566040765528881,0.3828270400560146,0.5,0.0156655789633064,0.035775030338289014
23428974,Jordan Creek,17060104000308,33.8688,0.02850359,724.7404624961471,6.184326520925542,34.27913921899683,95.91751768227326,20.977,,3.4650471106451204,3.1492163693170445,0.0034238460083041867,,,,Spawning and rearing,1.0,,,13.076816787242391,28.53308907465146,43.131787737665974,UGR,August/September,5.67629287403549,18.623008116914338,DA+PPT+SLOPE,0,0.26675853145234363,0.875192032323962,DA+PPT,0,0.8457482929754689,2.7747647407331657,DA+PPT,0,2.9487190171129543,9.674274990528065,DA+PPT+SLOPE,0,0.0,0.0,0.8457482929754689,2.7747647407331657,0.6845887438757372,0.6845887438757372,0.03754195440260966,0.07983823741972586,0.018997914922112856,0.031498845531955186,0.24817667187086062,0.31581412161594025,-0.4606636810529296,-0.3046024716977343,-0.2157359323272232,3.6028236979158035e-06,1.7846443002768677,1.3342169667545138,981,0.1808763827128149,0.6616398643571954,0.25017661683055864,1.0891946384889613,0.15237895788231676,0.3604605703559106,0.5,0.012731614706160242,0.027075566358267075
23428976,Jordan Creek,17060104000309,25.0803,0.04020909,754.7575488706715,5.938095717213191,34.918634231241626,97.44745491820885,21.663,,3.301407917526564,2.9467145991028194,0.0036593032628544435,,,,Spawning and rearing,1.0,,,9.683557966892106,29.714864128766596,42.68857229098374,UGR,August/September,5.20008589630999,17.060649266108893,DA+PPT+SLOPE,0,0.2586920392204975,0.8487271627969077,DA+PPT,0,0.8251372600302833,2.7071432415691707,DA+PPT,0,2.688057241797793,8.819085438969136,DA+PPT+SLOPE,0,0.0,0.0,0.8251372600302833,2.7071432415691707,0.6864860529858956,0.6864860529858956,0.022425597500176173,0.04304438575211648,0.013478466619653877,0.024697505854164623,0.22130305210725923,0.2912176540466641,-0.45615978391208023,-0.3204159014654509,-0.20994584800281502,3.4890301229509954e-06,1.7738676998720724,1.0287360958182798,981,0.1762904276896489,0.7334015865330139,0.23344632789101147,1.1376493939633145,0.14222223314649599,0.3232140764086684,0.5,0.008342678552923137,0.01601319536012859
23428978,Jordan Creek,17060104000310,22.8636,0.0327515,764.2147148995828,5.8510036719477245,31.75600975216931,89.84015634800882,18.127,,3.189105391913962,3.000655098823619,0.0035597472245664204,,,,Spawning and rearing,1.0,,,8.827685312051067,30.087193499983574,42.53180660950591,UGR,August/September,4.931417943787647,16.179192728962096,DA+PPT+SLOPE,0,0.2562486346668835,0.8407107436577543,DA+PPT,0,0.8188690021145745,2.6865780909270813,DA+PPT,0,2.52430872676472,8.281852778099475,DA+PPT+SLOPE,0,0.0,0.0,0.8188690021145745,2.6865780909270813,0.6870700514915453,0.6870700514915453,0.026073560898198497,0.052379152976859945,0.015857401607660124,0.02775615934149201,0.2332934576121426,0.3027748451365061,-0.46309692969064115,-0.3084914898871988,-0.21255417881449992,3.083348149266252e-06,1.5575090351714636,1.0301217499806965,981,0.1748961434504912,0.6852443699611325,0.23563743231082301,1.0999965129429088,0.14053997646938454,0.3466805628739742,0.5,0.010328990515995907,0.020749899733536824
23428980,Jordan Creek,17060104000311,20.6586,0.03671765,773.6408889370044,5.769553029228021,31.88782228181713,90.15932428618625,12.939,,3.0686129444682293,3.1374939656592336,0.0034793229544325876,,,,Spawning and rearing,1.0,,,7.976330052464972,30.458302714055293,42.38519545261044,UGR,August/September,4.783349699471939,15.693404525826573,DA+PPT+SLOPE,0,0.25336736610982796,0.8312577628275195,DA+PPT,0,0.8114558869650058,2.6622568469980505,DA+PPT,0,2.442796212681707,8.014423269953106,DA+PPT+SLOPE,0,0.0,0.0,0.8114558869650058,2.6622568469980505,0.6877619964561863,0.6877619964561863,0.021934887987476545,0.04268455813418415,0.01414326945221518,0.02540390897904242,0.22451290482910738,0.2939680845969887,-0.4617223502418954,-0.3134371155513471,-0.21069726475454223,3.0244690279453637e-06,1.5497783443798354,0.8882217599557225,981,0.17324731927157572,0.7083677552945771,0.22851407104557703,1.0997416220320464,0.13704022649579103,0.33475387274985535,0.5,0.008979417879232905,0.017473646762913943
23428982,Jordan Creek,17060104000312,13.0032,0.05034823,792.7251830495571,5.65382167736711,30.415574811505117,86.58346962077536,12.273,,2.689938508200753,2.5980163210377,0.0042659311803109855,,,,Spawning and rearing,1.0,,,5.020563587959132,31.209652875966817,42.176879019260795,UGR,August/September,4.023985259788279,13.202051377258131,DA+PPT+SLOPE,0,0.2357034431171119,0.773305259570577,DA+PPT,0,0.7655115813828411,2.5115209362954105,DA+PPT,0,1.994542823190903,6.5437756666368205,DA+PPT+SLOPE,0,0.0,0.0,0.7655115813828411,2.5115209362954105,0.6920968292976957,0.6920968292976957,0.01219315845494148,0.021746519088998034,0.010095221961362559,0.019374857940651437,0.19965649573464522,0.26858361131714503,-0.465453286662899,-0.31843922036916317,-0.20601227100657532,2.4412908824361737e-06,1.304550567387498,0.6103979517868182,981,0.1630671671231567,0.7501754936923801,0.2100387727969501,1.126500626085795,0.11787380458756953,0.3138925596458838,0.5,0.006113259797267556,0.010903009369439151
23428984,Whiskey Creek,17060104000313,38.8332,0.02096637,624.8095345467924,7.042133731140957,30.080872793628526,85.76709439676709,9.567,,3.6051561297263683,3.1567954256070343,0.003845325902815373,,,,Spawning and rearing,1.0,,,14.993582343110509,24.598800572708363,44.67584071605373,UGR,August/September,5.451611329691088,17.885863942556064,DA+PPT+SLOPE,0,0.24849592713742144,0.8152753515007265,DA+PPT,0,0.7983060540328449,2.6191143505014596,DA+PPT,0,2.6720697737698105,8.766633116042685,DA+PPT+SLOPE,0,0.0,0.0,0.7983060540328449,2.6191143505014596,0.6887209787748929,0.6887209787748929,0.04500467860805483,0.11346703877638062,0.022323090094597705,0.03612935805796806,0.25990666793212897,0.33058774369974375,-0.4827611726532961,-0.2752507606373432,-0.2196649766147629,2.828883660337673e-06,1.3622988439525683,1.3323136145967929,981,0.17035514106820276,0.5725014674904714,0.24601496320422284,1.0045410319480639,0.13500340482208012,0.4116839541766841,0.5,0.016842628530826614,0.04246410026048796
23428986,Whiskey Creek,17060104000314,21.0015,0.03240429,652.7988661634882,6.747688324554103,29.223191029411762,83.66910411223557,16.445,,3.0880436520092194,2.984854469513173,0.004106524520439363,,,,Spawning and rearing,1.0,,,8.108724482629176,25.70074276234206,44.14583898419738,UGR,August/September,4.365391687433552,14.322151205490654,DA+PPT+SLOPE,0,0.2274582044006179,0.7462539514455967,DA+PPT,0,0.7433659770676907,2.43886475415909,DA+PPT,0,2.0676411339003464,6.783599520670427,DA+PPT+SLOPE,0,0.0,0.0,0.7433659770676907,2.43886475415909,0.6940158530016963,0.6940158530016963,0.022740596067407172,0.049165798587656274,0.015240810160019427,0.02652205573080516,0.22855904964783466,0.29821928715902124,-0.4860341793083125,-0.2861516122717487,-0.21257339825991933,2.15037529761148e-06,1.103029737238811,0.7661677728382073,981,0.15819841397570023,0.6201293442964416,0.21129036228074288,1.004541732183625,0.11170372454843484,0.3782138139305197,0.5,0.010998328333945399,0.02377869049979246
23428988,Whiskey Creek,17060104000315,12.0645,0.03914875,713.4642895658336,6.161103727847818,27.388469867881835,79.15095905400787,16.9265,,2.9097533411530234,2.602867231478805,0.004445657931337135,,,,Spawning and rearing,1.0,,,4.658129491735338,28.08914525849739,43.08998671012607,UGR,August/September,3.6038705588256863,11.823722305858551,DA+PPT+SLOPE,0,0.21690178054695955,0.7116200149178462,DA+PPT,0,0.715573908688143,2.347683427454537,DA+PPT,0,1.6817604757602793,5.517586862730575,DA+PPT+SLOPE,0,0.0,0.0,0.715573908688143,2.347683427454537,0.6968841681991953,0.6968841681991953,0.015422043986779517,0.03158143382082517,0.013091474337270481,0.023735816243589985,0.21658504134945014,0.28738762082895275,-0.4893262246121959,-0.28726257440116776,-0.21031972664936585,1.6734196048093083e-06,0.9032549640066501,0.5461110111886337,981,0.15206965473083664,0.6301889393388308,0.19797652607288987,1.004352322944557,0.10102631108096878,0.37044451136233963,0.5,0.009170178636650157,0.018778794171951295
23428990,Whiskey Creek,17060104000316,5.0913,0.07461623,750.4475069064875,5.858001775658476,25.53917713359294,74.5526124202137,14.368,,2.3748462539164414,2.1083985681793753,0.00428731196940586,,,,Spawning and rearing,1.0,,,1.9657619197871548,29.54517743726329,42.54440319618526,UGR,August/September,2.6307202717359996,8.630972020131232,DA+PPT+SLOPE,0,0.19020783286624543,0.6240414464115663,DA+PPT,0,0.6436680109341406,2.1117716894164715,DA+PPT,0,1.165523733511993,3.8238967634907906,DA+PPT+SLOPE,1,0.0,0.0,0.6436680109341406,2.1117716894164715,0.7044938856131733,0.7,0.0031323249709446065,0.005364797416658839,0.004070236484577248,0.008221180030728317,0.14526433445039114,0.20182643679295775,-0.44041114663190517,-0.2719607486182384,-0.2835578682652791,9.355949683640668e-07,0.6711084566024748,0.28923310039957795,981,0.13453684716636125,0.7002115306874683,0.17106530097086395,1.0640804329345435,0.07210332266132341,0.3312577811438878,0.3,0.0026874827863918186,0.0046029070557778015
23428992,Rock Creek,17060104000317,129.9996,0.01329063,638.3694001305413,6.848209481951012,36.323825619087515,100.79522982439433,32.069,0.902,3.7727936133481323,3.4853167968328242,0.002700790132806303,3.2859261126901376,1.2362449568233111,0.004107024831597185,Spawning and rearing,1.0,,1.0,50.19312616965454,25.13265354844651,44.32677706751182,UGR,August/September,9.227920171960701,30.27532864816503,DA+PPT+SLOPE,0,0.31723562929944693,1.0407993087252196,DA+PPT,0,0.9724173915615909,3.190345772839865,DA+PPT,0,5.12337676205227,16.808978878124243,DA+PPT+SLOPE,0,0.0,0.0,0.9724173915615909,3.190345772839865,0.6737659856226935,0.6737659856226935,0.13219949994646693,0.3531257287168985,0.036073555501962805,0.053906357290172464,0.30781174336806816,0.37775770258737684,-0.4436262960051778,-0.2894577084747809,-0.23084244001807852,5.510513523014437e-06,2.937637018538021,2.8891699357449463,981,0.2092714400526119,0.5804442750668128,0.3143854441596477,1.0042145616430085,0.21012847075094787,0.4156865874581437,0.5,0.025803197009761157,0.06892441159752753
23428994,Rock Creek,17060104000318,100.3554,0.01655228,656.3180139598398,6.653976605389235,35.81863301160536,99.59382490374804,33.634,0.829,4.109230847540836,3.895075214396779,0.002648270478944079,3.5861817948460013,1.2739894018626103,0.003961675577619811,Spawning and rearing,1.0,,1.0,38.74743656139057,25.83929188818267,43.97715788970062,UGR,August/September,8.47002912113116,27.788809452530053,DA+PPT+SLOPE,0,0.3074959908810711,1.0088451144392097,DA+PPT,0,0.9483162332962622,3.1112737312869494,DA+PPT,0,4.6584522048083805,15.283635842547179,DA+PPT+SLOPE,0,0.0,0.0,0.9483162332962622,3.1112737312869494,0.67574530511595,0.67574530511595,0.09619240402294736,0.23744980481905079,0.029664027439505487,0.04518897586930749,0.2889102304354724,0.35618653658207977,-0.44417558900010734,-0.30066243719235336,-0.22549794636803383,5.136058267212274e-06,2.8151556875314854,2.5901942130470648,981,0.20384047096531605,0.6229473187164277,0.30021761812052244,1.060728704198067,0.19798418879068938,0.3893350578676946,0.5,0.02064900524763549,0.05097182376883869
23428996,Rock Creek,17060104000319,77.9391,0.01878624,666.97699525842,6.525862595934848,35.248463286587366,98.23496392094093,42.129000000000005,1.0165,4.035378612666065,4.601289789849672,0.00311421716347007,3.8507478443180654,1.1851508493617036,0.0045870203973698105,Spawning and rearing,1.0,,1.0,30.09245474485554,26.258936821197636,43.746552672682725,UGR,August/September,7.688819307801076,25.225785130580956,DA+PPT+SLOPE,0,0.29614016745111105,0.9715884758894718,DA+PPT,0,0.919977345136747,3.018298376432897,DA+PPT,0,4.160401800067633,13.649612204946301,DA+PPT+SLOPE,0,0.0,0.0,0.919977345136747,3.018298376432897,0.6781005869148959,0.6781005869148959,0.07651199500994192,0.1811445509616407,0.026534319699252722,0.04123298650118077,0.2781889555328102,0.34547365174496747,-0.449135807527651,-0.30155783996444474,-0.22277203280865152,5.342895323298588e-06,2.510889600792199,2.2072503851396554,981,0.19748058193904736,0.6329253598023159,0.28635235716569657,1.0679830649843611,0.1851782457445995,0.3819488691622077,0.5,0.018390530214821586,0.04354015781809727
23428998,Little Rock Creek,17060104000320,17.9748,0.03593614,666.8202604866814,6.628930457097436,28.772479079105775,82.56307033724656,18.383,,,,,,,,,,,,6.940109079368756,26.252766160892968,43.932074822775384,UGR,August/September,4.146140458944129,13.602823028031919,DA+PPT+SLOPE,0,0.22390215370878086,0.7345871184671288,DA+PPT,0,0.7340144371040104,2.408183848766438,DA+PPT,0,1.955093143543803,6.414347583805128,DA+PPT+SLOPE,0,0.0,0.0,0.7340144371040104,2.408183848766438,0.6949621936699676,0.6949621936699676,0.018927014725510366,0.03953158331866579,0.013697784035672341,0.024231018577716402,0.22052081621299882,0.28937247813321887,-0.4851849470485975,-0.2903001829504477,-0.21081708596528245,1.7021874526398968e-06,1.0662054422311316,0.7278996399958503,981,0.1561339860819226,0.637629112526623,0.20753915466269865,1.0324867705227152,0.10758377165491674,0.36743012378578327,0.5,0.009680876222195352,0.020219795383769192
23429000,Little Rock Creek,17060104000321,4.0275,0.06185822,765.9071224826815,5.674601950938548,22.30385155269796,66.38934417616598,12.266,,,,,,,,,,,,1.5550264435297008,30.153823719790612,42.21428351168939,UGR,August/September,2.3510608981233143,7.713454390168353,DA+PPT+SLOPE,1,0.1843419200900771,0.6047963257548461,DA+PPT,1,0.6276284999282863,2.059148621811963,DA+PPT,1,1.0201308066191714,3.3468858484880952,DA+PPT+SLOPE,1,0.0,0.0,0.6276284999282863,2.059148621811963,0.7062881623266944,0.7,0.003367200798582162,0.0059261835285584485,0.004688652685625626,0.009266302559224756,0.15172597886049763,0.21004007216568388,-0.44938331358039213,-0.2591973956287273,-0.28673063810525495,8.94510850766572e-07,0.5393832008583769,0.2554097594842702,981,0.13038906205496484,0.6419811025062817,0.16571983698905757,1.0035821681327293,0.06691988963142628,0.35951360955706446,0.3,0.00330075395893733,0.005809238864375138
23429004,Rock Creek,17060104000323,58.0563,0.03181818,671.0901159542981,6.4441077794923345,37.463112401992284,103.49582573151689,36.9995,0.899,3.883926053734301,3.1692015529291093,0.00329250897936149,,,,Spawning and rearing,1.0,,,22.4156627469878,26.420870706862132,43.5993940030862,UGR,August/September,7.044146941814765,23.110718313040568,DA+PPT+SLOPE,0,0.28110921766020247,0.9222743361555199,DA+PPT,0,0.8820963507629039,2.8940168988284247,DA+PPT,0,3.7570885383664194,12.326405965769093,DA+PPT+SLOPE,0,0.0,0.0,0.8820963507629039,2.8940168988284247,0.6813168794802542,0.6813168794802542,0.0378512634237485,0.07698505854175253,0.016033962294716993,0.02805689131359695,0.23571146049733815,0.3038644194065113,-0.4444433284013705,-0.3267309230219062,-0.21279178628200635,4.442253583786473e-06,2.567022667192599,1.55219991425299,981,0.1889915263995857,0.7383945426342237,0.254170995915705,1.135046368733404,0.1662078561829613,0.323157730022247,0.5,0.010074626412771792,0.02049061600641054
23429006,Rock Creek,17060104000324,38.0961,0.0156675,693.9777488032768,6.172404013761534,26.614206740666933,77.23133456034772,29.3755,,3.8616523713348148,3.3326762303163266,0.0033998136729320987,,,,Spawning and rearing,1.0,,,14.708986442048872,27.321958614302236,43.110327224770764,UGR,August/September,5.570469494609183,18.2758185518674,DA+PPT+SLOPE,0,0.2651779886935422,0.8700065245851122,DA+PPT,0,0.8415864507810301,2.761110402824902,DA+PPT,0,2.8298823946566447,9.284391058584792,DA+PPT+SLOPE,0,0.0,0.0,0.8415864507810301,2.761110402824902,0.684907012883293,0.684907012883293,0.05520795853878619,0.1421596125200269,0.0262121805959918,0.04201845353488054,0.27461323361562984,0.3476535657479881,-0.4748415413834132,-0.2759135051620251,-0.22303277285856982,2.6231919742336096e-06,1.469632984742232,1.469632984742232,981,0.17995526010345092,0.5679509099918156,0.26382571666817706,0.9998999270945872,0.15315358514517666,0.41839096677369403,0.5,0.0195089232835362,0.050235166234629126
23429008,Rock Creek,17060104000325,32.9778,0.01260217,699.6714561026391,6.144565208169642,23.81759750688042,70.22859875286971,26.894,,3.3209433454628923,3.5975282531210677,0.003789290630055544,,,,Spawning and rearing,1.0,,,12.732799763981072,27.546120319001542,43.06021737470535,UGR,August/September,5.142064146478594,16.870289194483576,DA+PPT+SLOPE,0,0.2593700212388625,0.8509515132508612,DA+PPT,0,0.8266898273944335,2.71223696651717,DA+PPT,0,2.567052883649044,8.422089513284265,DA+PPT+SLOPE,0,0.0,0.0,0.8266898273944335,2.71223696651717,0.6862547322538773,0.6862547322538773,0.03479562521802124,0.09696492884592961,0.01752903818027523,0.029037608398759115,0.2390710919748507,0.3073644354472531,-0.4304350156080041,-0.23535035019886122,-0.3166855960128593,2.6811809889314215e-06,1.215136315548663,1.215136315548663,981,0.17663884567398508,0.5201566613485669,0.25804736824141106,0.9156819403221529,0.14872872840686813,0.44885898288247256,0.3,0.013554697466364445,0.03777285986726334
23429010,Rock Creek,17060104000326,21.969,0.0175,726.7292613491561,5.887468737204096,23.347074891482333,69.03909619233623,21.5215,,3.2291050374243557,3.574058442923383,0.004579732248131818,,,,Spawning and rearing,1.0,,,8.482278321018994,28.61138824209276,42.59744372696737,UGR,August/September,4.4758507956218505,14.684549854402396,DA+PPT+SLOPE,0,0.24608339773668414,0.8073602287948954,DA+PPT,0,0.7924106289811168,2.5997724047936903,DA+PPT,0,2.1953704708703152,7.202659025165076,DA+PPT+SLOPE,0,0.0,0.0,0.7924106289811168,2.5997724047936903,0.6894496505516354,0.6894496505516354,0.02213650207571394,0.05450224430218463,0.013485940014273293,0.022401489684145157,0.21926044481865034,0.281898198101924,-0.43177558082387013,-0.24674433704364063,-0.30799414211821585,1.9143015385751234e-06,1.1061334913232688,1.0820315750313692,981,0.16902731275705138,0.565652565490587,0.24364190718416678,1.0034688264618736,0.13269003542665087,0.4173534873962348,0.3,0.010083264929284724,0.024825989519927448
23429012,Catherine Creek,17060104000327,808.7976,0.00052013,745.3099276989166,7.036720011113032,24.795922912799814,72.69112893724781,22.927999999999997,18.304499999999997,3.751577174455481,3.1507630283159074,0.0018548313654832426,6.619643934939827,2.7410085089498906,0.0023452893303548784,Rearing and migration,1.0,Rearing and migration,1.0,312.2784991839497,29.342910539327427,44.66609602000346,UGR,August/September,17.617087324280114,57.79884292742819,DA+PPT+SLOPE,0,0.49727112166810444,1.6314669346066417,DA+PPT,0,1.398652521325074,4.588754991223996,DA+PPT,0,11.63934653371992,38.18683245971102,DA+PPT+SLOPE,0,0.0,0.0,1.398652521325074,4.588754991223996,0.6444641438196579,0.6444641438196579,0.6369720646652623,2.1102343964653083,0.07433979062000891,0.1197714102953802,0.3872049776692356,0.4929290209580506,-0.3224619446363156,-0.19979833689930432,-0.403399927844371,8.990083621289848e-06,3.2620998386401494,3.2620998386401494,981,0.3070346091269662,0.2251513783200865,0.49473529464285426,0.37423708372457026,0.3867009102158743,0.5754141528881995,0.3,0.05472575825626586,0.18130179304755867
23429014,Catherine Creek,17060104000328,750.6909,6.643e-05,736.653077485222,7.070904282446482,12.459637217677027,40.32748106619452,25.3045,22.1955,3.801865877538038,3.04642855605859,0.0018696696558176168,6.827432263303996,2.736273004347481,0.0023682568632266967,Rearing and migration,1.0,Rearing and migration,1.0,289.8433768881714,29.00208966477252,44.727627708403666,UGR,August/September,14.245642264892124,46.73767147274319,DA+PPT+SLOPE,1,0.48652858529305326,1.5962223926937442,DA+PPT,0,1.3741506152229237,4.508368160180195,DA+PPT,0,8.796736770679464,28.860684943174093,DA+PPT+SLOPE,1,0.0,0.0,1.3741506152229237,4.508368160180195,0.6459423152722416,0.6459423152722416,0.38523557501800043,1.375425960115449,0.05468980105266475,0.09654099167305856,0.3494734641324579,0.45874419871237776,-0.30579541281403,-0.26893871930353186,-0.3705760668297733,4.761599825120653e-06,1.0703183154312348,1.0703183154312348,981,0.30133152079881026,0.09780174931098864,0.48404753984198756,0.15520277373172606,0.37753250401357236,0.4342351094143386,0.3,0.04379300927839911,0.15635638486988743
23429016,Catherine Creek,17060104000329,745.6446,0.00020982,738.842120689264,7.056413607203423,18.013148269985592,55.2912553954216,27.222,27.4645,3.7926675129438125,3.048011486657273,0.0018667073642407801,6.899534211119135,2.7560219932152212,0.0023674335910691354,Rearing and migration,1.0,Rearing and migration,1.0,287.89498956551864,29.08827246808126,44.701544492966164,UGR,August/September,15.660466040651022,51.37948176066608,DA+PPT+SLOPE,1,0.4868470993326679,1.5972673862620337,DA+PPT,0,1.3748896731920646,4.51079289105008,DA+PPT,0,9.976101363047471,32.72999134858094,DA+PPT+SLOPE,1,0.0,0.0,1.3748896731920646,4.51079289105008,0.6459009702194061,0.6459009702194061,0.5247716718072287,1.82819948056713,0.06796474026379817,0.11672811486925887,0.37463410128085933,0.4887181752821321,-0.31929630349780413,-0.22042739833633318,-0.39231155790206446,6.211888645730508e-06,1.928167617330514,1.928167617330514,981,0.3014971265349301,0.1564482356747398,0.4843644274810256,0.2541700855405611,0.378733109968682,0.5308391179094066,0.3,0.05260288089604204,0.18325790948145065
23429018,Catherine Creek,17060104000330,743.7573,0.00076,739.6664289985154,7.050940705926925,27.22428699378483,78.74456122622088,28.252,29.192,3.7843437247090685,3.0980591831758275,0.001898648301756801,6.924063075917347,2.8103557619528567,0.002487692247673621,Rearing and migration,1.0,Rearing and migration,1.0,287.16629896170144,29.120725551122653,44.691693270668466,UGR,August/September,17.431011187697415,57.18835691501776,DA+PPT+SLOPE,0,0.4869668841303749,1.597660381005167,DA+PPT,0,1.3751675898335713,4.511704691055024,DA+PPT,0,11.4926178046535,37.70543899164534,DA+PPT+SLOPE,0,0.0,0.0,1.3751675898335713,4.511704691055024,0.6458854268160075,0.6458854268160075,1.0164495995412977,3.319363556204826,0.12133804559577725,0.19045683680328385,0.4564274135933605,0.5753500948540111,-0.3700031110038328,-0.22161430739403098,-0.28704453600635893,9.50022796079033e-06,3.641059791647004,3.641059791647004,981,0.3015597481488713,0.2572748409466245,0.4844836024868312,0.4311046616874062,0.3806652557733976,0.5785169939198,0.5,0.08844369636391501,0.28882571513522143
23429020,McAlister Slough,17060104000331,28.2168,0.00032094,431.1437062202092,9.16352480404695,5.493349691280593,20.003108335974325,14.739,,3.554958025892074,2.9652529265658543,0.005314629540073773,,,,Rearing and migration,1.0,,,10.894567387160487,16.97416166221296,48.49434464728451,UGR,August/September,2.7363301028382625,8.977460967317134,DA+PPT+SLOPE,1,0.18347686239773026,0.6019582099663066,DA+PPT,1,0.6241408410918768,2.0477061715612757,DA+PPT,1,0.9879123702489776,3.2411823170898213,DA+PPT+SLOPE,1,0.0,0.0,0.6241408410918768,2.0477061715612757,0.7060329170628309,0.7,0.025496635747182094,0.10345009536547943,0.021749002149924385,0.04649214290383527,0.24437224607344757,0.35957806251340363,-0.43400783075104593,-0.22455035662382014,-0.31969281047520953,2.7510172080829364e-07,0.08650881545189082,0.08650881545189082,981,0.12977624836059184,0.10439223430537296,0.18254122396334513,0.17317591526815757,0.13649423711665407,0.4587365050046937,0.3,0.02580860055508398,0.10471586193359186
23429022,McAlister Slough,17060104000332,12.222,0.00038004,434.49523371840945,9.143709570359352,4.694565873143392,17.485279742534495,15.047,,,,,,,,,,,,4.718940581705773,17.106111563716908,48.458677226646834,UGR,August/September,1.8996499312255084,6.232447280923584,DA+PPT+SLOPE,1,0.15723695155795944,0.5158692636415992,DA+PPT,1,0.5510148572893315,1.8077915265398015,DA+PPT,1,0.6328652289927125,2.076329491445907,DA+PPT+SLOPE,1,0.0,0.0,0.5510148572893315,1.8077915265398015,0.7146411762262226,0.7,0.013431319203291166,0.05499384507400561,0.016340498930696005,0.0364715626283651,0.21945768440978577,0.331628202567385,-0.44557524661274506,-0.22823971929212208,-0.3098445351644368,1.3946199320837723e-07,0.049111639347323384,0.049111639347323384,981,0.1112163417324371,0.09538627580307811,0.15643512328784104,0.16524683831044287,0.10625564607372494,0.4406179957977603,0.3,0.02122303231079524,0.08689661329875159
23429024,Catherine Creek,17060104000333,715.266,2.472e-05,751.9602734863694,6.9667712318704025,9.031811688646483,30.617622780338365,41.585,46.519,3.825187370431503,3.005875961033328,0.001817239754752257,6.673112428901411,2.636339307626543,0.002304883210789862,Rearing and migration,1.0,Rearing and migration,1.0,276.16574653202105,29.60473517662872,44.540188217366726,UGR,August/September,12.9658930065591,42.53901905039074,DA+PPT+SLOPE,1,0.48859266873825286,1.6029943200073913,DA+PPT,0,1.3789442830468468,4.524095416820363,DA+PPT,0,7.8289276013522,25.685458009685696,DA+PPT+SLOPE,1,0.0,0.0,1.3789442830468468,4.524095416820363,0.6456762794950042,0.6456762794950042,0.27956549839779793,1.0051827525221575,0.04400645917875104,0.07751865366483157,0.3269278893862786,0.42638515290479106,-0.294535551951402,-0.3080149188034237,-0.3534430700664231,3.442541677904485e-06,0.6351991855133549,0.6351991855133549,981,0.30244463897823803,0.0644912265438635,0.4861010969396292,0.10077144140776526,0.37843656104020607,0.35769907357555725,0.3,0.03570929667934492,0.1283934152550528
23429026,Ladd Creek,17060104000334,144.7623,0.00117936,545.4522863118904,7.629900863753568,15.79031548671699,49.395337135009186,21.403,10.442,3.5361432739269696,3.6039524552041615,0.002536260734931599,,,,Rearing and migration,1.0,,,55.893036505569114,21.47449946109805,45.733821554756425,UGR,August/September,7.292502919410484,23.925534512501585,DA+PPT+SLOPE,1,0.2921655628405976,0.9585484345163963,DA+PPT,1,0.9094280613858662,2.9836878654391934,DA+PPT,1,3.5864509835943688,11.766571468485461,DA+PPT+SLOPE,1,0.0,0.0,0.9094280613858662,2.9836878654391934,0.6787370268788824,0.6787370268788824,0.1375106528436879,0.5042204767079407,0.04251842002016406,0.07701486240908162,0.31528951693563406,0.4254594568099207,-0.4192910583422411,-0.17825749957900777,-0.359933022058587,2.0366483463377594e-06,0.8287352470289733,0.8287352470289733,981,0.1951375342068656,0.23742302404479468,0.290675669269606,0.3909192800316485,0.21543159798504943,0.5862524576207931,0.3,0.03834170701696686,0.14059037165554875
23429028,Ladd Creek,17060104000335,131.9877,0.00040092,554.8123243273485,7.50768156952241,10.938114127495242,36.07239650193942,21.529,10.217,3.2816383076539237,5.974518014480915,0.0027554470400458,,,,Rearing and migration,1.0,,,50.960735871052776,21.8430048947775,45.51382682514034,UGR,August/September,6.443886864930322,21.14136110541444,DA+PPT+SLOPE,1,0.2902787205250441,0.9523580069719294,DA+PPT,1,0.9047295190883358,2.968272700421049,DA+PPT,1,3.0723203630734766,10.079791217432666,DA+PPT+SLOPE,1,0.0,0.0,0.9047295190883358,2.968272700421049,0.6791541401041631,0.6791541401041631,0.12571577084822652,0.48064246905604124,0.04304955398823211,0.0793154161534123,0.31482591234388707,0.4296543393976874,-0.39957139619637505,-0.2006095090325769,-0.35676954078281586,1.6066856057949853e-06,0.46808956389307566,0.46808956389307566,981,0.19408596808131387,0.15568548770954024,0.28879844900085805,0.25150276723777765,0.23246619883591854,0.5385614098571464,0.3,0.040918835274868094,0.15644282244551408
23429030,Ladd Creek,17060104000336,130.3056,1e-05,556.4612682939044,7.4854476786162145,3.3384428095628267,13.059272825855942,21.308,9.617,3.273688229156573,4.3582359248950135,0.0027458058779576302,,,,Rearing and migration,1.0,,,50.311273430168534,21.90792394857891,45.47380582150919,UGR,August/September,4.711279110231771,15.456952461390323,DA+PPT+SLOPE,1,0.2901325134764497,0.9518783250539687,DA+PPT,1,0.9043697758401922,2.967092440420578,DA+PPT,1,2.036349642006784,6.680937145691549,DA+PPT+SLOPE,1,0.0,0.0,0.9043697758401922,2.967092440420578,0.6791881802917329,0.6791881802917329,0.046538059932074174,0.1754301280286887,0.022220360999771878,0.03819188040603098,0.25637059382221195,0.33676246562649526,-0.34398270153307886,-0.3209112398119709,-0.3128856976551784,4.3125879716203665e-07,0.06757845092440204,0.06757845092440204,981,0.1940042177511776,0.03216658996896691,0.2886529864176904,0.04968781692896894,0.24912355599023314,0.28461811248424546,0.3,0.022853668629426425,0.08614931562332569
23429032,Ladd Creek,17060104000337,117.2331,0.00073327,563.6845221455304,7.37891692499382,12.962530201314722,41.71703417193067,22.828000000000003,9.466999999999999,3.3246464638943323,3.6546442026274533,0.0028303828770158378,,,,Rearing and migration,1.0,,,45.26395296262241,22.192304021477575,45.28205046498888,UGR,August/September,6.472963288474721,21.236756195783205,DA+PPT+SLOPE,1,0.28675472606828034,0.9407963453683738,DA+PPT,1,0.8958929237448904,2.939281245882186,DA+PPT,1,3.118508641910531,10.231327565323264,DA+PPT+SLOPE,1,0.0,0.0,0.8958929237448904,2.939281245882186,0.6799229925049224,0.6799229925049224,0.12444685726034377,0.4657919555971812,0.043015568967926715,0.07900872822341548,0.31525471949735995,0.42909984440503135,-0.41391364538037567,-0.18377797097348922,-0.3592928146782084,1.8349236729352911e-06,0.5909695560638653,0.5909695560638653,981,0.19210180229113377,0.19549241988767005,0.285292424561254,0.3199840254525121,0.219413676876353,0.5734685605792553,0.3,0.03990588821459938,0.14936368921261584
23429034,Ladd Creek,17060104000338,109.8144,0.0002398,572.1637362167637,7.255994424482609,8.949737697407064,30.379262233994726,25.331,9.691,,,,,,,,,,,42.39957687904357,22.52613134711668,45.0607899640687,UGR,August/September,5.765894003827972,18.91697507817576,DA+PPT+SLOPE,1,0.2859828847333567,0.9382640575241361,DA+PPT,1,0.893986192223546,2.9330255650378807,DA+PPT,1,2.695492912208232,8.843480683097873,DA+PPT+SLOPE,1,0.0,0.0,0.893986192223546,2.9330255650378807,0.6801036892728147,0.6801036892728147,0.10450946264765347,0.4055996994103362,0.03983410332652154,0.07356395676605022,0.30648479857409683,0.4190074004613932,-0.38914847369743216,-0.22171744306179514,-0.3492999799142511,1.225062319159656e-06,0.32908522633400905,0.32908522633400905,981,0.19167597498665914,0.12481709923408144,0.2845245181317293,0.2005758344955546,0.23542646900752917,0.4930126699854322,0.3,0.03877193005194588,0.15047329472591944
23429040,Catherine Creek,17060104000341,496.7514,0.00072964,850.5091030268186,6.530766632018009,25.785662032211714,75.16820484422361,42.22,66.001,4.305658110186462,3.2102826103262396,0.001795565430553609,7.173094087371524,2.6150846922153566,0.0024179893573927184,Rearing and migration,1.0,Rearing and migration,1.0,191.79678779898194,33.48461035538656,43.75537993763241,UGR,August/September,15.53024241876419,50.95223890670666,DA+PPT+SLOPE,0,0.4940172199457412,1.6207914040214606,DA+PPT,0,1.3918239048657512,4.566351393916507,DA+PPT,0,10.41453258725395,34.168414000177,DA+PPT+SLOPE,0,0.0,0.0,1.3918239048657512,4.566351393916507,0.6450576698541531,0.6450576698541531,0.5505061803614271,1.7892125788715696,0.07367924655019006,0.11538233711409801,0.38676128224937545,0.4868327398689152,-0.32448393851458057,-0.19871596898236973,-0.4031208459528596,8.768837690106771e-06,3.2924756009608624,3.2924756009608624,981,0.305404117911704,0.2570019514779306,0.491497986289509,0.4312997042030905,0.3853186879209104,0.5788078718166193,0.3,0.05285942271045135,0.1717996044355688
23429042,Catherine Creek,17060104000342,470.8539,0.00125719,875.815987563459,6.384985873447882,30.56759692865461,86.95384093051051,61.3515,146.54149999999998,4.349869809116408,3.177203567813053,0.0017782604645857343,7.337336282653111,2.6514717773006278,0.002412188046488805,Rearing and migration,1.0,Rearing and migration,1.0,181.79770714812895,34.48094439226217,43.49297457220619,UGR,August/September,16.104153045807994,52.835147788083965,DA+PPT+SLOPE,0,0.4984657434033051,1.6353862972549378,DA+PPT,0,1.4020635785897722,4.599946123982192,DA+PPT,0,11.034437191461823,36.20222175676451,DA+PPT+SLOPE,0,0.0,0.0,1.4020635785897722,4.599946123982192,0.6444770757794925,0.6444770757794925,0.897888459025229,2.7995429665748137,0.11799361267428392,0.17583969006080452,0.45460094362087666,0.5602376649162747,-0.3648331144459737,-0.2315717170274206,-0.2856015558523218,1.1730447437743819e-05,4.313154311528504,4.313154311528504,981,0.3077846194143316,0.3172165151561053,0.4959238239309628,0.5400061520599316,0.3887811781529941,0.5664630413777317,0.5,0.08137147762461261,0.2537096290457869
23429044,Catherine Creek,17060104000343,367.0191,1e-05,894.3555655959311,6.235090205452338,6.217009773106284,22.238752392761164,66.857,217.529,4.83974843718107,3.3181878145989905,0.001867345457907813,8.425885640848142,2.9833404150550096,0.00254366952538016,Rearing and migration,1.0,Rearing and migration,1.0,141.70686673630578,35.21084903920989,43.223162369814204,UGR,August/September,9.693362435768302,31.802370196090227,DA+PPT+SLOPE,1,0.48191319324836307,1.5810800303423984,DA+PPT,0,1.3644303135304388,4.476477406595928,DA+PPT,0,5.742021085612496,18.83865185568404,DA+PPT+SLOPE,1,0.0,0.0,1.3644303135304388,4.476477406595928,0.6468026336930163,0.6468026336930163,0.17012270242492358,0.5994076796313484,0.03637565200156837,0.061830737149091035,0.3083074703088402,0.39542865850304515,-0.2891280961374505,-0.333376535007504,-0.341119716853477,1.7247338927992574e-06,0.30815745874535583,0.30815745874535583,981,0.2990054772201883,0.04258042573205298,0.47945568194809884,0.06629890194949688,0.3747267309884693,0.30665220964992546,0.3,0.02962766940218868,0.10438966884556646
23429046,Catherine Creek,17060104000344,365.7816,0.0003421,896.069762239489,6.225162369017967,19.320284187945436,58.70886948636358,76.109,270.472,4.893107062498291,4.391971234093442,0.0019025930161680206,8.162418517443278,3.019004215108148,0.0025807838416468266,Rearing and migration,1.0,Spawning and rearing,1.0,141.22906531510952,35.278337096042875,43.20529226423234,UGR,August/September,13.019697121604263,42.71554173754679,DA+PPT+SLOPE,1,0.4822063560808408,1.5820418506589264,DA+PPT,0,1.365108658313276,4.478702947222034,DA+PPT,0,8.475091842392873,27.80541943042281,DA+PPT+SLOPE,1,0.0,0.0,1.365108658313276,4.478702947222034,0.6467633890208759,0.6467633890208759,0.45275737829692764,1.5512869800335756,0.07112989383518392,0.11913804644998989,0.3804831767421427,0.4920585979763118,-0.32511020582837846,-0.20581286142651553,-0.39794703890992206,5.768852293562804e-06,1.9451664999504426,1.9451664999504426,981,0.2991644554012118,0.18868868522082557,0.4797473516849302,0.311386576590038,0.376620475495239,0.5601548514981051,0.3,0.05342212057599311,0.18304072792154927
23429048,Pyles Creek,17060104000345,74.8206,0.00159362,576.8007804701814,8.041492849036963,14.356385176940444,45.52899076189365,18.264499999999998,,,,,,,,,,,,28.888395163440926,22.70869214449533,46.47468712826653,UGR,August/September,5.691289354662171,18.672209168839142,DA+PPT+SLOPE,1,0.2672299162612852,0.8767385704110408,DA+PPT,1,0.8463583348894004,2.776766190582022,DA+PPT,1,2.6963488257905555,8.846288798525444,DA+PPT+SLOPE,1,0.0,0.0,0.8463583348894004,2.776766190582022,0.684259130860682,0.684259130860682,0.08945983481043401,0.32630063332973064,0.03643602416265409,0.06843821182419735,0.2989431506114437,0.4090404126792917,-0.4365603676429648,-0.17516609387960236,-0.3518375143147787,1.8068492479589027e-06,0.6400686290451939,0.6400686290451939,981,0.18104170610400985,0.25385042741475616,0.2658671817786715,0.4229681993695451,0.18534912919402868,0.5874941657530478,0.3,0.033178138508916724,0.12101573439188121
947060053,Pyles Creek,17060104000346,36.9927,0.02817947,631.9207544950506,7.767255442249928,29.062346783173872,83.27468065311838,18.131999999999998,,,,,,,,,,,,14.282961320313136,24.878769862009868,45.98105979604987,UGR,August/September,5.49761815426195,18.036804968051015,DA+PPT+SLOPE,0,0.24803586862633226,0.8137659731835047,DA+PPT,0,0.797140109632156,2.6152890735963124,DA+PPT,0,2.715297775733196,8.908457269465865,DA+PPT+SLOPE,0,0.0,0.0,0.797140109632156,2.6152890735963124,0.6888428199394088,0.6888428199394088,0.02813731240723631,0.06031045851395338,0.014975938032517998,0.025653868607377457,0.2288016802365891,0.29492909761067587,-0.46835895016344087,-0.3049237565732976,-0.21174135523074347,3.399787367194493e-06,1.6202657843840238,1.231916140450558,981,0.17009094902727956,0.6788973763382369,0.23348276262777232,1.1046684177716188,0.13153945959266278,0.34945305104618724,0.5,0.010362514439006069,0.022211360777058087
23429052,Pyles Creek,17060104000346,31.2192,0.00498154,648.5583807270543,7.6719725897889415,15.766413183600273,49.33131507075696,16.299,,,,,,,,,,,,12.053800507968326,25.533794516813163,45.809550661620094,UGR,August/September,4.460081087638505,14.632811967317929,DA+PPT+SLOPE,0,0.24425983193264506,0.8013774013538223,DA+PPT,0,0.7873884244176984,2.58329535570111,DA+PPT,0,2.0898946008735346,6.85660958291842,DA+PPT+SLOPE,0,0.0,0.0,0.7873884244176984,2.58329535570111,0.6897848325452792,0.6897848325452792,0.043146863201559256,0.14423910494556275,0.023860180486041205,0.045172436477567544,0.2612445294811794,0.3561430759266214,-0.45278698426349206,-0.19139191622177854,-0.3319609190286882,1.3971345223448197e-06,0.6963388296022244,0.6963388296022244,981,0.1679248663504915,0.37255027324779005,0.24301423228583613,0.6423958434990504,0.142082588763765,0.5442288472894781,0.3,0.020645473309287808,0.06901740637316046
947060054,Pyles Creek,17060104000346,56.6316,0.01017922,610.8298865771098,7.881086674064567,24.14746731894041,71.06050715151723,20.1075,,,,,,,,,,,,21.865583001712377,24.04842073138228,46.18595601331622,UGR,August/September,6.028063899290036,19.77711253047912,DA+PPT+SLOPE,0,0.26309467343954157,0.8631715007858975,DA+PPT,0,0.8359134969235273,2.742498349486638,DA+PPT,0,2.986628135722457,9.798648739246905,DA+PPT+SLOPE,0,0.0,0.0,0.8359134969235273,2.742498349486638,0.6852608859555112,0.6852608859555112,0.04691830029454877,0.1406638710151032,0.019598243523555672,0.03243204784800764,0.24774920875196324,0.31890264698282444,-0.43166911894501997,-0.22763271272406738,-0.3210999248073569,2.565840824064905e-06,1.343792371577575,1.343792371577575,981,0.17870699258900233,0.4932465963150462,0.26175302655077265,0.851567708893599,0.15386397476839545,0.4677661381852456,0.3,0.015709454998219713,0.04709788585081986
23429056,Pyles Creek,17060104000347,29.7117,0.01376255,651.5998864728459,7.652198509581946,21.537547109706914,64.4316108454292,14.179,,,,,,,,,,,,11.471751503965589,25.653538837513622,45.7739573172475,UGR,August/September,4.758678613367157,15.612462642280697,DA+PPT+SLOPE,0,0.24270866821475803,0.7962882815444817,DA+PPT,0,0.7833591161044152,2.5700758402375827,DA+PPT,0,2.283520582551768,7.491865428319448,DA+PPT+SLOPE,0,0.0,0.0,0.7833591161044152,2.5700758402375827,0.6901693447805528,0.6901693447805528,0.026380741788834164,0.07185070868615412,0.014663843381448665,0.024631589374494736,0.22479213550139357,0.2909583411450435,-0.4378943501251257,-0.2361463112447448,-0.3112954952486809,2.354847626428143e-06,1.0708803477447464,1.0708803477447464,981,0.16703848036663918,0.5321297431716059,0.24147097931855885,0.9318504152752054,0.13005327398885846,0.4404348722663674,0.3,0.011552662143887685,0.03146488331883702
23429058,Pyles Creek,17060104000348,11.5083,1e-05,736.5487043785141,7.215494087896206,1.5659516767756474,6.830427589631584,,,,,,,,,,,,,4.44337947115403,28.997980487343078,44.987889358213174,UGR,August/September,1.7946617642560558,5.887997914225904,DA+PPT+SLOPE,1,0.2194810797532852,0.7200822826551352,DA+PPT,0,0.7225090592797783,2.370436546193498,DA+PPT,0,0.6782599801540644,2.2252624020802636,DA+PPT+SLOPE,1,0.0,0.0,0.7225090592797783,2.370436546193498,0.696223767807048,0.696223767807048,0.003996480433512195,0.015739432225656873,0.005263227453819295,0.00969264409296697,0.1565621447764304,0.2132132001878343,-0.3271150676239701,-0.2830647783172599,-0.38455692660495067,8.702895995446657e-08,0.01559667352081628,0.01559667352081628,981,0.15359235984084915,0.023857149863755533,0.21836183943620174,0.0397950632992983,0.18917842992675468,0.26926986502986416,0.1,0.005892254519578774,0.023205603582982612
23429062,Pyles Creek,17060104000349,11.2176,0.02839552,739.8441071949615,7.195631026144095,19.97160877689506,60.3992875121962,13.698,,,,,,,,,,,,4.33113957366574,29.127720755707145,44.952135847059374,UGR,August/September,3.458145079696889,11.345620340212891,DA+PPT+SLOPE,0,0.219052137237288,0.7186749909359842,DA+PPT,0,0.7213784488293671,2.3667271943220705,DA+PPT,0,1.6130373145154584,5.292117173607147,DA+PPT+SLOPE,0,0.0,0.0,0.7213784488293671,2.3667271943220705,0.6963422769383258,0.6963422769383258,0.008510164935504591,0.01699050981898217,0.0075281407952422314,0.013583118569088623,0.18011494697728106,0.2385978342377848,-0.4341026857629425,-0.2648502692719464,-0.2935189041698688,1.4653848770040821e-06,0.8889911476190303,0.4906937507760748,981,0.15333984994276223,0.6490032717602235,0.19775949660838016,1.004357955519957,0.10265019154566661,0.36303852460873753,0.3,0.005275863651090407,0.010533240406832104
23429064,Pyles Creek,17060104000350,8.3412,0.08418043,761.714284534959,6.997757945274061,25.60006856519805,74.70476706009185,15.310500000000001,,,,,,,,,,,,3.2205553248342498,29.988751359644056,44.59596430149331,UGR,August/September,3.357425944939599,11.01517698470997,DA+PPT+SLOPE,0,0.21101038350996953,0.6922912844815273,DA+PPT,0,0.6999775203469467,2.296514174366623,DA+PPT,0,1.5822109511221032,5.190980810768055,DA+PPT+SLOPE,1,0.0,0.0,0.6999775203469467,2.296514174366623,0.6985469141846421,0.6985469141846421,0.0019615629328554123,0.003525917654612435,0.002372407297300789,0.005626968310890663,0.12094849790092563,0.17786540672191745,-0.4147031363391677,-0.3070229436977691,-0.2759015126657623,1.8091981438402327e-06,1.1934739637891936,0.09403935832915226,981,0.1486355032743508,0.9140471406292974,0.160933189491806,0.8852666076248812,0.09169611254104208,0.25735794737396295,0.3,0.0012397606851755594,0.0022284750665591438
23429066,Catherine Creek,17060104000351,290.8377,0.00049792,978.4124159562887,5.756645908218179,21.435736400346258,64.17076039884806,89.424,269.939,4.728041007975261,3.49250679713239,0.0019487959453221935,7.973632193352326,3.272675402145306,0.0026514393717027357,Rearing and migration,1.0,Spawning and rearing,1.0,112.29306375552031,38.5201738565468,42.36196263479272,UGR,August/September,12.663198893708989,41.545928128966494,DA+PPT+SLOPE,0,0.4888987880272041,1.6039986483832154,DA+PPT,0,1.3807634949131524,4.53006395968882,DA+PPT,0,8.442819141585165,27.69953786609306,DA+PPT+SLOPE,0,0.0,0.0,1.3807634949131524,4.53006395968882,0.6459214124443846,0.6459214124443846,0.45109750742820237,1.5091535292981957,0.0733785590872322,0.119164410328022,0.3852148235429332,0.4920948909335776,-0.3250489036799867,-0.1995976333030753,-0.40197490392970575,7.254445249778286e-06,2.2636990924748024,2.2636990924748024,981,0.3027821017081089,0.22010399816432552,0.48640565506560224,0.36747959224609067,0.3816534140997183,0.5746553685257358,0.3,0.05342972529238704,0.1787499535391975
23429068,Catherine Creek,17060104000352,289.4076,0.00583627,981.3818554946621,5.739884245575622,47.23255308326276,126.20693242003387,95.4715,297.79949999999997,4.798719368210186,3.292886391845281,0.0017807659202706868,7.640264911997231,2.9844289488691906,0.002044593387618438,Rearing and migration,1.0,Spawning and rearing,1.0,111.74089905858875,38.6370809249867,42.33179164203612,UGR,August/September,15.5486150651955,51.01251661809547,DA+PPT+SLOPE,0,0.489408302754659,1.6056702846281463,DA+PPT,0,1.3819384083957058,4.53391866271557,DA+PPT,0,11.075749315842007,36.33776022257876,DA+PPT+SLOPE,0,0.0,0.0,1.3819384083957058,4.53391866271557,0.6458537516713109,0.6458537516713109,0.522622718839491,1.3270584114304786,0.07817888895685939,0.11003745538690507,0.4025606970749963,0.47919636271203414,-0.35706376200976697,-0.30292090304279606,-0.2618364459905776,1.615428602493007e-05,7.233246234056258,7.233246234056258,981,0.3030572545841183,0.5382240176003426,0.48691257226535456,0.9553161551139956,0.3785656587184327,0.4507561373410606,0.5,0.047186217738962956,0.11981658067435162
23429070,Catherine Creek,17060104000353,287.0766,0.00936846,986.2742881302037,5.712661051112566,54.95996910339009,143.68846363325966,55.095,155.04250000000002,4.3864768980534175,3.139723510946025,0.0014368304781755053,7.465298077503213,2.5356386079225657,0.002304635989191309,Spawning and rearing,1.0,Spawning and rearing,1.0,110.84089492702631,38.82969638307889,42.28278989200262,UGR,August/September,16.158693509746836,53.014086318067044,DA+PPT+SLOPE,0,0.49024576675077697,1.6084178699172471,DA+PPT,0,1.3838690630197825,4.540252831429733,DA+PPT,0,11.671148478679148,38.29116954947227,DA+PPT+SLOPE,0,0.0,0.0,1.3838690630197825,4.540252831429733,0.6457426646412654,0.6457426646412654,0.4164098895175534,0.9375973695688821,0.06312199594436962,0.0914714851058987,0.376931006974036,0.450569624500042,-0.3507975601278268,-0.3335968608917873,-0.2524835830360162,1.695703784527773e-05,8.916340770949256,8.329507740916492,981,0.30350120583846163,0.6301128061191529,0.4795494029183997,1.1094322395188017,0.3771903735033317,0.4001246391513844,0.5,0.03567857013200123,0.08033462784589578
23429072,Catherine Creek,17060104000354,252.1863,0.00824511,1030.7637365570936,5.431573596722349,52.169347506777825,137.41888271355438,66.199,124.922,3.858014150497241,2.337468526420739,0.0012180740101269299,7.014214883166025,1.6922558808299184,0.00213389147668973,Spawning and rearing,1.0,Spawning and rearing,1.0,97.36967478483281,40.581249470751715,41.77683247410023,UGR,August/September,15.416352582118654,50.578584587003455,DA+PPT+SLOPE,0,0.4922854004479902,1.6151095815222773,DA+PPT,0,1.3887059796282724,4.556121980407718,DA+PPT,0,11.158290060796741,36.608563191590356,DA+PPT+SLOPE,0,0.0,0.0,1.3887059796282724,4.556121980407718,0.6455078269485347,0.6455078269485347,0.4282918399187657,0.9923947514730156,0.06712390420064766,0.09646695658001055,0.3842962348064321,0.45862690188882155,-0.35143026019716156,-0.3264103482792926,-0.25503548732289816,1.5852767023728444e-05,8.218793317150174,7.929304879601689,981,0.304611943697133,0.6070749099513094,0.4853890400606781,1.0773206795993098,0.3792851742575145,0.41264505681467306,0.5,0.03838328611150875,0.08893788797977843
23429074,Catherine Creek,17060104000355,204.9687,0.01404878,1042.705175575372,5.3426300188169495,60.288415221055836,155.53500363466713,69.791,221.032,3.998333545062466,3.052312172774591,0.0016012150935109611,10.037939683994665,3.6528900105945814,0.00492266199660187,Spawning and rearing,1.0,Spawning and rearing,1.0,79.13885750363903,41.05138486517213,41.61673403387051,UGR,August/September,14.74776388396603,48.38505211274944,DA+PPT+SLOPE,0,0.47679781159555534,1.5642972821376486,DA+PPT,0,1.3533630029510728,4.440167332516643,DA+PPT,0,10.645481656712311,34.926120920972146,DA+PPT+SLOPE,0,0.0,0.0,1.3533630029510728,4.440167332516643,0.6476940698424039,0.6476940698424039,0.4032136928505168,0.8205514124882318,0.07092647895926357,0.10882441363903463,0.3926680078642476,0.4774289815365501,-0.3905790474911675,-0.39196305275077936,-0.14653142079878945,1.612946249656872e-05,8.897255588555112,6.376359230474373,981,0.296385705784875,0.7004613408019529,0.43904006779086346,1.1555823870790107,0.3648047873584661,0.36317654587656983,0.7,0.037876510039945244,0.0770797826673111
23429076,Catherine Creek,17060104000356,173.3157,0.01543092,1097.1568307916675,5.043004975331987,61.733598677621146,158.72156321701576,90.1045,256.354,4.663417984511702,3.480868784869088,0.0015937004083061734,7.910100843028475,2.5214923014140034,0.0047824464557293216,Spawning and rearing,1.0,Spawning and rearing,1.0,66.91756587929498,43.19515081856959,41.077408955597576,UGR,August/September,14.135102283132964,46.37500749059371,DA+PPT+SLOPE,0,0.4774252472613384,1.566355798101504,DA+PPT,0,1.355013974257567,4.445583905044511,DA+PPT,0,10.273850023902904,33.70685703380218,DA+PPT+SLOPE,0,0.0,0.0,1.355013974257567,4.445583905044511,0.6476602778041998,0.6476602778041998,0.3616890941098597,0.7158337144157465,0.06759029396137224,0.10604387340287229,0.3865338362271841,0.4733276345429929,-0.3888294172366324,-0.39795881525052207,-0.1456214735514733,1.5750790213314325e-05,8.806947233098377,6.068147186318108,981,0.29675346137245345,0.7190050416184689,0.4360462005056214,1.1782195182708228,0.36502740683859003,0.3542869385869551,0.7,0.035204825189034505,0.06967531283309608
23429078,Catherine Creek,17060104000357,168.8472,0.01509293,1107.8253582005016,4.987519890132652,61.14063623201561,157.41542229422703,76.874,177.473,4.993847269303279,3.1871954867441703,0.0016838810575664927,7.189636740044982,1.681947489442749,0.003705789110498995,Spawning and rearing,1.0,Spawning and rearing,1.0,65.19226838384806,43.61517158269692,40.977535802238776,UGR,August/September,14.011669322425226,45.97004370874418,DA+PPT+SLOPE,0,0.47806960082802497,1.5684698189895832,DA+PPT,0,1.3565311991749363,4.450561677083124,DA+PPT,0,10.192869216987297,33.4411719717431,DA+PPT+SLOPE,0,0.0,0.0,1.3565311991749363,4.450561677083124,0.6475793545192366,0.6475793545192366,0.364311399081403,0.7240836949822145,0.06845598120144154,0.10695794258259086,0.38815856953671185,0.4746837304917504,-0.38883300474061266,-0.3968403870373925,-0.14587062702055326,1.5585389183800893e-05,8.694279296324957,5.716126190594546,981,0.2971007641229891,0.7149975926412799,0.43242636551698677,1.157130445731882,0.3656222362267889,0.35620178646587153,0.7,0.03574179078784279,0.0710382601373386
23429080,Catherine Creek,17060104000358,165.5442,0.03100115,1116.2700159532546,4.9453180661119855,76.95251099403146,191.67702663760136,51.309,124.6115,4.806646847844519,3.2620291716272436,0.0018117892865286626,7.217195688067616,1.5493432648668612,0.003443688386647193,Spawning and rearing,1.0,Spawning and rearing,1.0,63.91697295418236,43.94763842335649,40.901572519001576,UGR,August/September,14.805936074156216,48.575905755105694,DA+PPT+SLOPE,0,0.4786435237326438,1.5703527681517184,DA+PPT,0,1.3578780401814585,4.454980446789562,DA+PPT,0,10.991875481040372,36.062583599213816,DA+PPT+SLOPE,0,0.0,0.0,1.3578780401814585,4.454980446789562,0.647506249037888,0.647506249037888,0.18763352591452434,0.3059278456525859,0.04055908876187178,0.07834387285266481,0.32364867813772324,0.4278928329028544,-0.3760721325890616,-0.4453314364859793,-0.13803734216308727,1.9731830507906453e-05,11.661712296068314,5.19976739876312,981,0.29741603053970106,0.8939992885656439,0.4061503251046072,1.3282513104351812,0.3631726332549571,0.28169109925858327,0.7,0.017070201189794135,0.027832178974395556
23429082,Catherine Creek,17060104000359,163.0233,1e-05,1122.9526563522459,4.9122931944703545,5.821681938368014,21.02238384095785,40.847,156.881,,,,,,,,,,,62.943648022712715,44.21073450205693,40.842127750046636,UGR,August/September,7.5267384073380725,24.694023646122282,DA+PPT+SLOPE,1,0.4791118153263658,1.5718891578949008,DA+PPT,0,1.3589758605861428,4.458582219770809,DA+PPT,0,4.517877577603592,14.822432997387113,DA+PPT+SLOPE,1,0.0,0.0,1.3589758605861428,4.458582219770809,0.6474464122418487,0.6474464122418487,0.12988287979955243,0.4577577429012109,0.03580978442392366,0.06081146267257031,0.30671814558708327,0.39324373874305946,-0.2892632394263658,-0.33478025976583914,-0.3401467163838714,1.2645369591483907e-06,0.23276118820310934,0.23276118820310934,981,0.2976682924515786,0.04106618878670563,0.47666859166446823,0.06486998227745942,0.37341878613424323,0.303392600996592,0.3,0.02874864968529004,0.10132141365902578
23429084,Catherine Creek,17060104000360,153.4374,0.01398816,1146.872752944289,4.799423923734926,59.378323951820704,153.5226666011198,44.18,86.342,5.231450671999228,3.3149636326380647,0.0017920728729938138,6.893746425454377,1.609431120493541,0.0031088496200211,Spawning and rearing,1.0,Spawning and rearing,1.0,59.242511341140684,45.152470588357836,40.638963062722866,UGR,August/September,13.568632473428558,44.516510739595006,DA+PPT+SLOPE,0,0.48018220304523074,1.575400928626085,DA+PPT,0,1.3615158181403142,4.466915413846175,DA+PPT,0,9.899479503989468,32.47860729655337,DA+PPT+SLOPE,0,0.0,0.0,1.3615158181403142,4.466915413846175,0.6473179403078044,0.6473179403078044,0.3746019010861249,0.7554518674684669,0.07180876213940147,0.1110920650699719,0.39428952071200485,0.4807223860548022,-0.3890628343182024,-0.3922949358143301,-0.14683346772806607,1.6900437419836325e-05,8.276571809101192,5.73335621060943,981,0.29825813614679314,0.6998406302060378,0.4389883592815104,1.149167071669007,0.36765196754142276,0.36384949519303716,0.7,0.03784056534842677,0.07631228158652396
23429086,South Fork Catherine Creek,17060104000361,62.0937,0.03629064,1059.2111135174873,5.15494861144306,52.08547655657509,137.2297179309598,47.1635,24.173000000000002,3.4411416169495523,3.205596446117744,0.0028856313317410565,3.3234351075488435,1.363526187873294,0.003890892679424453,Spawning and rearing,1.0,Spawning and rearing,1.0,23.97451160188707,41.70122494163336,41.27890750059751,UGR,August/September,9.316978609021785,30.567515121462545,DA+PPT+SLOPE,0,0.3836952666424626,1.2588427383282894,DA+PPT,0,1.1356423600962524,3.7258607614706443,DA+PPT,0,6.122437855510079,20.08673837109606,DA+PPT+SLOPE,0,0.0,0.0,1.1356423600962524,3.7258607614706443,0.6621337138129101,0.6621337138129101,0.0475117197354864,0.07597061075790491,0.017455019169929174,0.03551919598847829,0.24253026729452876,0.3287161503439521,-0.37988310566688954,-0.3850409453032641,-0.2176209298599172,1.0039714738020843e-05,5.926614466818684,2.8235840466110136,981,0.24620810114672506,0.914064003062359,0.3324307521372116,1.3663702301018872,0.27425410057722793,0.2673769810620618,0.5,0.0077602616566743495,0.012408555635976409
23429088,South Fork Catherine Creek,17060104000362,49.4136,0.0634507,1131.5587736136529,4.8118584148737975,59.16927451187045,153.0598049975518,47.8775,10.0585,3.4315350835166454,3.1058541476429617,0.00286496824084646,1.8355004343980805,1.1543394430744054,0.0038729403757975633,Spawning and rearing,1.0,Spawning and rearing,1.0,19.078697621353005,44.54955801628555,40.66134514677283,UGR,August/September,9.10136881247672,29.860133899201834,DA+PPT+SLOPE,0,0.38356858349076073,1.2584271111901597,DA+PPT,0,1.1355711218797682,3.725627040287953,DA+PPT,0,6.098084576634851,20.00683916218783,DA+PPT+SLOPE,0,0.0,0.0,1.1355711218797682,3.725627040287953,0.6622240772944099,0.6622240772944099,0.028448961005985603,0.06033304149319504,0.013618657701399832,0.03613554060657448,0.21443677744154901,0.33060659963233974,-0.4085430650581205,-0.4511662252852077,-0.12667205195527187,1.3635897678816523e-05,7.073954357754969,0.3774492703942041,981,0.24617947467766063,1.1046201461861613,0.22709725661651994,0.9040420248931768,0.27233774145740863,0.2221928470726001,0.7,0.004665228999117095,0.009893769221300149
23429090,South Fork Catherine Creek,17060104000363,43.56,0.04358808,1170.1981244234298,4.6552832677919636,51.01064350092755,134.8016028232927,42.6655,3.8209999999999997,3.412775770791935,2.943553556773928,0.0027504531967841228,1.774185564168494,1.1384659391129568,0.003933681793648348,Spawning and rearing,1.0,Spawning and rearing,1.0,16.818610026108942,46.07079230013503,40.37950988202553,UGR,August/September,8.472035488362215,27.79539202218574,DA+PPT+SLOPE,0,0.3827738360045741,1.2558196719310173,DA+PPT,0,1.1337880970546397,3.7197772213078726,DA+PPT,0,5.627271515522819,18.462176888198222,DA+PPT+SLOPE,0,0.0,0.0,1.1337880970546397,3.7197772213078726,0.6623938485516422,0.6623938485516422,0.03089930248150619,0.05328982511822262,0.013740473599368575,0.03121312309915066,0.2212650385411869,0.31485631508274525,-0.37634178867126783,-0.39535214898026155,-0.214565588749102,1.1663769887922587e-05,5.859567054595773,0.4047427404238704,981,0.2457674594231699,0.9885707492474919,0.24430191457810624,0.8990941455036765,0.27258615883520393,0.2472390117565457,0.5,0.005490991930329027,0.009469922496403937
23429092,South Fork Catherine Creek,17060104000364,36.711,0.05325,1226.6329483408679,4.4281959961297135,52.44947418988788,138.05037133728163,36.5235,2.3215000000000003,3.322666844641382,2.8717243445008234,0.002689238684396379,1.0995454952467891,1.1327504919103495,0.003956376657553532,Spawning and rearing,1.0,Spawning and rearing,1.0,14.17419634225173,48.29263576145149,39.97075279303348,UGR,August/September,8.164033579592926,26.784887072155268,DA+PPT+SLOPE,0,0.3820840446081405,1.2535565767983612,DA+PPT,0,1.132302379068903,3.7149028184675297,DA+PPT,0,5.464720200988621,17.928872050487602,DA+PPT+SLOPE,0,0.0,0.0,1.132302379068903,3.7149028184675297,0.6625600619842116,0.6625600619842116,0.021729294404811552,0.042656094950527274,0.011010860110696229,0.027579178011098406,0.20211156491466592,0.30212994572710994,-0.37334151798265547,-0.4034474580290696,-0.21220016387757867,1.1952696721654177e-05,6.081836448807276,0.3609214126582202,981,0.24541989677133322,1.0604893095735417,0.2337495306142729,0.9079623678973412,0.27124988974168907,0.23110863634647025,0.5,0.003976286727521843,0.007805723510384003
23429094,South Fork Catherine Creek,17060104000365,30.0276,0.04805803,1293.1808540625825,4.1537818069721855,49.6564321476526,131.73183757794027,24.122999999999998,1.842,2.9024295472789174,2.9070901792757375,0.0031392862013223687,1.5372973382400086,1.1306823775090646,0.004015854766990425,Spawning and rearing,1.0,Rearing and migration,1.0,11.593721175849147,50.91263204970797,39.47680725254993,UGR,August/September,7.588753729419713,24.897485988909818,DA+PPT+SLOPE,0,0.380652881228082,1.2488611588847833,DA+PPT,0,1.1290601001794236,3.7042654205361663,DA+PPT,0,5.074638255543193,16.64907564154591,DA+PPT+SLOPE,0,0.0,0.0,1.1290601001794236,3.7042654205361663,0.6628586191580139,0.6628586191580139,0.02398475533446545,0.044053874482450274,0.012486321133047663,0.029698730435951268,0.21257228991130114,0.30967962196217313,-0.37598656911368905,-0.39811010227531723,-0.21341700747794598,8.964109645072245e-06,5.428972017397567,0.3380851132261714,981,0.24466444714075644,1.018123085215735,0.23708366680450976,0.888471664155523,0.27027842470933283,0.24078038049382866,0.5,0.0047263970605719765,0.008681185192723597
23429096,South Fork Catherine Creek,17060104000366,20.2059,1e-05,,,2.7453161862230644,11.045569413273364,22.123,4.81,,,,,,,,,,,7.801541605292807,,,UGR,August/September,,,DA+PPT+SLOPE,1,,,DA+PPT,1,,,DA+PPT,1,,,DA+PPT+SLOPE,1,,,,,,,,,,,,,,,,,,,,,,,,,,,,
23429098,South Fork Catherine Creek,17060104000367,18.576,0.08559471,1379.6217674430231,3.773207007921027,49.29409281605724,130.90844547252226,24.583,0.79,2.2772677252170883,3.0115262143519765,0.0031469912221657936,1.4986460216548028,1.1282691749164668,0.004402934107171889,Spawning and rearing,1.0,Rearing and migration,1.0,7.172233697084475,54.315817615867054,38.79177261425785,UGR,August/September,6.611265118498187,21.690502357277513,DA+PPT+SLOPE,0,0.36237813706336164,1.1889046491580106,DA+PPT,0,1.0852956165233294,3.5606811565726026,DA+PPT,0,4.389127581362246,14.400024873235713,DA+PPT+SLOPE,0,0.0,0.0,1.0852956165233294,3.5606811565726026,0.6661019066637205,0.6661019066637205,0.007154472394559116,0.02000857743501601,0.00575326935852304,0.0179201969229511,0.1505322212270174,0.2616862633651936,-0.37525473849818686,-0.4129596289798853,-0.20603236316340473,1.0674869836062124e-05,5.587190426748188,0.21041874700820148,981,0.23468303387965767,1.2495755625431597,0.19756641483676365,0.8920084984808769,0.2498242339178479,0.19955104660891665,0.5,0.0016300442996780228,0.004558668451557287
23429100,South Fork Catherine Creek,17060104000368,13.3533,0.06482188,1374.2273061847407,3.7778188468740312,40.91163634309898,111.60005110973275,19.648,0.6014999999999999,2.1742075113059354,2.896984061180956,0.003067228212380085,,,,Spawning and rearing,1.0,,,5.155737953664842,54.103437251367744,38.80007392437326,UGR,August/September,5.541771411415854,18.18166473561632,DA+PPT+SLOPE,0,0.3394201817508295,1.1135832734607267,DA+PPT,0,1.0294085457310485,3.3773246251018647,DA+PPT,0,3.5210947186706605,11.552148027134713,DA+PPT+SLOPE,0,0.0,0.0,1.0294085457310485,3.3773246251018647,0.6702765066810421,0.6702765066810421,0.00967006564498072,0.020979216541638097,0.007820164432253857,0.02046094007794925,0.17716940731798422,0.27351125010322275,-0.3921536151224695,-0.39309046934989306,-0.20693575109538362,6.066574640564093e-06,3.830307263038002,0.17104469296811106,981,0.22200839710694203,1.0880691676253482,0.19765653778755793,0.835041780437551,0.22659874719274292,0.22534960822284486,0.5,0.002746323634438189,0.005958151716395322
23429102,South Fork Catherine Creek,17060104000369,7.0533,0.10210388,1584.5910923644253,2.9780883764323085,44.535953643335375,120.01216005712283,7.611,,1.7684979186365637,2.6537739633681214,0.003273243995848156,,,,Spawning and rearing,1.0,,,2.7232943548474333,62.38547607733958,37.36055907757815,UGR,August/September,4.628775573966096,15.186271568130236,DA+PPT+SLOPE,1,0.3298838740714992,1.0822961747752597,DA+PPT,1,1.006430039495153,3.3019358251153315,DA+PPT,1,2.9604106316838315,9.712633306049316,DA+PPT+SLOPE,1,0.0,0.0,1.006430039495153,3.3019358251153315,0.6722237402244313,0.6722237402244313,0.005487341351190858,0.014325241986177987,0.006030318401283606,0.01760611278253876,0.15549954042324007,0.2601484004022715,-0.3939927331213857,-0.39543488516193814,-0.2045420633153925,5.036437717562159e-06,3.450288099433138,0.15488086626754657,981,0.21679449128293246,1.1689308966259917,0.19718546771586562,0.8964088294960054,0.21615317778348955,0.2142303083960863,0.5,0.0018535743968970113,0.00483893748821934
23429106,North Fork Catherine Creek,17060104000371,88.2828,0.02438869,1223.4967594038053,4.481004995408204,65.58238889675681,167.156447988784,24.516,20.706,3.5865383246413187,3.0462512497904384,0.001913188372477701,5.802189189306469,1.1734150036401743,0.0029469341763617932,Spawning and rearing,1.0,Spawning and rearing,1.0,34.08617964217104,48.169163756055326,40.06580899173477,UGR,August/September,11.414343835385809,37.44863463053087,DA+PPT+SLOPE,0,0.4508496871316942,1.479165640195847,DA+PPT,0,1.2942028709424733,4.246072411228587,DA+PPT,0,8.200004065218664,26.902900476439186,DA+PPT+SLOPE,0,0.0,0.0,1.2942028709424733,4.246072411228587,0.6516390920973825,0.6516390920973825,0.19828710553216866,0.3624938984262779,0.05035973072961206,0.08607940329638375,0.34945418508088477,0.4415363019543562,-0.3957540598383346,-0.413636608007627,-0.14024960142442627,1.2627433719041987e-05,7.48152215007223,3.764420995139505,981,0.2826205969005502,0.7886149223337485,0.3902745372256181,1.2054772003798873,0.3410726877553248,0.32003439579145143,0.7,0.024181342345088345,0.044206551063046516
23429108,North Fork Catherine Creek,17060104000372,79.5258,0.00647887,1257.4883821134429,4.343367127814689,42.64195822950855,115.62898021668917,23.373,30.619,,,,,,,,,,,30.705083039814845,49.50741661863949,39.81806083006644,UGR,August/September,9.878936863469105,32.411210181985254,DA+PPT+SLOPE,0,0.44995341090509106,1.4762251013946557,DA+PPT,0,1.2922339942437013,4.239612842006894,DA+PPT,0,6.857473798154637,22.498273615992904,DA+PPT+SLOPE,0,0.0,0.0,1.2922339942437013,4.239612842006894,0.651801908238428,0.651801908238428,0.3159742866501899,0.8195203720899532,0.07494537236894841,0.10814608764499371,0.3951584202596674,0.47643494077482235,-0.37635779600668173,-0.28952976930708824,-0.2591670623172815,9.007623201463301e-06,4.085482062965957,4.085482062965957,981,0.28216220848676316,0.5105731199653876,0.4476588781312324,0.9237245135608227,0.3472262780327301,0.4629969802988547,0.5,0.04607735967364824,0.11950761989210781
23429110,Buck Creek,17060104000373,13.9824,0.08252981,936.5260128334191,5.7298496733715245,54.25437356537819,142.10764683074277,14.503,3.407,2.3936365516423663,2.7591816818010604,0.0030729497803348746,2.2189179538726336,0.9058211344968505,0.005309103952163021,Spawning and rearing,1.0,Rearing and migration,1.0,5.3986348216038955,36.87110286745745,42.313729412068746,UGR,August/September,4.729165914750042,15.51563620324817,DA+PPT+SLOPE,0,0.2664976130796281,0.874336000917415,DA+PPT,0,0.8457491812644136,2.7747676550669733,DA+PPT,0,2.5728919590361192,8.441246584764171,DA+PPT+SLOPE,0,0.0,0.0,0.8457491812644136,2.7747676550669733,0.6848975807683215,0.6848975807683215,0.018469827749012485,0.032486715304290245,0.013101135618447512,0.02555157970556505,0.21850547083273114,0.29453658814843015,-0.4487528588850103,-0.3286234747813389,-0.20952253071520327,2.5788090657768274e-06,1.811993456808672,0.8080954196862354,981,0.18084797598627128,0.7634427901259618,0.23550890272088454,1.1498505735106421,0.15084665698521027,0.3110191691234389,0.5,0.007178625470123442,0.01262653691702652
23429114,North Fork Catherine Creek,17060104000375,65.5398,0.04246314,1325.9917698877264,4.0474522300801805,73.55115914951469,184.40009008182153,25.831,7.442,3.3362772984810474,2.9601757684574217,0.0024626307534779896,3.3927899639785073,1.092154452930914,0.0035902315503507877,Spawning and rearing,1.0,Spawning and rearing,1.0,25.305058250440194,52.20440038928057,39.28541401414432,UGR,August/September,10.878503244131066,35.690627441374886,DA+PPT+SLOPE,0,0.4489743291625607,1.4730128909532831,DA+PPT,0,1.2901739428147934,4.232854143093154,DA+PPT,0,7.958836269035429,26.111667549328835,DA+PPT+SLOPE,0,0.0,0.0,1.2901739428147934,4.232854143093154,0.6520048078299999,0.6520048078299999,0.09426195570727106,0.1536561193609689,0.030603521916354202,0.0648613694504569,0.2911655430554748,0.40178652859813135,-0.3859876713647179,-0.4490430591160122,-0.13436574760291564,1.619847534031552e-05,8.654392422450682,0.6357870979042329,981,0.28167386308424497,0.9499665123734559,0.2843879594644958,0.8816355346603983,0.33702956356537794,0.2628467544462082,0.7,0.011843685750139842,0.01930635512113522
23429116,Middle Fork Catherine Creek,17060104000376,22.3578,0.07875425,1388.148185588721,3.862349605214918,64.82672972760456,165.50611836807906,11.909,0.93,2.28401058338168,3.159552065567129,0.003182075565475364,1.9470220283450383,1.1129485100248588,0.004513017434919182,Spawning and rearing,1.0,Rearing and migration,1.0,8.632394840260297,54.65150336963469,38.95222928938685,UGR,August/September,7.169747014470549,23.52279204222621,DA+PPT+SLOPE,0,0.3769142852311086,1.2365954239865766,DA+PPT,0,1.1203412677134235,3.6756603271437776,DA+PPT,0,4.856076061833979,15.93200807688313,DA+PPT+SLOPE,0,0.0,0.0,1.1203412677134235,3.6756603271437776,0.6635718989443482,0.6635718989443482,0.02595562988461436,0.054278168252185705,0.015498776696399232,0.03997344383390228,0.22434922704377652,0.3419194885714114,-0.4146611053069186,-0.4426206428937579,-0.1272194751029242,9.895039890056088e-06,5.419608426297045,0.27809684715315663,981,0.24266520280172718,1.060268680992026,0.22516020658588862,0.8536491909189348,0.266500428278745,0.2336068546471693,0.7,0.005344980093827397,0.011177371927672534
23429118,Middle Fork Catherine Creek,17060104000377,13.7241,0.07939024,1557.9190686966358,3.163173527952587,55.56854565744045,145.0495745656862,7.485,0.4595,2.057116226106027,2.9497455550020697,0.0031105291531810927,2.1232888637041665,1.0855553785329817,0.004301476207421474,Spawning and rearing,1.0,Rearing and migration,1.0,5.2989046340523815,61.33539640537936,37.693712350314655,UGR,August/September,6.0933937973659,19.991449466423557,DA+PPT+SLOPE,1,0.3703541698122004,1.2150727356043318,DA+PPT,1,1.1049608545755099,3.6251996541191267,DA+PPT,1,4.122220658203592,13.5243459914816,DA+PPT+SLOPE,1,0.0,0.0,1.1049608545755099,3.6251996541191267,0.664825981591467,0.664825981591467,0.012888733925104489,0.0289273639713484,0.009583463249287664,0.025472138625989384,0.18837765587053826,0.2942310284975528,-0.37767461681317044,-0.40237811777120364,-0.21036380216633824,8.650421987612492e-06,4.7389758643930415,0.25777032026584046,981,0.23913442780666258,1.0998677877686225,0.22699757870491907,0.908186587519863,0.25948488713814283,0.22654688586076532,0.5,0.0031266482301122683,0.007017422493815398
23429124,North Fork Catherine Creek,17060104000380,39.4938,0.07062202,1339.5754608534023,3.928246338420081,73.19645041747202,183.63846392243212,18.8395,1.039,2.632022229168979,3.011766111194822,0.002737917450448979,1.9654614187343953,1.0590507910151554,0.003923488148286598,Spawning and rearing,1.0,Rearing and migration,1.0,15.24864142904365,52.739191372181196,39.07084340915615,UGR,August/September,9.049645805758054,29.690438995269204,DA+PPT+SLOPE,0,0.4103996509478418,1.3464555477291398,DA+PPT,0,1.1999258966030588,3.936764752634707,DA+PPT,0,6.3900130666718935,20.9646097987923,DA+PPT+SLOPE,0,0.0,0.0,1.1999258966030588,3.936764752634707,0.6579791701223663,0.6579791701223663,0.03820363458011036,0.07919963586512883,0.01783517692214752,0.04530957910238141,0.23559110993552063,0.35650312625128244,-0.3975735847523524,-0.4554860049638474,-0.1291052333616527,1.172143953690117e-05,7.48799200995247,0.3934521149839874,981,0.2608769146673281,1.0738779360948025,0.24115291355449703,0.8713794196563579,0.29963963897820395,0.23150737990585682,0.7,0.0059786473331905,0.012394283867462939
23429126,North Fork Catherine Creek,17060104000381,29.2419,0.04589861,1412.6354515533224,3.5593699639669447,57.575605716017975,149.52341836613002,16.1705,1.2505,2.5239192282669887,3.110655503221877,0.0030147140544370017,,,,Spawning and rearing,1.0,,,11.290360709882348,55.615568958792224,38.4068659351405,UGR,August/September,7.820324635254795,25.657233055297883,DA+PPT+SLOPE,1,0.40125030794555155,1.3164380181940667,DA+PPT,1,1.1784687622278165,3.866367330143755,DA+PPT,1,5.412147645210166,17.756389912106844,DA+PPT+SLOPE,1,0.0,0.0,1.1784687622278165,3.866367330143755,0.659515533371445,0.659515533371445,0.03641526884775224,0.06206348972934316,0.017135990177850238,0.03735380074212883,0.2386162374674028,0.3342809280885108,-0.36976468928565903,-0.3948463176429989,-0.21825300289349175,1.0685460097419008e-05,5.616429163594482,0.43627071566665954,981,0.255946288647467,0.9565321498505663,0.2657529421678639,0.9107145381748936,0.29196712257681007,0.25852495143369025,0.5,0.006728432266621608,0.011467442094686812
23429128,North Fork Catherine Creek,17060104000382,25.2162,0.0476071,1408.3290201109999,3.5560359358212574,55.25218257022498,144.34228232590667,10.463000000000001,0.786,2.22705313336527,2.9771521215443384,0.0031735726423836137,,,,Spawning and rearing,1.0,,,9.736029250238024,55.4460244138189,38.400864684478265,UGR,August/September,7.318231197542513,24.00994487382714,DA+PPT+SLOPE,1,0.3893085593186267,1.2772590528826333,DA+PPT,1,1.1500516083423742,3.7731351979736685,DA+PPT,1,4.984401220898756,16.35302237827676,DA+PPT+SLOPE,1,0.0,0.0,1.1500516083423742,3.7731351979736685,0.6614860094150417,0.6614860094150417,0.032111331526288076,0.05488808848472238,0.01625186916042913,0.035498543830946076,0.234190641749611,0.32865242880138196,-0.37535377523198515,-0.39141127853010405,-0.21698307707748168,8.06032038671997e-06,5.091462082637721,0.3899140473219013,981,0.24943766389243352,0.9534352171133885,0.25874304223199796,0.9031486329894247,0.28009972634277785,0.25868972194528606,0.5,0.006442364910683888,0.01101197236181266
23429130,Little Catherine Creek,17060104000383,45.1755,0.0096,992.6708357683349,5.734706789711146,27.883801833404316,80.37492908143562,85.763,18.392,3.7826041851921453,3.1048039986418647,0.0030745948553198617,3.7223622123064244,1.0128543644904544,0.005370601619777226,Spawning and rearing,1.0,Spawning and rearing,1.0,17.442358063234263,39.081528967257285,42.32247222148006,UGR,August/September,6.966419319340487,22.855706428282435,DA+PPT+SLOPE,0,0.34613956958375086,1.135628509133041,DA+PPT,0,1.0447856196644367,3.4277743427310914,DA+PPT,0,4.1545156423598595,13.6303006639103,DA+PPT+SLOPE,0,0.0,0.0,1.0447856196644367,3.4277743427310914,0.668697995963111,0.668697995963111,0.1195837100971948,0.30599949144812383,0.04294973736928147,0.06541974267143441,0.3267957800498035,0.40293619144508086,-0.42824401559663217,-0.29242396885837363,-0.2363822781757127,5.679155062823563e-06,2.445529846658181,2.445529846658181,981,0.225554748367262,0.5769401154924202,0.3443744344550727,1.0192694922949497,0.24184749649020754,0.42294089214121894,0.5,0.028784031735951905,0.07365467308104999
23429132,Little Catherine Creek,17060104000384,39.4551,0.04725844,1030.636609190675,5.544044805357103,44.5362175456283,120.01276889959568,103.393,6.034,3.903447308220687,3.0917051601452434,0.0031318284137959425,1.419239169340759,0.8935493845942237,0.005529612790541912,Spawning and rearing,1.0,Spawning and rearing,1.0,15.233699275508057,40.57624445632579,41.97928064964279,UGR,August/September,7.629528858358263,25.031262658655717,DA+PPT+SLOPE,0,0.3457032888952533,1.1341971420447943,DA+PPT,0,1.0438429383952834,3.4246815564149715,DA+PPT,0,4.756280413572346,15.604594532717671,DA+PPT+SLOPE,0,0.0,0.0,1.0438429383952834,3.4246815564149715,0.6688167575988888,0.6688167575988888,0.02102589629861334,0.03632408307786691,0.010603258215039706,0.024643966349823205,0.2023959793036962,0.29100706693836803,-0.3932683643059258,-0.386215658297154,-0.20991271918188045,9.468942336589072e-06,4.741765958376078,0.3290991469262035,981,0.22533477356124398,0.9941039246661385,0.22493500872455824,0.9075540212972176,0.2335679946553554,0.24297160266705117,0.5,0.004420659521800821,0.007637077699248733
23429142,Little Creek,17060104000389,98.8326,0.00346745,827.1135690691282,6.836394654278547,23.202100249354444,68.6719013931048,25.113,29.441,4.272302963317455,3.466706095219581,0.0024437766489669,,,,Rearing and migration,1.0,,,38.15948019436213,32.56352634130426,44.30551037770138,UGR,August/September,8.325229273600607,27.313744335959996,DA+PPT+SLOPE,0,0.35664090044899,1.17008169438645,DA+PPT,0,1.0697072655008857,3.5095382726407007,DA+PPT,0,4.848678456243796,15.907737717335289,DA+PPT+SLOPE,0,0.0,0.0,1.0697072655008857,3.5095382726407007,0.6665995343296145,0.6665995343296145,0.15137252359926565,0.48036644334484396,0.04153035300002511,0.06607699414626458,0.3193605526923685,0.4042810883800497,-0.3867811206188087,-0.21404122446216367,-0.3576473019190024,4.5481689584315914e-06,2.0603115024940832,2.0603115024940832,981,0.23124069428728233,0.40825792279086026,0.3548222137640686,0.697400823841648,0.26146279788393595,0.5272164842787744,0.3,0.03121933635428814,0.09907162285143098
23429144,Little Creek,17060104000390,96.6915,0.00729089,837.1027461991458,6.785830413486708,29.371065605056202,84.03144777231822,25.542,23.669,4.52926683472857,3.3392238241808925,0.0029067914590352652,,,,Spawning and rearing,1.0,,,37.33279686270691,32.95680103146243,44.214494744276074,UGR,August/September,8.826009839532379,28.956725195316203,DA+PPT+SLOPE,0,0.3579536234504451,1.1743885283807254,DA+PPT,0,1.072925660411875,3.520097311062582,DA+PPT,0,5.258043322056758,17.250798300711146,DA+PPT+SLOPE,0,0.0,0.0,1.072925660411875,3.520097311062582,0.6663761184413897,0.6663761184413897,0.18798235700959176,0.5257508300998587,0.051223654950780274,0.07615905776318414,0.34589527288098004,0.42387765279134726,-0.42597030498950655,-0.2802246828190741,-0.24258135724063898,5.895957714391138e-06,2.9114980303439375,2.9114980303439375,981,0.23196930422007914,0.5336337168998062,0.3561282440285878,0.9261946067563536,0.25587708542865184,0.4502045816558951,0.5,0.035751389917430314,0.09998982471186711
23429146,Little Creek,17060104000391,94.7862,0.01102193,845.9172607232595,6.74293643209465,33.4067892725978,93.82384755536494,23.381,19.445,4.849028896243857,3.37500517950855,0.002828719457285416,,,,Spawning and rearing,1.0,,,36.59715642003598,33.30382916233305,44.13728557777037,UGR,August/September,9.1032099026789,29.866174221387467,DA+PPT+SLOPE,0,0.3590488580773469,1.1779818178390644,DA+PPT,0,1.0756108289975834,3.52890691928341,DA+PPT,0,5.496474530988258,18.03305292318982,DA+PPT+SLOPE,0,0.0,0.0,1.0756108289975834,3.52890691928341,0.6661907370233872,0.6661907370233872,0.14679587822813445,0.3630254981648744,0.040669550861705345,0.06046414956054713,0.3222467034070806,0.39249366332809554,-0.41698759410934294,-0.3076286351221948,-0.23471421990675687,6.823949929582123e-06,3.514189183812607,3.514189183812607,981,0.23257386391560472,0.6171951307209546,0.3572178927011662,1.0805725961785684,0.2540402450590318,0.39985219037522934,0.5,0.02670727889313821,0.0660469717667559
23429148,Little Creek,17060104000392,81.7362,0.02058165,890.2855681085496,6.518361912293208,39.83965599970104,109.09176057701313,28.0385,19.843,4.338907687116961,3.228917604491116,0.00307757899239541,,,,Spawning and rearing,1.0,,,31.558523251057064,35.050612917659436,43.733051442127774,UGR,August/September,9.204518846779187,30.198552646913342,DA+PPT+SLOPE,0,0.36091858125058307,1.1841160802184483,DA+PPT,0,1.0803024408081747,3.5442993464835126,DA+PPT,0,5.6878282265644895,18.66085376169452,DA+PPT+SLOPE,0,0.0,0.0,1.0803024408081747,3.5442993464835126,0.6659096863832135,0.6659096863832135,0.08065102775427058,0.1573199483505341,0.02522286377016696,0.04206670619572005,0.2764632028401239,0.34778659295316017,-0.40159531489481753,-0.35032386740580457,-0.22285795392921084,9.584607817166935e-06,4.500501017776615,2.8648659506073026,981,0.23363606955435626,0.7669500965499548,0.3264695298699546,1.204203584775033,0.25252103104225593,0.3208829610276066,0.5,0.014179582178237594,0.02765905405085643
23429150,Little Creek,17060104000393,79.4502,0.02563838,899.5036411530191,6.47290198358203,42.54929454992985,115.4138237045443,29.604,16.447,4.2959522091690125,3.440355202880487,0.0029734765378958165,,,,Spawning and rearing,1.0,,,30.67589371662903,35.41352917925272,43.651223570447655,UGR,August/September,9.304102683608438,30.525271271681223,DA+PPT+SLOPE,0,0.36139845912511764,1.1856904826939554,DA+PPT,0,1.0814966703559465,3.548217422427646,DA+PPT,0,5.791572413307762,19.001221828437536,DA+PPT+SLOPE,0,0.0,0.0,1.0814966703559465,3.548217422427646,0.665834885089223,0.665834885089223,0.0624137759412716,0.11355750721679288,0.020601574258944936,0.03694278944300835,0.2581500085499404,0.3330503503811769,-0.39647716690842666,-0.3637379364199584,-0.21918332241267,1.0281925066738746e-05,4.92456381320464,2.5673277652542654,981,0.23390362450193994,0.825480786324097,0.3170717196032672,1.240217452126259,0.2520706322991513,0.2957229396171089,0.5,0.010776654678072995,0.019607370695368095
23429164,Mill Creek,17060104000400,56.9799,0.00342933,865.5855677661386,6.543339463983984,20.55392910096009,61.90390604092437,22.1885,15.965,4.231544667408849,3.3687381885968635,0.003306061961499868,,,,Spawning and rearing,1.0,,,22.00006238353271,34.078171959296796,43.778011035171176,UGR,August/September,6.6185396803303265,21.714369029955137,DA+PPT+SLOPE,0,0.3308040956051379,1.0853152742950718,DA+PPT,0,1.0068157169389196,3.303201171059447,DA+PPT,0,3.708580023779986,12.167257295866095,DA+PPT+SLOPE,0,0.0,0.0,1.0068157169389196,3.303201171059447,0.6714353083294122,0.6714353083294122,0.11239240005576447,0.36545926391099065,0.039158264382701695,0.06542177105714159,0.31179461819417265,0.4029403558432238,-0.4016891160300921,-0.2048365617307874,-0.35431605785641873,3.130714082470088e-06,1.4391345743470776,1.4391345743470776,981,0.2169813902953094,0.38366938149914265,0.3291171652714545,0.6606101908633579,0.23654480110218823,0.5393948846395802,0.3,0.030306046879152424,0.09854425725415378
23429166,Mill Creek,17060104000401,38.8647,0.01634408,998.9109013278836,5.685981309086677,31.924796756622754,90.24881934574697,28.994500000000002,11.123999999999999,3.9456618819728515,4.094591377871562,0.0035380730185671726,,,,Spawning and rearing,1.0,,,15.005744561104596,39.32720083968046,42.23476635635602,UGR,August/September,6.820874160312736,22.378196064018162,DA+PPT+SLOPE,0,0.33773858960848047,1.1080662388729674,DA+PPT,0,1.0242788654004678,3.3604949652246314,DA+PPT,0,4.071721232481947,13.358665460898775,DA+PPT+SLOPE,0,0.0,0.0,1.0242788654004678,3.3604949652246314,0.6702669546184251,0.6702669546184251,0.07461264968602332,0.15734812359045403,0.029842601130574135,0.04712240434751402,0.2909083925054553,0.36119562438085123,-0.4218531115674748,-0.322311657690452,-0.225992629611499,5.08692846957372e-06,2.7858896247118583,1.9372943793001167,981,0.2209063517774356,0.6794006826552809,0.3109850285691523,1.099838096906779,0.2299096061564972,0.3626315446591943,0.5,0.018324596755496116,0.03864412974425102
23429168,Mill Creek,17060104000402,37.8207,0.03630666,1012.2777253431931,5.594624083577803,41.09886828063379,112.03717264952326,36.409,9.127,3.925539528384145,2.9178316332469283,0.0035721654949298154,,,,Spawning and rearing,1.0,,,14.602653907586284,39.85345375366902,42.07032335044005,UGR,August/September,7.2516398122127885,23.79146920017319,DA+PPT+SLOPE,0,0.3389230193521093,1.1119521632287048,DA+PPT,0,1.0272209471037257,3.3701474642510685,DA+PPT,0,4.434443625998637,14.548699560362982,DA+PPT+SLOPE,0,0.0,0.0,1.0272209471037257,3.3701474642510685,0.6700583060463176,0.6700583060463176,0.030866760722267274,0.05070003205282454,0.014524243195652573,0.029274081485683487,0.2278399778620951,0.30819654026027166,-0.4029496584908506,-0.3693580610974411,-0.21316803721605554,6.728057953206222e-06,3.9357907470136793,1.9542109902086735,981,0.22156671862401156,0.8873360366314074,0.2969273254383016,1.3354624774511057,0.22756533864275533,0.2723541351673013,0.5,0.006960683983284617,0.011433234094030657
23429170,Mill Creek,17060104000403,32.2083,0.05463314,1071.2649722865006,5.205413023128231,45.8323940919784,122.99695302876208,34.9765,6.6905,3.5818926826567585,3.0364291996058217,0.003579607915601196,,,,Spawning and rearing,1.0,,,12.43569415298266,42.17578631049215,41.36974344163082,UGR,August/September,7.180587752857348,23.55835876921702,DA+PPT+SLOPE,0,0.3411049420611049,1.119110702300213,DA+PPT,0,1.0327387795090934,3.388250588940595,DA+PPT,0,4.472966833140347,14.67508803523736,DA+PPT+SLOPE,0,0.0,0.0,1.0327387795090934,3.388250588940595,0.6697084017477806,0.6697084017477806,0.01711270090116211,0.03146632779713783,0.009564608964304926,0.023258606683380884,0.19414976763528924,0.28544858742538815,-0.3942587541351615,-0.3874656800997878,-0.2087109568007457,9.00286156997881e-06,4.545404668516922,0.2897725899863218,981,0.22281330882516312,1.018325466804612,0.2178488097586483,0.8988021968914235,0.22860780685228185,0.23766523889944677,0.5,0.0038258054529654883,0.007034777804298223
23429172,Mill Creek,17060104000404,25.1883,0.05070809,1134.7089611789045,4.759867489515847,42.22473771401167,114.65969999185178,31.774,5.76,3.4962952063332806,2.954614365537492,0.0035469170549720184,,,,Spawning and rearing,1.0,,,9.72525700001469,44.67358114877577,40.56776148112853,UGR,August/September,6.570264073775007,21.555984494012492,DA+PPT+SLOPE,0,0.33797132826931575,1.1088298171565476,DA+PPT,0,1.0252521688393106,3.3636882179767404,DA+PPT,0,4.080790174190601,13.388419206662077,DA+PPT+SLOPE,0,0.0,0.0,1.0252521688393106,3.3636882179767404,0.6703529740864302,0.6703529740864302,0.01674889235839819,0.02999064164072321,0.010043310109288685,0.023682251094532973,0.1979109021644493,0.2871712733045427,-0.39688661316605545,-0.3840458765487512,-0.20902420017590456,8.053047874416292e-06,4.054241431406579,0.27519208966735786,981,0.22110760466298962,0.9978141640954287,0.2208635579503067,0.9034759954324239,0.22549808975864744,0.2426190719150529,0.5,0.004104325790707979,0.00734922413565938
23429174,Mill Creek,17060104000405,22.1247,0.07710843,1167.9967305503806,4.576267125417565,46.728633624645376,125.05325367641434,24.3185,,3.078285378570451,2.951357639638182,0.0034322863601478092,,,,Spawning and rearing,1.0,,,8.542394427104053,45.98412325001499,40.23728082575162,UGR,August/September,6.5097935372867255,21.35759034542889,DA+PPT+SLOPE,0,0.3360142250831581,1.1024088749447443,DA+PPT,0,1.0205459742372902,3.348247946972737,DA+PPT,0,4.083888061217246,13.398582878009337,DA+PPT+SLOPE,0,0.0,0.0,1.0205459742372902,3.348247946972737,0.6707505261247246,0.6707505261247246,0.008721894107490396,0.0205713432995613,0.006365625957934959,0.01794013210487889,0.1629472584244186,0.26178326434563653,-0.3912018117379942,-0.3972544093719496,-0.20517815293212122,7.355095725399136e-06,4.608467368553124,0.22010589187191126,981,0.2200317758456112,1.1418184825081272,0.19892654690845044,0.8964650781968476,0.22237273076616107,0.21430260058755377,0.5,0.0021356839307908803,0.005037195679998583
23429176,Mill Creek,17060104000406,11.8647,0.11842077,1215.6545167867707,4.488350992907532,44.07263343854281,118.94244194221973,10.1485,,,,,,,,,,,,4.580986280458557,47.86041404672326,40.07903178723356,UGR,August/September,5.179512068811405,16.993149832058414,DA+PPT+SLOPE,1,0.30630504131524633,1.0049377995907032,DA+PPT,0,0.9471493670382486,3.1074454299155136,DA+PPT,0,3.1314295523927513,10.273719003913225,DA+PPT+SLOPE,1,0.0,0.0,0.9471493670382486,3.1074454299155136,0.6766032349543059,0.6766032349543059,0.0034970026311276787,0.010177754927493596,0.0037643173130818526,0.012206919811652055,0.12831282282203726,0.23025126800389004,-0.40153334205091723,-0.3943519642512828,-0.2003503763847181,5.653691594725525e-06,3.710877899388825,0.13108046304640214,981,0.20348965048060644,1.2474259817639157,0.17088276587177015,0.8665802561275312,0.18978603848238854,0.1993612088819011,0.5,0.0011167431911267458,0.0032501944422529605
23429178,Indian Creek,17060104000407,150.0624,0.01200566,844.2825507191901,6.5735371130792934,39.1640972604904,107.506065134151,41.937,5.7385,4.116641866582748,3.234456348294119,0.0019603188102306694,4.875993151177276,1.1639525179961538,0.002737304487486725,Spawning and rearing,1.0,Rearing and migration,1.0,57.939416556059925,33.239470500755516,43.832366803542726,UGR,August/September,11.303920307641517,37.086352715359304,DA+PPT+SLOPE,0,0.3913959493517713,1.2841074453798271,DA+PPT,0,1.153206037241499,3.7834843741518993,DA+PPT,0,7.174356214558452,23.5379140897587,DA+PPT+SLOPE,0,0.0,0.0,1.153206037241499,3.7834843741518993,0.6606018901115005,0.6606018901115005,0.18150313321263029,0.41345361164523603,0.041066879175543365,0.06150362473785789,0.325093496752097,0.39473009331992864,-0.39562935597779014,-0.3277528732757827,-0.23555089157088382,1.0021144845334575e-05,5.132371442717422,4.289777039845464,981,0.2502677672294859,0.6642627238839558,0.37333444432604473,1.1098378040378765,0.2859206026062113,0.3764225795422213,0.5,0.025298873903740356,0.05762936760879556
23429180,Indian Creek,17060104000408,119.8053,0.02072502,891.5083842223374,6.184893077011119,43.94860276832488,118.65580484197645,47.769999999999996,5.7935,4.052651431934989,3.8697013521786956,0.002067843941946697,5.199707366320143,1.2588217330827023,0.0031349265103616723,Spawning and rearing,1.0,Spawning and rearing,1.0,46.25708493482529,35.098755284343994,43.132807538620014,UGR,August/September,10.980083915327246,36.02389735999752,DA+PPT+SLOPE,0,0.3885395870501692,1.2747361779861195,DA+PPT,0,1.1465972741132535,3.7618020804240597,DA+PPT,0,7.06973614937679,23.19467240609183,DA+PPT+SLOPE,0,0.0,0.0,1.1465972741132535,3.7618020804240597,0.6611368299731438,0.6611368299731438,0.09574505584695528,0.18073908183979717,0.025583373784523925,0.04375966209366288,0.2784045983686782,0.3523908743740644,-0.38502306264136527,-0.36529844185877103,-0.2240951217153398,1.1275330205576518e-05,6.071332940581463,3.120029510941038,981,0.2487514705043873,0.8060417136274388,0.33891507361950685,1.204627901390663,0.28025423553459494,0.30655372991138713,0.5,0.01354294613320122,0.025565180654688175
23429182,Indian Creek,17060104000409,112.7673,0.03145695,908.2451368927021,6.063857632079691,49.60731741356923,131.62027837339554,40.883,3.628,4.0108404192004175,3.2616114969787655,0.002049121487991688,4.578504847144938,1.0851039176003061,0.003055787902559942,Spawning and rearing,1.0,Spawning and rearing,1.0,43.53969794300356,35.757682554830794,42.91494373774344,UGR,August/September,11.167057463758184,36.63732763700191,DA+PPT+SLOPE,0,0.3887818151005147,1.275530889437384,DA+PPT,0,1.1472403852749269,3.7639120251802063,DA+PPT,0,7.282537364432868,23.892839122155078,DA+PPT+SLOPE,0,0.0,0.0,1.1472403852749269,3.7639120251802063,0.6611156475219915,0.6611156475219915,0.05650620537431705,0.09244891316416352,0.01708773462776268,0.03455036711193881,0.24140489159015624,0.32569984765943966,-0.3767732155944913,-0.3886108162189,-0.21752823355884598,1.2823044132409652e-05,7.15506140524034,3.304622191901949,981,0.24889041526726283,0.9256824230886186,0.3351637528154985,1.3604460458373442,0.2788856658471563,0.26310219834794474,0.5,0.007759137035161303,0.012694601968769032
23429184,Indian Creek,17060104000410,102.3075,0.02112641,927.7096452917962,5.90798821394844,42.57487647349694,115.47322929978695,35.561,5.752,4.003832241171152,3.490810515188177,0.002234025725307443,5.011338963573923,1.1494476483337115,0.003450034172158364,Spawning and rearing,1.0,Spawning and rearing,1.0,39.50114658508128,36.524001783141586,42.63437878510719,UGR,August/September,10.445124822501095,34.26878222605346,DA+PPT+SLOPE,0,0.3869645526939078,1.2695687424340807,DA+PPT,0,1.1429825874180566,3.7499428721064847,DA+PPT,0,6.732933104190768,22.089675538683622,DA+PPT+SLOPE,0,0.0,0.0,1.1429825874180566,3.7499428721064847,0.6614431777407543,0.6614431777407543,0.08557534471121733,0.1578264590341763,0.024395746212425642,0.042270445899109464,0.273885753224567,0.3483471617591641,-0.3849460188017025,-0.3675156170255449,-0.22314261796032697,1.246670011889357e-05,5.843298993073777,3.0771070671644485,981,0.24791591957510511,0.8177666013235209,0.33876215494524153,1.2293315596038044,0.27844394748633905,0.3016844831878824,0.5,0.012709965090541717,0.023440966454269484
23429186,Indian Creek,17060104000411,99.0153,0.0286021,934.7150478457411,5.8516664206585265,46.41650407131645,124.3377639377947,32.7455,3.7560000000000002,4.0748036648559856,3.400312917084185,0.0021739812155215097,4.794018074098859,1.1561011671048413,0.003516372755378465,Spawning and rearing,1.0,Spawning and rearing,1.0,38.230021058727836,36.79980503329689,42.53299955718535,UGR,August/September,10.595476597522886,34.76206232783099,DA+PPT+SLOPE,0,0.3864563457108844,1.2679013966892532,DA+PPT,0,1.1417966856946147,3.7460521184206517,DA+PPT,0,6.883759743858878,22.584513595337526,DA+PPT+SLOPE,0,0.0,0.0,1.1417966856946147,3.7460521184206517,0.661536637342941,0.661536637342941,0.05810652779522223,0.0973899440242154,0.018080399290826412,0.03545228949355711,0.246504505873318,0.32850962287197627,-0.3791629081249753,-0.3845376160563975,-0.21821907652780076,1.3660567701514519e-05,6.586096749957133,3.2158119095839104,981,0.2476461884435087,0.9049124264936396,0.3352000199981992,1.3436020272394713,0.2767367992060999,0.26957052196420367,0.5,0.00844110340240449,0.014147783718206996
23429188,Indian Creek,17060104000412,86.4171,1e-05,959.519370668044,5.619061292052501,3.473785947295271,13.511242949824199,30.601,9.176,4.121588234172212,4.05301825806501,0.002638960121114421,5.253550529384789,1.6750267233029814,0.0035457012014006683,Spawning and rearing,1.0,Spawning and rearing,1.0,33.3658288449784,37.776353175907246,42.114310325694504,UGR,August/September,5.185411310446732,17.012504299365915,DA+PPT+SLOPE,1,0.3830675976705008,1.2567834569242151,DA+PPT,0,1.1337958431229718,3.7198026349178863,DA+PPT,0,2.718885183945779,8.920226981449405,DA+PPT+SLOPE,1,0.0,0.0,1.1337958431229718,3.7198026349178863,0.6621370593356875,0.6621370593356875,0.07115811941007084,0.26030658415130586,0.029452118540742277,0.05019477540216046,0.2849668434471292,0.36888090251473915,-0.3147616600877334,-0.3281612592971938,-0.3276249620743304,6.930675891042664e-07,0.11638058666512002,0.11638058666512002,981,0.24580683734644285,0.0375200985782133,0.38111415026287704,0.05888420694686956,0.31624063585669526,0.2956258678421408,0.3,0.026171800056228454,0.09574019001918141
23429190,Indian Creek,17060104000413,68.0364,0.02744174,1003.269662798627,5.252737806285651,41.76390383812175,113.58749476914049,33.316,4.991,3.865758621419423,3.2137088481977,0.0025497278564133377,4.91714924002174,1.2239010453531671,0.004168500720305425,Spawning and rearing,1.0,Spawning and rearing,1.0,26.269000899457264,39.49880562199319,41.45492805131417,UGR,August/September,9.226006265917642,30.269049428863653,DA+PPT+SLOPE,0,0.3768304825723012,1.236320480880253,DA+PPT,0,1.119017944842834,3.671318716675964,DA+PPT,0,5.934675386396399,19.47071977164173,DA+PPT+SLOPE,0,0.0,0.0,1.119017944842834,3.671318716675964,0.663248936883468,0.663248936883468,0.04977695721983579,0.0832363530378988,0.017744407282542746,0.03442836686908066,0.2448945184254927,0.3253160377267574,-0.38432625007743576,-0.3803946389524094,-0.2175347036876121,1.1743566162876895e-05,5.541792855216959,2.7667098873198324,981,0.2424270121813858,0.8951728688382333,0.32819763558262155,1.3372204457058443,0.26709833347723616,0.27234048164393804,0.5,0.008387477659508672,0.014025426433380856
23429192,Indian Creek,17060104000414,55.5435,0.03076989,1038.1621536205948,4.919379603410355,41.647818539388894,113.31713564297473,22.23,3.347,3.7730417329602006,2.9037690319793668,0.0025907915594229436,2.31216945953069,1.098560706155959,0.004787566586184215,Spawning and rearing,1.0,Spawning and rearing,1.0,21.445465243002342,40.872525733094285,40.85488328613864,UGR,August/September,8.64103459807466,28.349851043552032,DA+PPT+SLOPE,0,0.3707363706769618,1.2163266754493496,DA+PPT,0,1.1044969376893785,3.6236776170911367,DA+PPT,0,5.5388783059732605,18.17217291985978,DA+PPT+SLOPE,0,0.0,0.0,1.1044969376893785,3.6236776170911367,0.6643391592804713,0.6643391592804713,0.03976906297702048,0.06394699997767181,0.015739811184887004,0.03179011115141998,0.23443419017187153,0.3167845668817818,-0.3855830988604174,-0.3830544642936052,-0.2156226256610903,1.101578433933418e-05,5.277409081713157,2.3321077822320406,981,0.23911072695040023,0.9208443255840839,0.31953976705650566,1.3490071642963957,0.26057037521889304,0.2639418879746427,0.5,0.007179984968099508,0.011545117340583168
23429194,Indian Creek,17060104000415,39.0969,0.03517162,1084.3607544169101,4.501302011094818,40.6988122837654,111.10283118396073,16.245,2.8280000000000003,3.6345779780961935,2.6996706842590723,0.0027565153008208814,,,,Spawning and rearing,1.0,,,15.095397482318152,42.69136828413032,40.102343619970675,UGR,August/September,7.611169755944821,24.971029383021065,DA+PPT+SLOPE,0,0.3567575662054258,1.1704644560545465,DA+PPT,0,1.070884645442604,3.5134010677250784,DA+PPT,0,4.808115478592636,15.774657081996835,DA+PPT+SLOPE,0,0.0,0.0,1.070884645442604,3.5134010677250784,0.6668571468237128,0.6668571468237128,0.030027627050062657,0.04664313200360105,0.013950532977190799,0.0293613631202347,0.2242463176226344,0.3085025357156239,-0.3915008109196638,-0.3810763086576238,-0.21347234744552152,9.524641592175786e-06,4.566881801561368,2.1573377110597494,981,0.2314589805683323,0.9328020826403972,0.31006418941365954,1.3890671004800337,0.24598335054405435,0.25988268689344085,0.5,0.006245196727024519,0.009700917586374978
23429196,Indian Creek,17060104000416,25.1379,0.03445329,1099.5014706487416,4.335154418401418,36.56847194628538,101.37616097044331,14.633,2.2024999999999997,,,,,,,,,,,9.70579745122415,43.287459474359906,39.80327795312255,UGR,August/September,6.251819017433403,20.511217248797255,DA+PPT+SLOPE,0,0.33095346863556613,1.0858053432925396,DA+PPT,0,1.0079268032297521,3.306846467289213,DA+PPT,0,3.7903255869558516,12.435451400773792,DA+PPT+SLOPE,0,0.0,0.0,1.0079268032297521,3.306846467289213,0.6716493027320289,0.6716493027320289,0.027115601691051677,0.04446470661717372,0.01472062673392829,0.02932713300459745,0.22873879168605796,0.3083826027750529,-0.40825260398777713,-0.3639907900644829,-0.21303597921381165,5.57741707731506e-06,3.26984372773478,1.5262405982399165,981,0.21718990229568716,0.8696024676164595,0.28879329355050376,1.2993179606585454,0.21926674586615066,0.27828249776387626,0.5,0.0071538977507283755,0.01173110478165675
23429198,Shaw Creek,17060104000417,17.6004,0.01959156,678.6466325777255,7.7127019003323785,23.154544215544064,68.55137866922817,38.242,,,,,,,,,,,,6.7955524312104645,26.71837136132778,45.882863420598284,UGR,August/September,3.9390621758177353,12.923432335360024,DA+PPT+SLOPE,0,0.22558335783034406,0.7401028800208138,DA+PPT,0,0.7385022730840685,2.422907720092088,DA+PPT,0,1.837674555460077,6.029115995603927,DA+PPT+SLOPE,0,0.0,0.0,0.7385022730840685,2.422907720092088,0.6945393859273004,0.6945393859273004,0.017650088135025895,0.0445458836538174,0.01236131932129031,0.021381424991519363,0.21180912513842792,0.2775527589172133,-0.44511154762825617,-0.2358246680012368,-0.30670246504921667,1.4008065332450063e-06,0.8491011043284231,0.8491011043284231,981,0.1571219529028895,0.5332598604372669,0.22443299942576148,0.9603652318347496,0.11224483078218046,0.43422464559297963,0.3,0.00960457774342261,0.02424035502992801
23429200,Shaw Creek,17060104000418,10.3608,0.05213638,699.601474992182,7.5521631655489925,27.346050229147206,79.04599242484392,43.99,,,,,,,,,,,,4.000327244226573,27.543365157172524,45.593893697988186,UGR,August/September,3.40771521679896,11.180168034117322,DA+PPT+SLOPE,0,0.20801636165562612,0.6824683781352563,DA+PPT,0,0.6917639567729642,2.2695667873128746,DA+PPT,0,1.563476397557602,5.1295157400183795,DA+PPT+SLOPE,0,0.0,0.0,0.6917639567729642,2.2695667873128746,0.6992957502064585,0.6992957502064585,0.00988833956525,0.018432122342578884,0.009457916242083727,0.017834760515505664,0.1941340451840163,0.26126972852184915,-0.48567466726780595,-0.2990974253238797,-0.20576999116623065,1.3368428475006436e-06,0.8940073161026753,0.5211171302200197,981,0.14684330486554448,0.685294010371888,0.18936513614632008,1.083239239941651,0.09131928655059916,0.3400889424758341,0.5,0.006324585123700719,0.011789191299192479
23429202,Clark Creek,17060104000419,147.6036,0.01044585,781.6851593015408,7.043416471905607,36.82284189391889,101.97958906429754,127.639,12.381,4.076829228199358,3.459698121168386,0.001982297079184978,4.3414247430997595,1.4887553538294704,0.0026946127942096775,Spawning and rearing,1.0,Rearing and migration,1.0,56.99006856863576,30.775006271714208,44.6781496494301,UGR,August/September,10.652462026425022,34.94902239640755,DA+PPT+SLOPE,0,0.37100683915715876,1.2172140392295234,DA+PPT,0,1.1041800599581317,3.622637991988621,DA+PPT,0,6.503096376865545,21.335618034335777,DA+PPT+SLOPE,0,0.0,0.0,1.1041800599581317,3.622637991988621,0.6639978816759047,0.6639978816759047,0.1911583945463875,0.48456525669107525,0.044532989592305484,0.0655058444447056,0.3322938164776598,0.4031128879067837,-0.4115538095065405,-0.30621677616821563,-0.23769642473293837,9.241727654156344e-06,4.153803240597301,4.052843346566658,981,0.23909191233987603,0.6050005521195483,0.3669328343332709,1.049354786467125,0.2668878803208029,0.40733725810523597,0.5,0.02939498101649306,0.07451300559144303
23429204,Clark Creek,17060104000420,139.2255,0.01360349,788.3369938558448,6.963391228945388,39.427544799604725,108.12490291014011,136.3905,14.168,3.887824601893482,3.434854027333042,0.0018856859818495277,,,,Spawning and rearing,1.0,,,53.7552660741513,31.036889521883655,44.534104212101695,UGR,August/September,10.64987745723789,34.94054283870699,DA+PPT+SLOPE,0,0.36893721993750045,1.2104239499261824,DA+PPT,0,1.0992317887973437,3.6064035065529647,DA+PPT,0,6.531038906185658,21.427292999296775,DA+PPT+SLOPE,0,0.0,0.0,1.0992317887973437,3.6064035065529647,0.664368130818751,0.664368130818751,0.15428411503152092,0.35460736452598957,0.03739609018856844,0.05590929537015816,0.31451975812503297,0.38237956336437406,-0.40733425894784925,-0.32289562301783425,-0.2323740278457481,9.801335224234508e-06,4.53023689634908,3.8225635618083027,981,0.23796779332149195,0.6604331972955301,0.35293075741539054,1.1048334233648278,0.2631595627440082,0.3757444106506949,0.5,0.023623211750491306,0.05429570541834239
23429206,Clark Creek,17060104000421,62.9595,0.01936381,862.3186052807793,6.431604609177138,35.0066482914596,97.65770399962629,135.5,11.459,3.9637894681783354,3.003656718965307,0.0023852022505510733,,,,Spawning and rearing,1.0,,,24.30879885075312,33.94955138900706,43.576888296518845,UGR,August/September,7.991983963710682,26.22041982844712,DA+PPT+SLOPE,0,0.3363210867784915,1.1034156390370455,DA+PPT,0,1.0203424840942261,3.3475803283931302,DA+PPT,0,4.730697910621955,15.520662436423736,DA+PPT+SLOPE,0,0.0,0.0,1.0203424840942261,3.3475803283931302,0.6703841190371986,0.6703841190371986,0.07044258980553114,0.14337170778240493,0.024874343907140512,0.040336723632200755,0.2743904185198507,0.342952157907752,-0.417576125675319,-0.33566470416551064,-0.22188482625202977,7.4731462577771435e-06,3.450587661297178,1.9925451982518945,981,0.22004166621093,0.7292600768177272,0.300052483548558,1.1160705537181417,0.22695265535802547,0.33616788403777,0.5,0.014890528022802857,0.030306671550615998
23429208,Clark Creek,17060104000422,41.9733,0.02876049,868.946275911442,6.42453693313628,35.14383991409573,97.98527751534844,144.57999999999998,8.935,3.829630245695276,2.726140207298428,0.0029211433241369007,,,,Spawning and rearing,1.0,,,16.205981731149645,34.21048330360008,43.56416647964531,UGR,August/September,6.888582318137107,22.600335689426203,DA+PPT+SLOPE,0,0.31288225024981536,1.026516569061074,DA+PPT,0,0.9625421725230223,3.157946760246136,DA+PPT,0,3.961285166946198,12.996342411240807,DA+PPT+SLOPE,0,0.0,0.0,0.9625421725230223,3.157946760246136,0.674941774831864,0.674941774831864,0.03646099162873616,0.06784871429959614,0.016495577037599803,0.02992115818631239,0.23854674180268118,0.3104508119648475,-0.4227491796488648,-0.34678087176779554,-0.21397437154573978,5.3806378974541345e-06,3.060944739064372,1.6066170232538062,981,0.2069942417681292,0.7991491907347852,0.2766339603961507,1.205111460657026,0.20020953661185947,0.3015006137866187,0.5,0.009204333970443328,0.017127955055026126
23429210,Clark Creek,17060104000423,34.1091,1e-05,911.0877410032431,6.155669530132106,2.559272412900938,10.401509008602075,107.484,,,,,,,,,,,,13.16959713594014,35.869596102489886,43.08020515423779,UGR,August/September,3.2975205978665367,10.81863713210806,DA+PPT+SLOPE,1,0.3102120248465795,1.0177559870294604,DA+PPT,0,0.9560424709874942,3.136622280142697,DA+PPT,0,1.5326863233810866,5.028498436289654,DA+PPT+SLOPE,1,0.0,0.0,0.9560424709874942,3.136622280142697,0.6755248493028116,0.6755248493028116,0.011629715227516874,0.04415716986199486,0.007840005926945188,0.013389682725591646,0.18178407965244323,0.2374597987761877,-0.29828079972944627,-0.28807368621742474,-0.40580550812618377,2.783871897029256e-07,0.05163929216277349,0.05163929216277349,981,0.20552530029594981,0.03163034763509578,0.30863010320080875,0.05073539573843889,0.2650057737159894,0.283564161919665,0.1,0.007587798657889678,0.02881031114349915
23429212,Clark Creek,17060104000424,31.2741,0.05631079,926.3164892219345,6.054391732137502,39.84232475685961,109.09801706769517,123.85849999999999,,3.301570151738544,2.7554505673158514,0.0028107340087004623,,,,Spawning and rearing,1.0,,,12.074997516472306,36.4691531189738,42.8979051178475,UGR,August/September,6.584155026928196,21.60155848729723,DA+PPT+SLOPE,0,0.3084499578552298,1.0119749273465544,DA+PPT,0,0.9517031693919313,3.1223857263514807,DA+PPT,0,3.8417713103018407,12.604236582355119,DA+PPT+SLOPE,0,0.0,0.0,0.9517031693919313,3.1223857263514807,0.6758968890979876,0.6758968890979876,0.01265671256358137,0.02295431864923283,0.007688298518896489,0.01843049188416825,0.1807032553248225,0.26414697530425085,-0.41031414417833983,-0.3768591510530659,-0.20513840624969776,6.19837742103148e-06,3.681049743813136,0.22431160024369873,981,0.20455042965389222,1.0066284753044876,0.19748803540665044,0.8756784659529437,0.19315051171021091,0.23775716921057619,0.5,0.003294499214370716,0.0059749310396691345
23429214,Clark Creek,17060104000425,25.6167,0.10817955,960.4556739898466,5.793945665718513,46.153092983094446,123.73341221516438,68.50999999999999,,3.0245917182306963,2.786863177005484,0.002841957329032708,,,,Spawning and rearing,1.0,,,9.890663164734274,37.813215511411286,42.42910219829332,UGR,August/September,6.467458945731655,21.21869732851593,DA+PPT+SLOPE,1,0.30405235358082633,0.9975470918006113,DA+PPT,0,0.9408354247420426,3.08673039613531,DA+PPT,0,3.8192588629094346,12.530376846815729,DA+PPT+SLOPE,1,0.0,0.0,0.9408354247420426,3.08673039613531,0.6768272690580384,0.6768272690580384,0.004193384313422544,0.011919587864424118,0.003546438926412024,0.011523695308988276,0.12761000651665125,0.22587279309214794,-0.40208781779592084,-0.39449012643375675,-0.1998756168439104,8.569053211011644e-06,4.4450454065862415,0.14994855086812356,981,0.20210676453841805,1.2427034513253694,0.16503746770051841,0.8462875523780274,0.18709569563586217,0.1972259507854143,0.5,0.0010979576048500959,0.003120916463709929
23429216,Clark Creek,17060104000426,22.4694,0.03352252,971.8862631382681,5.682057385622446,30.38717803943597,86.51425711507108,82.1285,,3.0738184405193403,2.645638494961107,0.002808522728244381,,,,Spawning and rearing,1.0,,,8.675483841153634,38.26323870623103,42.2277032941204,UGR,August/September,5.556087667072601,18.22863407832218,DA+PPT+SLOPE,0,0.2988551100393216,0.9804957678455432,DA+PPT,0,0.9278602915873181,3.0441610616381825,DA+PPT,0,3.1530192938528336,10.344551489018482,DA+PPT+SLOPE,0,0.0,0.0,0.9278602915873181,3.0441610616381825,0.6779093655058119,0.6779093655058119,0.020694739821932585,0.035052274634848286,0.012517446465403826,0.024619689773220925,0.21643351626812357,0.29091147928956806,-0.42585071531240776,-0.3518574970217042,-0.2097743412004842,4.35060014817483e-06,2.52837008569647,1.2306604165394093,981,0.19919186039567413,0.8471536173092538,0.2630819361687513,1.268355115543082,0.1842823420782952,0.2829399664658999,0.5,0.006563467550699519,0.011117050473870124
23429218,Clark Creek,17060104000427,16.083,0.04756451,1023.9842079686625,5.178364562613318,30.803171153182614,87.52724742693117,51.152,,2.1164085896863893,2.6333430122951507,0.0031335332186626535,,,,Rearing and migration,1.0,,,6.209681015838156,40.31433889640404,41.32105621270397,UGR,August/September,5.044308636632272,16.549569017822414,DA+PPT+SLOPE,0,0.2901460528907113,0.9519227457044335,DA+PPT,0,0.9061080065983145,2.9727952972385645,DA+PPT,0,2.8531356234942273,9.360681179443002,DA+PPT+SLOPE,0,0.0,0.0,0.9061080065983145,2.9727952972385645,0.6797886667175919,0.6797886667175919,0.01097249479380306,0.0184358332359054,0.008298704436013653,0.018512012970154958,0.1863739161330793,0.26453585762320286,-0.4232353737645234,-0.3634234841712211,-0.20504243762824184,5.083384496760301e-06,2.5111245520098375,0.1780214038352867,981,0.19431049305304215,0.9430094420085569,0.19797378228132026,0.874699161842593,0.17378262383522214,0.25353180995962527,0.5,0.0038457669882390926,0.006461604237840993
23429220,North Fork Clark Creek,17060104000428,66.7026,0.01561068,736.6385786619668,7.28865584612246,32.472625106167186,91.57307692921577,77.3695,,3.9304662219339512,3.6574300176098964,0.00260252535419748,,,,Spawning and rearing,1.0,,,25.754017840393352,29.001518844959325,45.11958052302043,UGR,August/September,7.4243009099834545,24.35794261805595,DA+PPT+SLOPE,0,0.30677219971655356,1.0064704715110024,DA+PPT,0,0.9468505355676252,3.106465011704807,DA+PPT,0,4.105738000595496,13.470269030825117,DA+PPT+SLOPE,0,0.0,0.0,0.9468505355676252,3.106465011704807,0.6760077877205324,0.6760077877205324,0.08449605528648117,0.20566216164063553,0.029866861865586083,0.046052433958864256,0.28938094063326986,0.35844087554085974,-0.4450613113192511,-0.29936873482123716,-0.2257030919939256,5.386359254567382e-06,2.465570492367446,2.310182422124832,981,0.20349539378754872,0.6199638282669183,0.3007010320444208,1.0683445182824225,0.1973564439003723,0.39161321256439086,0.5,0.020579992019516557,0.05009139930770212
23429222,North Fork Clark Creek,17060104000429,64.4355,0.0152669,738.5939921414904,7.273955590060758,31.87820584444636,90.13604568486505,67.422,,3.964478431103969,4.108497410065468,0.003037449497676588,,,,Spawning and rearing,1.0,,,24.878685636761773,29.078503627617735,45.093120062109364,UGR,August/September,7.304150093125748,23.963747024690772,DA+PPT+SLOPE,0,0.3052864472281051,1.0015959554727858,DA+PPT,0,0.9431531337518722,3.09433442831979,DA+PPT,0,4.026840498490934,13.211418958303588,DA+PPT+SLOPE,0,0.0,0.0,0.9431531337518722,3.09433442831979,0.6763129588366285,0.6763129588366285,0.08397320702674554,0.20619893085792812,0.030100493053551797,0.04619781244597296,0.289985112494131,0.35881765515519737,-0.44656406913562463,-0.29742661227550926,-0.2259088255353143,5.235604441201321e-06,2.3927420427794623,2.2726179175504657,981,0.2026626721768249,0.6145876996182126,0.3001485622186855,1.0634203076871176,0.19582699586470534,0.3946769383448591,0.5,0.02085337302488506,0.05120613317939997
23429224,North Fork Clark Creek,17060104000430,42.1398,0.02233473,765.6380915471359,6.996115301027295,31.334178148866737,88.8174569152598,67.688,,4.024981715310008,3.003378097593223,0.003248100992756342,,,,Spawning and rearing,1.0,,,16.27026774054696,30.143231950674643,44.59300754184913,UGR,August/September,6.325286768647687,20.752253177977973,DA+PPT+SLOPE,0,0.2882566429082975,0.9457238940560941,DA+PPT,0,0.9005312914086271,2.9544989875611125,DA+PPT,0,3.421302968952183,11.224747273465168,DA+PPT+SLOPE,0,0.0,0.0,0.9005312914086271,2.9544989875611125,0.6799038016131551,0.6799038016131551,0.046233671338322395,0.09804392570074016,0.020755202492503424,0.03394630133729924,0.2565619436621808,0.3237905384749351,-0.4470406950826086,-0.31471899936159425,-0.2174851030632937,4.683709152904338e-06,2.2048758016279715,1.5351532369668148,981,0.19309981854023292,0.6862017612919633,0.2663964554206389,1.0985792846401268,0.17518574958074587,0.35161467720876494,0.5,0.01351346892043356,0.028656896682484494
23429226,North Fork Clark Creek,17060104000431,31.7034,0.02514461,787.3975263237381,6.810376619346505,29.74741354856243,84.95244993535623,61.1135,,3.5167078187355068,2.8090170667012666,0.003458826785052433,,,,Spawning and rearing,1.0,,,12.240751173134578,30.999902611170793,44.25867791482371,UGR,August/September,5.690329219940778,18.66905912054061,DA+PPT+SLOPE,0,0.2780927890678325,0.9123779168892143,DA+PPT,0,0.8748759317949192,2.8703278602195508,DA+PPT,0,3.032944125391481,9.950604085930054,DA+PPT+SLOPE,0,0.0,0.0,0.8748759317949192,2.8703278602195508,0.6821345987912939,0.6821345987912939,0.03457937023693302,0.07026165884293373,0.01784186467680692,0.0301385243928433,0.24366407228354936,0.3112007691440815,-0.4500746626971682,-0.31746109158722485,-0.2146223810387999,3.443570653358639e-06,1.9775512368299188,1.1473341638267067,981,0.18736336739143153,0.7051861369031168,0.25009752698699284,1.0843317183438383,0.163641509472557,0.34045960428581473,0.5,0.011401255284407736,0.02316615669069229
23429228,North Fork Clark Creek,17060104000432,16.6761,0.06223746,836.8027973447029,6.415396227319338,32.96925017016733,92.7707858222926,48.612,,2.9753764187324716,2.758213869985895,0.003789458991118522,,,,Rearing and migration,1.0,,,6.4386782060696826,32.944992021444996,43.54771320917481,UGR,August/September,4.721526097891238,15.49057118730721,DA+PPT+SLOPE,0,0.256041197497404,0.8400301755164173,DA+PPT,0,0.8185628660728149,2.6855737075879755,DA+PPT,0,2.4734878671729574,8.115117674451959,DA+PPT+SLOPE,0,0.0,0.0,0.8185628660728149,2.6855737075879755,0.6872064344601873,0.6872064344601873,0.008583325244036209,0.014111879361452362,0.006873536434075688,0.015345472134882005,0.17483986876706636,0.2485002051739039,-0.44198756500000314,-0.3489710610043707,-0.20216783756155038,3.1587074276326988e-06,1.9890617755727242,0.1916948232819384,981,0.17481593266310308,0.9059230440604416,0.19727078267271547,0.9475571254888602,0.13724894983739597,0.26127095516490595,0.5,0.0034701303200029097,0.005705255137386771
23429230,,17060104000433,31.5558,0.025768,666.2045533797274,8.01756455793737,28.667801079712905,82.30583820247355,43.01,,,,,,,,,,,,12.183762494533713,26.228525723611316,46.431616204287266,UGR,August/September,5.215179152384233,17.110167822782916,DA+PPT+SLOPE,0,0.2490918945612677,0.8172306252010095,DA+PPT,0,0.800010278574309,2.624705638367155,DA+PPT,0,2.58558427845661,8.482888052679167,DA+PPT+SLOPE,0,0.0,0.0,0.800010278574309,2.624705638367155,0.6886391322306857,0.6886391322306857,0.031292558061861424,0.06841642127949804,0.01719424505374534,0.028737633381838865,0.23920115665021502,0.3063023532009482,-0.4721550811877046,-0.29648111091980284,-0.2141695628387472,3.0772205820710786e-06,1.4792499862119262,1.0989340878913891,981,0.17072360207277962,0.6459162718244036,0.23348795478595957,1.0520875712201967,0.13351290674639146,0.3677448671035937,0.5,0.012102702790465842,0.02646071986496501
23429232,,17060104000434,15.5088,0.00504034,678.9909607828458,7.967737086327762,14.031676246684638,44.645917511118625,25.065,,,,,,,,,,,,5.987981156403085,26.73192758987582,46.34192675538997,UGR,August/September,3.319055749402104,10.889290516411101,DA+PPT+SLOPE,0,0.2202843243700615,0.7227175996393094,DA+PPT,0,0.7244617386551438,2.376842974590367,DA+PPT,0,1.474115058764774,4.836335494635085,DA+PPT+SLOPE,0,0.0,0.0,0.7244617386551438,2.376842974590367,0.6959338048977068,0.6959338048977068,0.028731937375810722,0.0956038843564483,0.02190398205688643,0.0439503327672714,0.252131975463687,0.3529019481921365,-0.46701617902601544,-0.1809844398162169,-0.3300953991008811,9.611219491543261e-07,0.4257326342198439,0.4257326342198439,981,0.15403152350149565,0.3295491021459572,0.21916098821352445,0.5852153613894803,0.12165687927548216,0.5617057088290184,0.3,0.019490973384320813,0.06485510326212868
23429234,,17060104000435,7.7868,0.02187534,680.4934445411465,7.8044408515141015,18.01837025327438,55.304978131668044,27.961,,,,,,,,,,,,3.0065002881383176,26.791080493745927,46.047993532725386,UGR,August/September,2.7405566133367514,8.991327471577268,DA+PPT+SLOPE,0,0.19346694031169193,0.6347340561407215,DA+PPT,0,0.6523631154226353,2.140298935113633,DA+PPT,0,1.1780060515609712,3.8648492505281205,DA+PPT+SLOPE,1,0.0,0.0,0.6523631154226353,2.140298935113633,0.7034367275863629,0.7,0.009362803216389609,0.022517085689122068,0.009646804560779989,0.01849888746030963,0.19281151357007978,0.2644733218533668,-0.4652643486721223,-0.2218530381181084,-0.30323580864898925,9.091301864326465e-07,0.48560353434274417,0.4496188510146286,981,0.1368438790003685,0.49461606189664364,0.18948039380110712,0.8995819165390349,0.08018655220756303,0.4546654915214307,0.3,0.007948009438476988,0.019114575565452117
23429236,,17060104000436,46.791,0.04055852,661.7363036187728,7.74626834150606,36.72849545994473,101.75584629059655,39.456,,3.8584333040896572,2.9417359895415176,0.0034446553202740053,,,,Spawning and rearing,1.0,,,18.066106100359583,26.052610378691845,45.94328301471091,UGR,August/September,6.465029129762448,21.210725491346615,DA+PPT+SLOPE,0,0.26732671683306264,0.8770561575887882,DA+PPT,0,0.8469649818740254,2.778756502211369,DA+PPT,0,3.3718376390514377,11.062459445706816,DA+PPT+SLOPE,0,0.0,0.0,0.8469649818740254,2.778756502211369,0.6843709922438991,0.6843709922438991,0.02395217458245773,0.046409774974808894,0.011779472060413404,0.022045657383929104,0.2122096248763009,0.28039763819516716,-0.44624277344495134,-0.3338250988405257,-0.20815265565410954,4.833027536370111e-06,2.3932944312771958,1.407645260997469,981,0.18115853975326027,0.7873645452613938,0.24121251261771953,1.2043459784093213,0.15041187340088005,0.3003021062067809,0.5,0.007103596657517571,0.013763941192573213
23429238,,17060104000437,41.7573,0.01691176,664.6379057217061,7.689858880748755,26.982922765795895,78.14647717449554,36.0835,,3.892960402323662,2.939257141189187,0.00342673495057889,,,,Spawning and rearing,1.0,,,16.122583664904475,26.166846681956937,45.84174598534776,UGR,August/September,5.7166292698725245,18.75534537359752,DA+PPT+SLOPE,0,0.2623417679996,0.8607013385813649,DA+PPT,0,0.8341984594807426,2.7368715862229087,DA+PPT,0,2.8837526560774607,9.461130761408992,DA+PPT+SLOPE,0,0.0,0.0,0.8341984594807426,2.7368715862229087,0.6855163600243304,0.6855163600243304,0.05172216495388642,0.13005469364166417,0.024178443054768215,0.03868342366513057,0.26753603052028185,0.338201062826857,-0.4741663940407247,-0.28051213708109335,-0.22114302582341372,3.3142394695373343e-06,1.5300840157916211,1.4241083329248652,981,0.1783200181718688,0.5849904157621225,0.25690860943102556,1.0048402600745894,0.14939843085785834,0.40760410680403353,0.5,0.017935714717031235,0.04509911533764037
23429240,,17060104000438,38.07,0.02028025,666.8040309340425,7.632574061782506,27.98996961497487,80.63686197623615,35.999,,3.5592459174874493,2.8818884790882526,0.003853030352537174,,,,Spawning and rearing,1.0,,,14.698909175710915,26.25212720212766,45.73863331120851,UGR,August/September,5.573036796188098,18.28424145731003,DA+PPT+SLOPE,0,0.25831057612363073,0.847475643450232,DA+PPT,0,0.8238393647117191,2.702885054828475,DA+PPT,0,2.8014580616443285,9.191135372848846,DA+PPT+SLOPE,0,0.0,0.0,0.8238393647117191,2.702885054828475,0.6864551668831463,0.6864551668831463,0.04284273932217668,0.1013063832499063,0.02112642141572944,0.034075273865902,0.25610026237304706,0.3242000804837739,-0.47219434335210037,-0.28853731108191444,-0.21814192415025582,3.3045690743602435e-06,1.5465601697039384,1.3613031089490064,981,0.17601342311233575,0.6132458350683118,0.25006591391443717,1.0409273723992027,0.14416068055661868,0.3890367235835333,0.5,0.015293014701433702,0.036162020283981716
23429242,,17060104000439,17.9037,0.0197088,677.2613136957724,7.477485906555069,22.753502750925986,67.53358203833427,30.695,,,,,,,,,,,,6.912657215896388,26.66383124786506,45.459474631799125,UGR,August/September,3.9677560645365393,13.017572390211743,DA+PPT+SLOPE,0,0.22601676128686873,0.7415248073716165,DA+PPT,0,0.7396432382783914,2.4266510442204443,DA+PPT,0,1.853049082952801,6.079557358769032,DA+PPT+SLOPE,0,0.0,0.0,0.7396432382783914,2.4266510442204443,0.694424623129186,0.694424623129186,0.01718676274695662,0.042532385900349336,0.011999524175232364,0.020670779617982454,0.2098477748595732,0.27444308059219413,-0.4438166042579461,-0.23845837656816038,-0.3057254949986612,1.7621252014138816e-06,0.8706859972162193,0.8706859972162193,981,0.15737565456739197,0.5431907014331266,0.22486419237177002,0.9757821407960752,0.1122858400517112,0.4282215749590738,0.3,0.009274855644713855,0.022952649388312332
23429244,,17060104000440,4.9239,0.03947097,704.1090226667885,7.422137800987023,18.7976469715526,57.346512170146724,34.817,,,,,,,,,,,,1.901128418447149,27.720827664046794,45.359848041776644,UGR,August/September,2.3760741454406404,7.795518849870867,DA+PPT+SLOPE,1,0.1812883068495953,0.5947779096115331,DA+PPT,1,0.6190580990893085,2.0310305088231906,DA+PPT,1,1.0032638178110531,3.291547958697681,DA+PPT+SLOPE,1,0.0,0.0,0.6190580990893085,2.0310305088231906,0.7071546158328481,0.7,0.004610127034872762,0.008832451036437504,0.005898340150926516,0.011411713932305992,0.16344010928133335,0.22513877156075712,-0.4598715344678854,-0.24203289497940306,-0.29219723040178497,6.796832203251891e-07,0.4689741686842475,0.3547797334003265,981,0.12822747760779962,0.5717147582980575,0.17122679687664902,1.0037077318283454,0.06504452652074746,0.40018089496456644,0.3,0.004595129369791544,0.008803717307087157
23429246,,17060104000441,25.8192,0.02805568,638.9370045942554,7.7231247710889575,25.468746567876266,74.37655641761062,37.605,,3.3113936833034954,2.841234176110566,0.0038361880868567635,,,,Spawning and rearing,1.0,,,9.968848851839118,25.1550001808762,45.90162458796012,UGR,August/September,4.688135723188391,15.381022713872673,DA+PPT+SLOPE,0,0.23329009307305498,0.7653874444654034,DA+PPT,0,0.7586702275172705,2.4890755495973442,DA+PPT,0,2.2397690859320663,7.348323772742999,DA+PPT+SLOPE,0,0.0,0.0,0.7586702275172705,2.4890755495973442,0.6925013205849779,0.6925013205849779,0.013172709687773934,0.02801199405076884,0.008301058435367676,0.014525262936571855,0.18719009686107496,0.24399148349166802,-0.426531872785859,-0.2701122930246265,-0.2950547757541467,2.6294263163477815e-06,1.273242406155361,1.021548385467884,981,0.16157714505229834,0.661402856797736,0.2219555855480645,1.098502194979233,0.11652751907072634,0.3571730263956995,0.3,0.005881280249161128,0.012506643754801098
23429248,Grande Ronde River,17060104000442,3487.8843,0.00201612,690.9822079717337,7.094079836579897,58.18106574476193,150.8685857831257,36.966,5.555,2.758905662931125,3.4146322120642667,0.0013317484766716134,5.5992483254949486,3.3065087443680587,0.00211683015467689,Spawning and rearing,1.0,Rearing and migration,1.0,1346.6796569763078,27.20402393589503,44.76934370584381,UGR,August/September,37.04101561387777,121.52564177781419,DA+PPT+SLOPE,1,0.6252154199858602,2.0512316928669954,DA+PPT,1,1.6823317320002762,5.519461062993032,DA+PPT,1,28.64031192579907,93.96427797178173,DA+PPT+SLOPE,1,0.0,0.0,1.6823317320002762,5.519461062993032,0.6283637714884656,0.6283637714884656,2.2403506912693807,6.07899625248198,0.12844082921639272,0.17681977607486418,0.4737779302331933,0.5612766114334399,-0.3131290521385267,-0.2657943568278306,-0.29263576181725,3.372897244408089e-05,15.842284205711975,15.842284205711975,981,0.374001180209653,0.38831953392028834,0.6220271423990492,0.6875149577229092,0.4673764489302504,0.5304893760111784,0.5,0.07822368335490376,0.21225314403807335
23429250,Battle Creek,17060104000443,8.442,0.04293007,564.7495928859274,7.1337455565458425,23.024776270875005,68.2223223325992,26.752,,2.923519964007575,2.7602167691963535,0.0038948769462511684,,,,Spawning and rearing,1.0,,,3.259474422415328,22.234235940390846,44.840742001782516,UGR,August/September,2.7302756380568454,8.957597237719309,DA+PPT+SLOPE,1,0.17392766104510082,0.5706288092030867,DA+PPT,1,0.5982715040434017,1.9628330185150973,DA+PPT,1,1.1113430186867626,3.6461385127518455,DA+PPT+SLOPE,1,0.0,0.0,0.5982715040434017,1.9628330185150973,0.7092830598321741,0.7,0.005388192347925861,0.011631690389303237,0.00574079470342145,0.010835788287517736,0.16176245999273228,0.22128577846081157,-0.4668789481486895,-0.23422076454535407,-0.2931594926025349,8.472059797759765e-07,0.4796785764557395,0.39508319357780586,981,0.12302344634601976,0.5429730970155185,0.16670038964944514,0.9552673156954063,0.05829400955366966,0.4162296766357243,0.3,0.004848361178615141,0.010466336849848594
23429252,Burnt Corral Creek,17060104000444,35.8038,0.02724815,589.9290271889547,7.080150718487758,31.300577342771057,88.73590940646848,31.1265,1.6995,3.652357170383857,2.80786792776433,0.0037684324248456556,,,,Spawning and rearing,1.0,,,13.823924464022024,23.22555225153365,44.74427129327796,UGR,August/September,5.210666391471657,17.09536217674428,DA+PPT+SLOPE,1,0.23566373058564208,0.7731749691129989,DA+PPT,1,0.7647096353801613,2.5088898798561723,DA+PPT,1,2.487082949618045,8.159720963313795,DA+PPT+SLOPE,1,0.0,0.0,0.7647096353801613,2.5088898798561723,0.6918258647695916,0.6918258647695916,0.033513447355735054,0.07934784926242619,0.017994827594672323,0.029666114734623956,0.24183770850580336,0.30956621511889876,-0.48544386166709813,-0.2810888581136177,-0.2154724526246117,2.1483807634718124e-06,1.2915289760844484,1.0853731867806227,981,0.16292026338342214,0.5980076612518932,0.22623997442688681,1.0044691984136676,0.12060839152267212,0.3930817295939794,0.5,0.013475001853429093,0.0319039818413021
23429254,Burnt Corral Creek,17060104000445,25.6392,0.03058502,591.2204687244454,6.967420666146096,29.34984869710913,83.97947519282997,41.391999999999996,0.8755,3.463571239885031,3.0320101442965095,0.003540783872383795,,,,Spawning and rearing,1.0,,,9.899350463301477,23.276396406474227,44.54135719906297,UGR,August/September,4.520407498653619,14.830733263299276,DA+PPT+SLOPE,0,0.22145466228388555,0.7265572909576298,DA+PPT,0,0.727257707911256,2.3860161020710495,DA+PPT,0,2.091339904110187,6.861351391437622,DA+PPT+SLOPE,1,0.0,0.0,0.727257707911256,2.3860161020710495,0.695493550807565,0.695493550807565,0.024800381780457313,0.05682583515195154,0.015705528069569527,0.026920130731313333,0.230393709380103,0.29970389573078027,-0.49274543592114045,-0.2780856688872912,-0.2134633671219988,2.09075476064468e-06,1.0562433142820293,0.8762906015809641,981,0.15465676031142744,0.5949928501550125,0.21222615598054473,1.0030994985966606,0.10626263523695409,0.3924756579487532,0.5,0.011858608795115615,0.027171974790071014
23429256,Burnt Corral Creek,17060104000446,18.5301,0.0353167,600.2197646025548,6.875245803937539,27.748939827034594,80.04199593578218,37.323,0.499,3.2332862706743355,3.1851289731148906,0.0034109192496599022,,,,Spawning and rearing,1.0,,,7.154511608007376,23.630699393801372,44.37544244708757,UGR,August/September,3.974166936633161,13.038605435148165,DA+PPT+SLOPE,0,0.21023552946207955,0.6897491124083974,DA+PPT,0,0.6973878530204208,2.288017890486945,DA+PPT,0,1.7952585993289394,5.889956034543764,DA+PPT+SLOPE,0,0.0,0.0,0.6973878530204208,2.288017890486945,0.6985385843020648,0.6985385843020648,0.01801094321588088,0.03996570901401685,0.013388179606628138,0.023674195786336828,0.21793025725337042,0.28713871002287644,-0.4966789847722712,-0.2787780071390643,-0.2111548284820363,1.7347734375663014e-06,0.9027945356627566,0.6911089241902632,981,0.14808824785683394,0.6032809355803155,0.19871881912532224,1.0035636270086628,0.09488529325682346,0.3854199301010994,0.5,0.010032506304447337,0.022261811768486097
23429258,Burnt Corral Creek,17060104000447,10.1781,0.03274293,601.3469947565656,6.780572370587143,22.525648304898578,66.95416615148045,33.745000000000005,,3.0412670724594544,2.985073082180711,0.0036591512734629513,,,,Spawning and rearing,1.0,,,3.9297863798608685,23.675078533723056,44.205030267056856,UGR,August/September,3.0044659115163963,9.857171625709961,DA+PPT+SLOPE,0,0.1877871557628007,0.61609959239764,DA+PPT,0,0.6366090319651851,2.088612309597064,DA+PPT,0,1.2725838598305204,4.175143897081759,DA+PPT+SLOPE,0,0.0,0.0,0.6366090319651851,2.088612309597064,0.7050196488995613,0.7,0.007840996102667211,0.01763568568294446,0.0075262356401923376,0.014142049243938783,0.17782661644391223,0.24182662515330366,-0.4619310105128187,-0.23340118689913208,-0.29714156694785687,8.470404479315167e-07,0.5564315236273852,0.5407662130450345,981,0.13282608702446153,0.5361562883558111,0.18571902115384686,0.9828991676605534,0.07258423420345529,0.4241685782245116,0.3,0.006161476936939508,0.01385817173989079
23429262,Burnt Corral Creek,17060104000447,6.1929,0.03891658,608.106931678535,6.732434335271036,20.30220894793978,61.25426591399982,28.432000000000002,,2.827134946073426,2.7296460596347196,0.0037519347688657867,,,,Spawning and rearing,1.0,,,2.391092057637513,23.94121778261949,44.118381803487864,UGR,August/September,2.4421329569870087,8.012247234209346,DA+PPT+SLOPE,0,0.17208072247842535,0.5645692994698994,DA+PPT,0,0.5932710641866776,1.9464273759405433,DA+PPT,0,0.9909051527370467,3.251001157273775,DA+PPT+SLOPE,1,0.0,0.0,0.5932710641866776,1.9464273759405433,0.7099458698287724,0.7,0.0049799504861338904,0.01057373252487037,0.0059339491590975615,0.011511302309871557,0.1631099112066016,0.22579179345564096,-0.46995875109088797,-0.22975110914445168,-0.2943561906055628,7.291248170213309e-07,0.4183546060874888,0.3257766080513546,981,0.12171734053795025,0.5272864034516704,0.16334848315812153,0.9249621676551123,0.05697159144680625,0.4265218098259389,0.3,0.005025658078756003,0.010670781654191566
23429260,Burnt Corral Creek,17060104000447,7.3827,0.0358498,606.1091316337925,6.7357628184164335,20.921199666359684,62.84971195993416,34.719,,2.9151774897913665,2.943546727080463,0.0036813353443659914,,,,Spawning and rearing,1.0,,,2.8504764058713152,23.862564237550885,44.124373073149584,UGR,August/September,2.6241591408524565,8.6094460001721,DA+PPT+SLOPE,0,0.17755710859093637,0.5825364455083214,DA+PPT,0,0.6084664196961092,1.9962809045147938,DA+PPT,0,1.0807740037952582,3.5458464691445477,DA+PPT+SLOPE,1,0.0,0.0,0.6084664196961092,1.9962809045147938,0.7081891410217592,0.7,0.005941264278841995,0.012947733815043974,0.006553018295067971,0.012628612151575614,0.16901654946318073,0.23287268030132466,-0.467687548209804,-0.23015455643990207,-0.2956048770552258,6.78353721881139e-07,0.4595493139321627,0.4228015852088184,981,0.12558796393694663,0.527255165303991,0.17372237625794867,0.9658929028917306,0.062316964228655666,0.4277523361823509,0.3,0.005497230927075027,0.011980056671955992
23429264,Clear Creek,17060104000448,28.2852,0.04229867,825.8950054395762,5.02149850608152,42.727454959759974,115.82743608221205,39.7875,18.4115,2.9536703588560966,2.7212262433838696,0.003121905965483097,2.5849283394879548,1.0079416822403524,0.005254208378629546,Spawning and rearing,1.0,Spawning and rearing,1.0,10.92097677480479,32.5155513952589,41.03869731094674,UGR,August/September,5.783004860659138,18.973113059905305,DA+PPT+SLOPE,0,0.2807376672413577,0.9210553387183651,DA+PPT,0,0.8817194171605314,2.89278024002799,DA+PPT,0,3.15248392187746,10.342795019283004,DA+PPT+SLOPE,0,0.0,0.0,0.8817194171605314,2.89278024002799,0.6816020360020666,0.6816020360020666,0.0307494605308676,0.058833511003554585,0.01639770480351113,0.029361313853605714,0.23694124706884043,0.308502363165864,-0.44485888616070235,-0.3256192527831347,-0.21312415625265174,4.121497168969351e-06,2.1627345669487235,1.1481125416750704,981,0.1888848380002743,0.7333575605164738,0.25011667629271817,1.121919794915939,0.16645643899050983,0.3254426168272668,0.5,0.00975404198494842,0.018662588759062196
23429266,Clear Creek,17060104000449,21.9303,0.05943068,842.405811316945,4.750048971307506,46.04833629413419,123.49292811590546,25.36,9.9805,2.336820194877606,2.876326707966372,0.0030795373040203955,2.4851882973208532,0.9161671750241807,0.00574830799689687,Spawning and rearing,1.0,Rearing and migration,1.0,8.467336167483401,33.165583122714374,40.55008814835351,UGR,August/September,5.350381004806191,17.55374345408855,DA+PPT+SLOPE,0,0.27093517161155894,0.8888949199854296,DA+PPT,0,0.8568240362829108,2.8111024812431458,DA+PPT,0,2.8898987421798905,9.481295085892029,DA+PPT+SLOPE,0,0.0,0.0,0.8568240362829108,2.8111024812431458,0.6837913502205952,0.6837913502205952,0.02084583348689666,0.037607107025009516,0.012834085921933637,0.02497517491431792,0.21766263181446988,0.292304956446367,-0.4453175753215358,-0.3325170006490288,-0.2093313381075017,3.799828671118371e-06,2.0676051517824034,1.133737869735281,981,0.18332847533401275,0.7772349077260767,0.24275015065720976,1.2055074211496755,0.15511947368613807,0.3055202399161476,0.5,0.007213343908088751,0.013013295751892662
23429268,Clear Creek,17060104000450,7.5807,0.06904928,868.8825027377419,4.0449356276504815,38.58975207846809,106.15484615873251,18.6245,,,,,,,,,,,,2.9269246332627197,34.20797254873,39.28088412977087,UGR,August/September,3.385236893737591,11.10642025504459,DA+PPT+SLOPE,0,0.22581918133124484,0.7408765791707508,DA+PPT,0,0.7396896824483263,2.4268034201060575,DA+PPT,0,1.6634013047853964,5.457353362156812,DA+PPT+SLOPE,1,0.0,0.0,0.7396896824483263,2.4268034201060575,0.6947109217695215,0.6947109217695215,0.013513267190151031,0.024627953712478667,0.012903252481739987,0.02426708164445213,0.2156822083745438,0.28951596482565695,-0.4801340882107479,-0.2974158412188508,-0.2095468180886613,1.6148335564482377e-06,0.9662460466194007,0.5627184697361182,981,0.15736147421980987,0.6613101201493601,0.2053417053247797,1.0747677562064935,0.10966223890722306,0.3532865682297525,0.5,0.008123876752576219,0.014805779965199703
23429270,Coon Creek,17060104000451,9.5877,0.02457286,641.2393389358961,7.81500780182728,17.5900333357353,54.17744203952249,24.57,,3.1660878498651206,2.6070085674755648,0.005290373401100835,,,,Rearing and migration,1.0,,,3.701831665457408,25.245643265192758,46.067014043289106,UGR,August/September,2.9511473592988695,9.68224199245036,DA+PPT+SLOPE,0,0.1936219021627667,0.6352424611639327,DA+PPT,0,0.6526653544115228,2.1412905328462033,DA+PPT,0,1.2675640226088218,4.158674614858339,DA+PPT+SLOPE,0,0.0,0.0,0.6526653544115228,2.1412905328462033,0.7033366320825374,0.7,0.007957509256804227,0.01779660110479902,0.007815936678939086,0.014621028244687159,0.18030711223734983,0.24452652271547137,-0.45780308482141424,-0.23708352095459717,-0.2972974575450495,9.296857003268241e-07,0.5738511008867948,0.5236654137687784,981,0.13695118156255826,0.5519741708817634,0.18907806397467558,0.9821801606807047,0.07829455874667333,0.4178631185417765,0.3,0.006277796714698934,0.014040001757206043
23429274,Coon Creek,17060104000453,3.9852,0.12033206,763.7214505591915,6.934792306462511,22.11701057588962,65.91291258762838,27.8265,,2.7808922898989175,4.713870404232916,0.00471923985225769,,,,Rearing and migration,1.0,,,1.5386943222233551,30.067773644062658,44.482626151632516,UGR,August/September,2.470000261344279,8.10367539811115,DA+PPT+SLOPE,1,0.18362817357849248,0.6024546377247129,DA+PPT,1,0.625659746204986,2.0526894560531037,DA+PPT,1,1.0882835405299873,3.570484056856914,DA+PPT+SLOPE,1,0.0,0.0,0.625659746204986,2.0526894560531037,0.7065047340949915,0.7,0.0008429745641434745,0.0016979666519663834,0.001434260991588121,0.003605326876623328,0.10060011514728921,0.1533374424801067,-0.4259038231700037,-0.300963735911125,-0.2716981799272831,1.3623088538355e-06,0.8017065663713846,0.07393377793108251,981,0.1298835326735092,0.9237422265780891,0.15021459729109274,0.9561720553392984,0.06353214171506068,0.2557476605748741,0.3,0.0007745909340252919,0.0015602245083477825
23429276,Coon Creek,17060104000453,2.0421,0.17623931,803.350216688453,6.565410320412516,20.143820168605192,60.844902254782134,8.049,,2.4735197086768177,4.568614689367456,0.0039893706114546785,,,,Rearing and migration,1.0,,,0.7884592179595287,31.62796128694697,43.81773857674253,UGR,August/September,1.927737195095152,6.324597096768871,DA+PPT+SLOPE,1,0.16710148525408858,0.548233219337561,DA+PPT,1,0.5798667398473859,1.9024499338824996,DA+PPT,1,0.817347801599857,2.681587275590082,DA+PPT+SLOPE,1,0.0,0.0,0.5798667398473859,1.9024499338824996,0.7118277808137992,0.7,0.0003794238691943817,0.0008705305026742247,0.0008753992181338366,0.0023108309137526645,0.08333537781928516,0.13220748883493558,-0.4305324141166751,-0.29992347730570673,-0.2686687093594842,9.736702868773748e-07,0.6165005449466652,0.0461524923907199,981,0.11819324003421014,0.9615481876187734,0.13083992862200472,0.9172001852814745,0.048050915501067465,0.24898774136409582,0.3,0.0004642134822552976,0.0010650674057852351
23429278,Coon Creek,17060104000453,1.9665,0.24337604,806.7941198718536,6.534932817620137,22.074260783155356,65.80382232772139,7.698,,2.515634668731916,4.717358046641056,0.0041600520852072545,,,,Rearing and migration,1.0,,,0.7592698947737198,31.76354802645093,43.76287907171625,UGR,August/September,1.9509345523383887,6.400703911871354,DA+PPT+SLOPE,1,0.16636940979229906,0.5458313969563617,DA+PPT,1,0.5778219096404666,1.895741173361111,DA+PPT,1,0.8325366958128589,2.7314196056852325,DA+PPT+SLOPE,1,0.0,0.0,0.5778219096404666,1.895741173361111,0.7120749369025869,0.7,0.00022283986049886033,0.0006033187397195849,0.0005663665888016917,0.0016880762460082428,0.06965838507799609,0.11906862896307611,-0.4258475382290137,-0.3076007506178948,-0.26598534456428974,8.897413219250316e-07,0.6893088758543598,0.041446826874634884,981,0.11767539070712717,1.064330149098566,0.12222286031568282,0.9285179398286375,0.047090234967306,0.2290083697536427,0.3,0.00026766370974349365,0.0007246752518584495
23429282,East Phillips Creek,17060104000455,17.3367,0.03410055,1171.6162229107617,6.568216401183617,42.50803202732166,115.3179942512815,48.310500000000005,,2.968143836311214,2.362882157168904,0.002807680748665062,,,,Spawning and rearing,1.0,,,6.6937372920028215,46.12662294924259,43.822789522130506,UGR,August/September,5.446549491554616,17.869256862055824,DA+PPT+SLOPE,0,0.32140961112039784,1.0544934748044548,DA+PPT,0,0.9845807007269719,3.2302516428050256,DA+PPT,0,3.26310008235051,10.705708931596162,DA+PPT+SLOPE,0,0.0,0.0,0.9845807007269719,3.2302516428050256,0.6735568644773529,0.6735568644773529,0.04069210339202129,0.07439105496299724,0.022713598065418155,0.039533625671222664,0.2648104382698952,0.34066084180075507,-0.42428702680887365,-0.3333383830613233,-0.21966099206438494,3.7397291379746665e-06,2.3861573375968157,1.0981296635405362,981,0.21191611182072836,0.729474269596586,0.281034469082727,1.1044004195337465,0.21190632709043972,0.33317118542050683,0.5,0.012470381650908339,0.02279766267831145
23429284,East Phillips Creek,17060104000456,10.2474,0.04780295,1212.3213555155455,6.41108073758124,40.14599179302715,109.8095251578386,27.945,,2.4015621137612655,2.4075502863809346,0.0031637834120004154,,,,Spawning and rearing,1.0,,,3.95654325944786,47.72918722502148,43.53994532764623,UGR,August/September,4.482911586922911,14.707715180193276,DA+PPT+SLOPE,0,0.2973377908382683,0.9755176864772581,DA+PPT,0,0.9246847656815871,3.0337426695590124,DA+PPT,0,2.6020792962677612,8.537005565182943,DA+PPT+SLOPE,0,0.0,0.0,0.9246847656815871,3.0337426695590124,0.6784441553775357,0.6784441553775357,0.022225835640912957,0.03744855378572356,0.016449448078111047,0.031080630658514623,0.23628152107736586,0.31441018599671344,-0.4326221075800704,-0.3374267353501625,-0.21350170899165602,2.9246224835583453e-06,1.9619391364713232,0.8910988010736857,981,0.1984469983834664,0.7743512203775007,0.26116907770788367,1.1820218513714151,0.1846477763071087,0.3115749392803194,0.5,0.008541567381436887,0.014391780388644235
23429286,East Sheep Creek,17060104000457,24.2172,0.03723885,725.4009407648283,5.7515673899992565,40.920886160314396,111.62165296730441,45.857,,3.032789472013839,3.263713476621761,0.003731610526489644,,,,Spawning and rearing,1.0,,,9.35031319385412,28.559092156095605,42.35282130199866,UGR,August/September,4.980559838377383,16.340419417248633,DA+PPT+SLOPE,0,0.2503941435992112,0.8215030957979369,DA+PPT,0,0.8035973912264373,2.636474380664164,DA+PPT,0,2.5161618230763203,8.255124091457743,DA+PPT+SLOPE,0,0.0,0.0,0.8035973912264373,2.636474380664164,0.6884084663128838,0.6884084663128838,0.035260772619563556,0.0775116589649043,0.020128091959295085,0.03329367757297594,0.25173915516498585,0.32170212017256683,-0.47564498173829806,-0.28713973691711103,-0.21708718938529584,2.5457839840992453e-06,1.3735070203003754,0.9924750279956333,981,0.17151144655361902,0.60562288734001,0.23391938112924915,1.003266656473364,0.1365967891790603,0.38793711560730965,0.5,0.014013714180136826,0.030805514277351478
23429288,East Sheep Creek,17060104000458,17.721,0.03878744,736.9815906901981,5.604427551823261,38.7909218873056,106.62845037033547,40.154,,2.764145788090809,2.896187742725947,0.0042063305913725545,,,,Spawning and rearing,1.0,,,6.8421163515306835,29.015023255519612,42.08796959328187,UGR,August/September,4.367514463373103,14.32911569348131,DA+PPT+SLOPE,0,0.23838566964410943,0.7821052153678131,DA+PPT,0,0.7723651370316207,2.534006355090619,DA+PPT,0,2.1520176031447775,7.060425207167905,DA+PPT+SLOPE,0,0.0,0.0,0.7723651370316207,2.534006355090619,0.6913562533903574,0.6913562533903574,0.029828052472933582,0.06559932306642616,0.019533217955398367,0.03285151042129742,0.24833541843583318,0.3202716132111734,-0.484945556129606,-0.27866623721891737,-0.21685498869607822,1.672238816759817e-06,1.1150881869565707,0.8377686219064658,981,0.164591769701259,0.5827995114871668,0.22443086427591208,0.9854572976232668,0.1245439503252137,0.3995830422061318,0.5,0.013860505801321223,0.030482707469755278
23429290,East Sheep Creek,17060104000459,4.068,0.04008972,759.5502158384955,5.085682142721239,26.726807531625585,77.51099880934899,35.1155,,,,,,,,,,,,1.5706635809506697,29.90355180466518,41.15422785689823,UGR,August/September,2.267809328679172,7.440319319813557,DA+PPT+SLOPE,1,0.1836902437825036,0.602658280126324,DA+PPT,1,0.6258199536941389,2.0532150711749964,DA+PPT,1,0.9702480105709304,3.183228381138223,DA+PPT+SLOPE,1,0.0,0.0,0.6258199536941389,2.0532150711749964,0.7064806855418999,0.7,0.013149023204900587,0.030246590263873906,0.016474992318782015,0.033039783207045974,0.22927227028054803,0.3208822761896109,-0.5348018137009053,-0.2307141638377432,-0.21800903014256948,5.812796626862171e-07,0.36615871932743205,0.36615871932743205,981,0.12992667255758078,0.4440861418248508,0.18275351721186978,0.883392426665528,0.0723790963090782,0.47782929612662767,0.5,0.013552228978200334,0.031174081198141985
23429292,Ladd Creek,17060104000460,211.7034,0.00024208,531.7614543696133,7.917282078507774,10.556801623341398,34.99304380067427,20.113,10.611,3.4036098549616725,3.814132943858482,0.0026519139747564827,,,,Rearing and migration,1.0,,,81.73913971077484,20.935490329512334,46.251107741313994,UGR,August/September,7.501909631913502,24.61256440916503,DA+PPT+SLOPE,1,0.3089306916430228,1.0135521379364263,DA+PPT,1,0.9512697158254941,3.120963634598078,DA+PPT,1,3.64176858899108,11.948059675167585,DA+PPT+SLOPE,1,0.0,0.0,0.9512697158254941,3.120963634598078,0.675243848822688,0.675243848822688,0.15160431877581032,0.5795370186927626,0.04387893152092337,0.07973694459725292,0.31762948405860586,0.43041413967220354,-0.3813440701134257,-0.21887263595991172,-0.3559043624057392,1.5088257080528122e-06,0.4851692881601429,0.4851692881601429,981,0.20453641396805,0.13194791506370254,0.3073553046034469,0.2103959293923548,0.2540632789686324,0.5040193315125001,0.3,0.04162931143788325,0.15913614622430425
23429294,Gekeler Slough,17060104000461,65.7243,0.0007917,503.76461567570897,8.526401793992633,10.793498975269587,35.66369267023598,18.705,,,,,,,,,,,,25.376294098691275,19.833252585657835,47.34752322918674,UGR,August/September,4.713755234566373,15.4650762288923,DA+PPT+SLOPE,1,0.2386319205098492,0.7829131250323136,DA+PPT,1,0.7721021284325174,2.5331434659859493,DA+PPT,1,2.0389396298176945,6.689434481029181,DA+PPT+SLOPE,1,0.0,0.0,0.7721021284325174,2.5331434659859493,0.6909321814792719,0.6909321814792719,0.06883634248305674,0.26145216036997015,0.0339151355107341,0.06717167474631021,0.28864290165169937,0.40650141230804626,-0.43644876337825794,-0.18390094670535212,-0.3457351544056558,9.78017386543493e-07,0.3277142717752158,0.3277142717752158,981,0.16457183016407986,0.17761696654809978,0.23741502097485678,0.29280379907267706,0.17440408732065604,0.5629391898943573,0.3,0.03376085366942008,0.1282294760209978
23429296,Gekeler Slough,17060104000462,50.076,0.00130191,526.0072116809849,8.323493728233286,11.829942855579567,38.57610271439152,17.524,,,,,,,,,,,,19.33445169117152,20.708945341771063,46.982288710819915,UGR,August/September,4.437550131415473,14.558891507268612,DA+PPT+SLOPE,1,0.23307439353073092,0.7646797688016106,DA+PPT,1,0.7576486926926237,2.4857240573904975,DA+PPT,1,1.925785272930033,6.318193152657589,DA+PPT+SLOPE,1,0.0,0.0,0.7576486926926237,2.4857240573904975,0.6923714172825892,0.6923714172825892,0.05917548055955406,0.2195626502948374,0.03159600132140205,0.06282237682635984,0.28248061659223367,0.3975314149481467,-0.44973929533430235,-0.17433712899006404,-0.3443275743542315,1.0011516798755343e-06,0.3637057981537524,0.3637057981537524,981,0.1613731664925944,0.21130337511554317,0.2318858344349603,0.35341852166367294,0.15852177970580586,0.5822174202354032,0.3,0.030727974396397826,0.11401201025947116
23429298,Gekeler Slough,17060104000463,35.6274,0.00304073,546.1510596887788,8.111790373336532,13.93159717235011,44.37315398741637,18.724,,,,,,,,,,,,13.755816043255136,21.50201022396767,46.60122267200576,UGR,August/September,4.156936251143593,13.638242293778191,DA+PPT+SLOPE,1,0.22387020919573278,0.7344823136342938,DA+PPT,1,0.7334777551386068,2.406423081163408,DA+PPT,1,1.8093163202643576,5.936077166221645,DA+PPT+SLOPE,1,0.0,0.0,0.7334777551386068,2.406423081163408,0.6947825511716745,0.6947825511716745,0.042720391625204746,0.15199847978330527,0.02529576068871235,0.05053345065829324,0.26370138664707693,0.3697086839123349,-0.4653615700953473,-0.17314705390745275,-0.3361956153084875,9.246669329603179e-07,0.44881310479906317,0.44881310479906317,981,0.156033639685398,0.28384317789053065,0.2227285863022957,0.4846997291971221,0.13173875195877047,0.5812995460939929,0.3,0.023611344874710966,0.08400879275830382
23429300,Gekeler Slough,17060104000464,27.3447,0.00369214,568.1111392489221,7.89280336476319,13.626699012557792,43.540411863842316,13.051,,,,,,,,,,,,10.557847694695619,22.366580285390633,46.207046056573745,UGR,August/September,3.820590411988262,12.534745446155714,DA+PPT+SLOPE,1,0.21842127655867807,0.7166052380534057,DA+PPT,1,0.7191136715214176,2.3592968225768294,DA+PPT,1,1.653571453145489,5.425103192734544,DA+PPT+SLOPE,1,0.0,0.0,0.7191136715214176,2.3592968225768294,0.6962632123283548,0.6962632123283548,0.03550800491343149,0.12333201493680787,0.02318074029006199,0.04680353913849779,0.2562392040760168,0.3603790737945704,-0.46907763835537003,-0.17481736468020456,-0.33292425667436326,8.581098049605081e-07,0.4313065965457895,0.4313065965457895,981,0.15286385453028614,0.3012757368583902,0.21730744104895242,0.519442636274833,0.12319505191671772,0.5759031652631262,0.3,0.0214735231706418,0.07458523470648991
23429302,Graves Creek,17060104000465,26.3592,0.02553898,583.2506587141492,7.438152397388009,27.160112430791663,78.58561576368396,19.736,,3.446312339351584,2.969089087698814,0.004051796206344367,,,,Spawning and rearing,1.0,,,10.17734401745204,22.962624358824772,45.38867431529842,UGR,August/September,4.477766396127275,14.6908346329635,DA+PPT+SLOPE,1,0.2206600173151825,0.7239501880419373,DA+PPT,1,0.725119116761795,2.378999726908776,DA+PPT,1,2.055600789516717,6.744097078466919,DA+PPT+SLOPE,1,0.0,0.0,0.725119116761795,2.378999726908776,0.6956913530281807,0.6956913530281807,0.027581119585291164,0.06687862747594461,0.01725289449568455,0.029101361794971498,0.23724374976699467,0.3075892152440197,-0.4975849561147393,-0.26971909303081754,-0.21544305635875854,1.6446937969907287e-06,0.9916171143243846,0.9740148708617951,981,0.15418454744381363,0.5681543957915531,0.2186815184737831,1.003936111312232,0.10624197377190102,0.4100631245504633,0.5,0.013417546697759167,0.03253483254969373
23429304,Graves Creek,17060104000466,13.1058,0.02720917,594.5308107334157,7.301376890475209,22.684188117298845,67.35740910657918,16.461,,2.985340744931307,2.6197337215915666,0.005240594493217176,,,,Spawning and rearing,1.0,,,5.060177669425587,23.406724832024242,45.142478402855374,UGR,August/September,3.3016955505573886,10.832334483455998,DA+PPT+SLOPE,0,0.19559031883960917,0.6417005211273267,DA+PPT,0,0.6578650043774775,2.1583497518946113,DA+PPT,0,1.4221692628052747,4.665909654872948,DA+PPT+SLOPE,1,0.0,0.0,0.6578650043774775,2.1583497518946113,0.7026892788974362,0.7,0.010316829943879521,0.024469390440264648,0.008869748929806541,0.016164744421160768,0.18822111234683966,0.2528461125292673,-0.45989419005376125,-0.2309202416601839,-0.3003158193562482,9.67483512757577e-07,0.6154119900449612,0.5981935813338424,981,0.13834498430307487,0.5251993781720684,0.19343624655535016,0.9499263894455189,0.08136816101844407,0.43363577393164,0.3,0.007254291182984254,0.017205680842797846
23429308,Hoodoo Creek,17060104000468,10.3806,0.07228004,802.3039480509797,5.516190246089821,31.473416153960027,89.15524683704977,13.178,,2.0557741940900267,2.5725010860272137,0.003504206134879042,,,,Spawning and rearing,1.0,,,4.0079720669657135,31.586769608306287,41.92914244296168,UGR,August/September,3.764589917513848,12.351016789743595,DA+PPT+SLOPE,0,0.22758215850690214,0.7466606250226447,DA+PPT,0,0.7441666624235289,2.4414916746178768,DA+PPT,0,1.8493639609171157,6.067467063376363,DA+PPT+SLOPE,0,0.0,0.0,0.7441666624235289,2.4414916746178768,0.6941785086613059,0.6941785086613059,0.007024228052023348,0.011314187274205894,0.006845128635158568,0.014609975793435578,0.17428854087683923,0.24446489233152313,-0.46155817093630325,-0.32989981692783793,-0.2016968835007002,2.38514746145442e-06,1.3122110151626125,0.5112399500514744,981,0.15835387360484937,0.8276650207598119,0.20500487238008425,1.2174866280835435,0.10871880772824043,0.2842632797395276,0.5,0.00379818586306828,0.006117880262247076
23429310,Little Fly Creek,17060104000469,48.2832,0.01227133,684.3318732908963,6.257165022827879,28.9860508464694,83.0874774600409,14.374,2.509,3.1070010750662633,3.5924171469091672,0.004592720432597058,,,,Spawning and rearing,1.0,,,18.64224774133662,26.94219973586206,43.262897041090184,UGR,August/September,6.039094015590142,19.813300576083144,DA+PPT+SLOPE,0,0.27489744448795644,0.9018945029132429,DA+PPT,0,0.8663734117002937,2.8424324530849527,DA+PPT,0,3.106314580726899,10.191320802909772,DA+PPT+SLOPE,0,0.0,0.0,0.8663734117002937,2.8424324530849527,0.6827032769294492,0.6827032769294492,0.08191891366775612,0.23482379777009227,0.03432517285712496,0.055298019979904134,0.29957906885964497,0.38098089147581193,-0.47700029847947073,-0.2584929930238633,-0.23018153563954094,3.147148038809625e-06,1.4683752209426588,1.4683752209426588,981,0.18548376563946858,0.5050337576493878,0.27349560794594163,0.8889380022064463,0.16676733115259101,0.4581104050934008,0.5,0.026371737806602492,0.07559562680066419
23429312,Little Fly Creek,17060104000470,27.4671,0.01822477,678.3930986185983,6.317976560584881,27.4704133496913,79.35366053786076,8.73,2.759,2.6413805434463105,3.158554750765695,0.004160549592721031,,,,Spawning and rearing,1.0,,,10.605106598901214,26.708389709393636,43.37235780905279,UGR,August/September,4.799438105363668,15.746188009723321,DA+PPT+SLOPE,0,0.24548487448400974,0.8053965698294282,DA+PPT,0,0.7906858064640134,2.5941135382677603,DA+PPT,0,2.3417823809890472,7.683013060987688,DA+PPT+SLOPE,0,0.0,0.0,0.7906858064640134,2.5941135382677603,0.6895291752082532,0.6895291752082532,0.04430447171823916,0.11580223534703583,0.024687789509607996,0.040917548752382134,0.2678789952134203,0.34459042272961093,-0.489627639689905,-0.26343769394532296,-0.22224687685516398,1.8838513166213659e-06,1.120267352382576,1.120267352382576,981,0.16865537344246528,0.5352386218232473,0.24423302831559704,0.9556161101374647,0.1333123849487133,0.4348989792748228,0.5,0.0189191242012536,0.049450468278835966
23429314,Little Fly Creek,17060104000471,19.2843,0.01936196,695.7596711308629,6.147131865295655,25.008018358052798,73.22313126781464,6.504,,2.454205739406322,3.1493401074569665,0.004049062453085665,,,,Spawning and rearing,1.0,,,7.445709855980089,27.392113036648148,43.06483735753218,UGR,August/September,4.156921332904569,13.638193349424439,DA+PPT+SLOPE,0,0.23331143625323558,0.7654574680224264,DA+PPT,0,0.758925843888727,2.489914185986637,DA+PPT,0,1.978750422622452,6.491963328813818,DA+PPT+SLOPE,0,0.0,0.0,0.758925843888727,2.489914185986637,0.6925767673719601,0.6925767673719601,0.020523231759773868,0.052024820923647484,0.013458195788339233,0.022933312295450124,0.21823926014803596,0.284111575445699,-0.4414220336652298,-0.23635657432233692,-0.308763196224094,1.8421525830657193e-06,0.9236372330922733,0.9236372330922733,981,0.1616257963066142,0.5307854305249247,0.23212166818067442,0.9571290889655492,0.12066752729961076,0.4361528493655998,0.3,0.010371814214232377,0.026291754800839725
23429316,Little Fly Creek,17060104000472,9.8523,0.02457249,716.609850925459,5.94078936402576,22.4051113233945,66.64730949395724,6.732,,2.2707763508266714,2.406462555427402,0.00401169698788798,,,,Spawning and rearing,1.0,,,3.803994296607739,28.212986256907836,42.69342085524637,UGR,August/September,3.16633945926626,10.388252819115026,DA+PPT+SLOPE,0,0.20929188254604866,0.6866531579594772,DA+PPT,0,0.6952390807579976,2.280968112723089,DA+PPT,0,1.4313034107251261,4.695877331775348,DA+PPT+SLOPE,0,0.0,0.0,0.6952390807579976,2.280968112723089,0.6989641573113752,0.6989641573113752,0.012093635515920747,0.0283894981187053,0.01090337144100801,0.019673287887230228,0.20219994441946457,0.2699555843136157,-0.4533985211791696,-0.23146820360036255,-0.30422990377945985,9.750701746733613e-07,0.6363416357884788,0.6092307436265592,981,0.14759863237947496,0.5202395754478087,0.20636703403470102,0.9522631198020081,0.09678224439231219,0.4382135022058614,0.3,0.008449386360222447,0.01983471701805184
23429318,Little Fly Creek,17060104000473,7.4403,0.02460837,727.2145933701464,5.798593118175879,20.48544949824186,61.72728758154125,7.482,,2.1867477274036755,2.517435739973305,0.00457116511826032,,,,Spawning and rearing,1.0,,,2.87271589020336,28.63049580197427,42.43746761271658,UGR,August/September,2.8060432354459435,9.206178593982754,DA+PPT+SLOPE,0,0.2003042638011014,0.6571662198198864,DA+PPT,0,0.6710572182948056,2.2016312936181284,DA+PPT,0,1.2393491545711575,4.0661061501678395,DA+PPT+SLOPE,1,0.0,0.0,0.6710572182948056,2.2016312936181284,0.7015094118053213,0.7,0.010182207217449384,0.02422500004154943,0.010376596439135891,0.019499009166649567,0.19811084404612836,0.2691560716668151,-0.4601473786861896,-0.22547327684885562,-0.3040027480258189,7.951389109958719e-07,0.5275486082305957,0.5049040626915201,981,0.14167743765438912,0.501670763066074,0.1975046076277383,0.9305818616459365,0.08776172543866038,0.4487988051884049,0.3,0.00821576968838346,0.01954654985820507
23429322,Little Indian Creek,17060104000475,18.2889,0.02504543,797.9069327459279,6.972107859795285,25.38111639244808,74.1574085497114,26.061,,2.971697335591206,2.8057538473332055,0.0033243774855537516,2.480479240600269,0.6394708194927397,0.0061475306032790465,Spawning and rearing,1.0,Spawning and rearing,1.0,7.061383767366939,31.41365876952472,44.549794147631516,UGR,August/September,4.452369263073589,14.60751070562201,DA+PPT+SLOPE,0,0.25260216159716853,0.8287472493345424,DA+PPT,0,0.8095533314258784,2.6560148668828027,DA+PPT,0,2.2520338796462185,7.388562597264496,DA+PPT+SLOPE,0,0.0,0.0,0.8095533314258784,2.6560148668828027,0.6879734147319775,0.6879734147319775,0.015689110570843837,0.03222365602133973,0.010327285445826647,0.01759226141600259,0.2017341699890139,0.260080159780705,-0.41847154831595684,-0.271424099987148,-0.2997770662510684,2.698283247709315e-06,1.3241437405315437,0.9108621362875066,981,0.17282137936261008,0.6559027297770552,0.23370108713204382,1.0637845495271394,0.13722114875090832,0.36344799233369113,0.3,0.006966640561068515,0.014308690607444096
23429324,Little Indian Creek,17060104000476,8.6904,0.04558271,855.4631111443662,6.343402005768434,24.423933258191823,71.75647564483823,21.823,,2.5858887842517753,2.5840487395245257,0.003437108034951977,,,,Spawning and rearing,1.0,,,3.3553821985972716,33.67965004505379,43.41812361038318,UGR,August/September,3.4525766148406847,11.327351098558676,DA+PPT+SLOPE,0,0.22942754343668648,0.7527150375219372,DA+PPT,0,0.7491843368749217,2.4579538611381944,DA+PPT,0,1.6907681606001932,5.547139634515069,DA+PPT+SLOPE,1,0.0,0.0,0.7491843368749217,2.4579538611381944,0.6937635610566829,0.6937635610566829,0.005765097328560971,0.00995754923991281,0.005663647109855131,0.010990364669658729,0.16414114640395164,0.2223330543822003,-0.41921470940521105,-0.28775556660129953,-0.28736607688363414,2.0774815900727054e-06,1.1021352699455362,0.5399092633138967,981,0.1594601372873624,0.7519829016468438,0.20514308898484765,1.149239557283677,0.11156765968887332,0.3138124947718142,0.3,0.0034097503507012233,0.0058893640606397825
23429326,Little Indian Creek,17060104000477,4.9536,0.05550538,896.5073768822674,5.895972083739099,21.446520185550476,64.19839809009467,15.334,,2.3583230010967853,2.608298679226129,0.003401436876508326,,,,Rearing and migration,1.0,,,1.9125956525558598,35.29556601898691,42.61274975073037,UGR,August/September,2.7804963531961797,9.122363363504526,DA+PPT+SLOPE,0,0.21254031876655788,0.6973107571081295,DA+PPT,0,0.7044275203884635,2.311113912035641,DA+PPT,0,1.316507798564493,4.319251307626289,DA+PPT+SLOPE,1,0.0,0.0,0.7044275203884635,2.311113912035641,0.6982793649950666,0.6982793649950666,0.0035220594822307654,0.005699002465825928,0.004539106236352919,0.009247786990470524,0.15125648146465018,0.2099000808893124,-0.42559412757427423,-0.28581604885407813,-0.28405071733529463,1.5280787719213082e-06,0.8532607781135537,0.12388388996999566,981,0.14960356019644835,0.7608860753276386,0.19757505239086368,0.9396133022203162,0.09470826401455112,0.30975146204562204,0.3,0.002675304685677657,0.0043288786227017135
23429328,Little Phillips Creek,17060104000478,29.1825,0.03376926,1000.9739062535082,7.152771021730146,41.40978414323813,112.76242129029252,35.0175,,2.9828860827001487,2.3100230168554727,0.0034048050980772905,,,,Spawning and rearing,1.0,,,11.267426241664927,39.40842150604363,44.87498783911426,UGR,August/September,6.3635233637292385,20.877701324570992,DA+PPT+SLOPE,0,0.32022897255187194,1.0506199886872438,DA+PPT,0,0.9811820331306668,3.2191011585651794,DA+PPT,0,3.760729839521045,12.338352491866946,DA+PPT+SLOPE,0,0.0,0.0,0.9811820331306668,3.2191011585651794,0.6736293962394375,0.6736293962394375,0.038565601879051975,0.07015680346153196,0.01889329024952025,0.03391014718610228,0.24938655101381704,0.32367554773957025,-0.4207001691435636,-0.34406764479482294,-0.21633889581209315,4.771980021391042e-06,2.8888373834119316,1.5797868911979907,981,0.2111730743755009,0.777636268207995,0.2846693004994311,1.2043748590322896,0.20915844480769144,0.3113351439393456,0.5,0.010254818485968025,0.018655103252635374
23429330,Little Phillips Creek,17060104000479,11.3265,0.04384363,1156.3807284227255,6.608322572348033,40.32248570944606,110.2227038404232,18.116,,2.238236789227512,2.2640502358756875,0.0036061655775689516,,,,Spawning and rearing,1.0,,,4.373186098731013,45.52680033160337,43.894980630226456,UGR,August/September,4.546074843245425,14.914943711435122,DA+PPT+SLOPE,0,0.2938485775996131,0.9640701364816702,DA+PPT,0,0.9157781522989168,3.00452149704369,DA+PPT,0,2.6066336576106544,8.551947695573013,DA+PPT+SLOPE,0,0.0,0.0,0.9157781522989168,3.00452149704369,0.6791268967686633,0.6791268967686633,0.02607221049188798,0.04586095623311781,0.018276885498687386,0.033220878617314605,0.24507393955102935,0.3214674743341539,-0.4378645210375564,-0.3287297686794973,-0.21512882478425888,3.3518192288473473e-06,1.8628131771366974,0.8421966351107356,981,0.19645626712976455,0.7363633553756487,0.2581905819085989,1.1199065900348781,0.18146267613613926,0.326975679280218,0.5,0.010002253448912656,0.017593940022686508
23429332,Mount Emily Creek,17060104000480,10.4706,0.04465021,809.7819055326629,5.861893690636067,22.86063433201276,67.80572033625543,14.5445,,2.660165360081231,2.6821997338319923,0.0030635874915198795,,,,Spawning and rearing,1.0,,,4.042721261234534,31.881177383175707,42.551408643144924,UGR,August/September,3.647797263420073,11.96783879074827,DA+PPT+SLOPE,0,0.2293432625067663,0.7524385252846663,DA+PPT,0,0.7488352086312889,2.456808427268008,DA+PPT,0,1.7779660542724562,5.833221962836142,DA+PPT+SLOPE,0,0.0,0.0,0.7488352086312889,2.456808427268008,0.6937333342993355,0.6937333342993355,0.004976343694660969,0.008533895258673109,0.004737527116020409,0.009463867612514994,0.15472081661291015,0.21152232856730452,-0.41563097291475526,-0.2951440919176218,-0.28448740805160244,1.9565227927212523e-06,1.211694274018237,0.5981195078839487,981,0.15938332037255226,0.7953362506087136,0.2050774594391278,1.205394895969928,0.11075777558753938,0.29612220789082166,0.3,0.0027988969095910487,0.004799807756827606
23429334,Mount Emily Creek,17060104000481,3.4524,0.12484188,794.2250845933264,5.592750376903024,21.34426236699581,63.936241648053816,8.1425,,,,,,,,,,,,1.33297909215194,31.2687041178475,42.06695067842544,UGR,August/September,2.367866282125423,7.768590164453487,DA+PPT+SLOPE,1,0.18330832747424355,0.6014052738656285,DA+PPT,1,0.6248550418890924,2.0500493500298305,DA+PPT,1,1.0462509157386028,3.4325817445492217,DA+PPT+SLOPE,1,0.0,0.0,0.6248550418890924,2.0500493500298305,0.7066386358665574,0.7,0.0007410136733034202,0.001537842071735127,0.0013459451762418454,0.0034386209381461206,0.09800944556030043,0.15093667122243426,-0.4252329145468868,-0.30222985211610115,-0.2711912881607702,1.3388294019529987e-06,0.7862825073027468,0.06696219285650262,981,0.12965813878639415,0.9398496905622562,0.14693894650724942,0.9429584736084369,0.06314415357969286,0.2523796342424399,0.3,0.0007082561765599987,0.0014698597139573201
23429336,North Fork Indian Creek,17060104000482,8.8218,0.07371932,890.586109964293,6.414717681799633,29.059749121805954,83.26830807615174,26.766,,,,,,,,,,,,3.4061160222297486,35.06244527418477,43.546491827239336,UGR,August/September,3.6957623962547324,12.125204712121825,DA+PPT+SLOPE,0,0.2362158203447411,0.7749862872202792,DA+PPT,0,0.7671307789643657,2.5168332643187847,DA+PPT,0,1.8683671889259286,6.1298136119617075,DA+PPT+SLOPE,1,0.0,0.0,0.7671307789643657,2.5168332643187847,0.6920788126065873,0.6920788126065873,0.005365378705775711,0.00932986788563782,0.005725095539009656,0.013126436372150531,0.16317450859585012,0.2358933036089265,-0.45175222626883116,-0.34232748945313407,-0.20019518873902506,2.6881720672702835e-06,1.4637828102609192,0.1162153463314628,981,0.16341863206994867,0.9025804093936343,0.17678727335194017,0.8757870467254273,0.116771116812333,0.26267076589992905,0.5,0.0028716939248221948,0.004993594375311898
23429338,Peet Creek,17060104000483,12.1581,0.02438582,646.6299800292397,6.671612739630617,21.38984703956496,64.05312848173016,25.727,,2.944537267669015,2.512302087396841,0.004436082390659036,,,,Spawning and rearing,1.0,,,4.694268653774911,25.45787322949763,44.008902931335115,UGR,August/September,3.3024960010858213,10.834960633483664,DA+PPT+SLOPE,0,0.20369585819485247,0.6682934980146078,DA+PPT,0,0.6799719699380369,2.2308791664633754,DA+PPT,0,1.4594522565702384,4.788229188222567,DA+PPT+SLOPE,0,0.0,0.0,0.6799719699380369,2.2308791664633754,0.700434919084364,0.7,0.011203499005188102,0.026714648669780478,0.009704972435622627,0.017443994414630404,0.19440708466173792,0.25934744847226343,-0.45481723227890486,-0.23387534362573828,-0.30160245165973415,1.0382865450251917e-06,0.6513275526009371,0.5686539034631158,981,0.14407767371090013,0.5335722068795576,0.19722766243495762,0.9343402694110177,0.09027672860185867,0.43018732652980723,0.3,0.007676509426568499,0.018304571834751756
23429340,Peet Creek,17060104000484,9.1278,0.02243115,636.0804156300533,6.631600304338395,19.080381355439677,58.084182288267264,20.603,,2.6927225758340794,2.2996539135263725,0.003923172041490487,,,,Spawning and rearing,1.0,,,3.5242632827437377,25.042536048427294,43.93688054780911,UGR,August/September,2.851498578452789,9.355310296761118,DA+PPT+SLOPE,0,0.19080705191394753,0.6260073881691192,DA+PPT,0,0.644975841883648,2.1160624733715485,DA+PPT,0,1.2112285936137093,3.9738470919084947,DA+PPT+SLOPE,0,0.0,0.0,0.644975841883648,2.1160624733715485,0.7041640329400607,0.7,0.009654258457163726,0.02405344075330111,0.009476027246563257,0.018133461947014203,0.19153186817233947,0.262720265960956,-0.46749612918041683,-0.21978624351978313,-0.30324160005323664,9.26313586100019e-07,0.4886858669805155,0.48231501662431275,981,0.13496111561594837,0.487822523702682,0.18927665638024288,0.8999353682858631,0.07747403398967513,0.45856616577526554,0.3,0.00797063288306312,0.019858712781488666
23429342,Wright Slough,17060104000485,83.7972,0.00167623,486.75140146961587,8.621483232221614,14.689857822132055,46.43291235264019,16.3905,,4.030408716513496,3.5711702356606314,0.0032719332702710055,4.093554583208861,1.539036617694022,0.004282079555777006,Rearing and migration,1.0,Rearing and migration,1.0,32.35427979981305,19.163441002740782,47.518669817998905,UGR,August/September,5.5101084073705735,18.0777834887486,DA+PPT+SLOPE,1,0.24438565274584723,0.801790199297399,DA+PPT,1,0.7870184265758079,2.582081452020367,DA+PPT,1,2.457539152718411,8.06279249579531,DA+PPT+SLOPE,1,0.0,0.0,0.7870184265758079,2.582081452020367,0.6894791220973944,0.6894791220973944,0.07585772018171741,0.2776950755136584,0.03245240512514512,0.06264624050922343,0.28629082733669525,0.397159545010588,-0.44835018884890804,-0.17305002149003434,-0.34614738453591243,1.1886100707198012e-06,0.5325709857976101,0.5325709857976101,981,0.1678755613101835,0.23916136380821054,0.2431394117395404,0.39748301038817685,0.16354474761088675,0.5870834666245386,0.3,0.030867349599621747,0.11299721317012815
23429344,Pierce Slough,17060104000486,23.9202,0.00058799,490.17966982854244,8.61122331229927,7.12448445660994,24.990224433544956,15.034500000000001,,,,,,,,,,,,9.235640852767014,19.298412197974113,47.50020196213869,UGR,August/September,2.853410070555363,9.361581596310247,DA+PPT+SLOPE,1,0.19334901868044224,0.6343471741484326,DA+PPT,1,0.6513820499165934,2.1370802162617895,DA+PPT,1,1.08773435582456,3.568682269765617,DA+PPT+SLOPE,1,0.0,0.0,0.6513820499165934,2.1370802162617895,0.7031710979674682,0.7,0.02992769906908411,0.1169551193272641,0.024841099574698565,0.052593372056130516,0.2565487974666608,0.37466547246533133,-0.44467293428968846,-0.20188048248645235,-0.3286054836491606,3.5215483709293636e-07,0.12412702424052315,0.12412702424052315,981,0.13676003675593523,0.13362671510853646,0.1923630372833121,0.22611902352876276,0.13874212592623686,0.5122689748542925,0.3,0.027513794070057974,0.10752176641382809
23429346,Pierce Slough,17060104000486,21.5361,0.00287823,496.03326857758367,8.55435511296711,11.58368586110417,37.8875665990456,11.041,,,,,,,,,,,,8.31513469658597,19.528868841637152,47.3978392033408,UGR,August/September,3.125245371270791,10.253429695770311,DA+PPT+SLOPE,1,0.19099627225220567,0.6266281898038243,DA+PPT,1,0.6449970250615236,2.1161319719866256,DA+PPT,1,1.2353541850120031,4.052999294658803,DA+PPT+SLOPE,1,0.0,0.0,0.6449970250615236,2.1161319719866256,0.703880382651397,0.7,0.02541748623217489,0.09012510898948496,0.020356256917839318,0.04343421323325512,0.24256476703975136,0.3515151005419377,-0.48265110750977563,-0.16743754491070884,-0.3295550906616761,5.936058179846395e-07,0.25099380387926257,0.25099380387926257,981,0.13509431911603076,0.243015399575131,0.19002228866207801,0.42260137723292257,0.10205279902242975,0.5869967414825326,0.3,0.02057505980111115,0.07295487406197541
23429348,Pine Creek,17060104000487,10.4499,0.03104812,728.5525520471966,8.104960651201447,21.298170137117427,63.81801683237308,49.616,,,,,,,,,,,,4.034728946552705,28.683171340440815,46.58892917216261,UGR,August/September,3.345871356194351,10.97726822898409,DA+PPT+SLOPE,0,0.21395199996554062,0.7019422571047921,DA+PPT,0,0.707750261935398,2.322015295063642,DA+PPT,0,1.5423908018027834,5.060337276255851,DA+PPT+SLOPE,0,0.0,0.0,0.707750261935398,2.322015295063642,0.6977012775940594,0.6977012775940594,0.008300752954941109,0.01678498461952154,0.007592854735023754,0.013808972281935861,0.18031279095660344,0.23991300250710876,-0.4381299235002242,-0.2602715175228349,-0.2940057042419171,1.6045382602147022e-06,0.823540714047914,0.5480119693983678,981,0.1503514252684254,0.6312784943897183,0.19771412209222863,1.0286921257089159,0.09790077252351513,0.37152908941180635,0.3,0.005381744331747174,0.010882446005190675
23429350,Scout Creek,17060104000488,9.54,0.09023379,740.3866494179246,6.716672533867924,28.752685220608882,82.51443992237643,30.375,,,,,,,,,,,,3.683414592494933,29.149080685745062,44.09001056096226,UGR,August/September,3.538402979934689,11.608933661203046,DA+PPT+SLOPE,1,0.21249704536463251,0.6971687840046998,DA+PPT,0,0.7038958439240214,2.30936956667986,DA+PPT,0,1.6736453164270284,5.4909623242356576,DA+PPT+SLOPE,1,0.0,0.0,0.7038958439240214,2.30936956667986,0.6981129421364086,0.6981129421364086,0.003723736682441368,0.006622424266423731,0.004212502714277317,0.00991209825642641,0.14678097197456205,0.21481034839777718,-0.46184356621317796,-0.3364110281680618,-0.19753290290448292,1.8797878719792314e-06,1.2484237721847342,0.10595374183149384,981,0.14949970696567572,0.9025723403189578,0.16534244566467612,0.8996651019931996,0.09315071996826546,0.26039410402842034,0.5,0.002224925822629471,0.00395688632556961
23429352,Scout Creek,17060104000489,5.5359,0.05630385,756.2757074703301,6.613437238156397,21.62573848821149,64.65742367648433,28.883,,,,,,,,,,,,2.137422939475126,29.774634152375203,43.90418702868151,UGR,August/September,2.6806653459503846,8.794833812173177,DA+PPT+SLOPE,0,0.19424565608251437,0.6372888979085117,DA+PPT,0,0.6546961976068261,2.14795340422187,DA+PPT,0,1.193256565326467,3.9148837445094062,DA+PPT+SLOPE,1,0.0,0.0,0.6546961976068261,2.14795340422187,0.7033041328289988,0.7,0.00347504186500697,0.006003390375880728,0.004380221579758207,0.008678078706905418,0.1491013821656892,0.20549812401249307,-0.43900376057028295,-0.27211990154707033,-0.2844961163028885,1.2094542860276345e-06,0.6881165597403422,0.2848496601311833,981,0.1373932853722612,0.6991006142323162,0.17518049364218286,1.0489001980724613,0.07629613202170302,0.33304053051895316,0.3,0.0029122336017118177,0.005031097712199254
23429354,Sheep Creek,17060104000490,21.3525,0.03818297,623.0381556783982,7.0576056442613275,27.756946186105253,80.06176768222852,19.1645,,3.1532310801405643,2.9515213206028683,0.004036909425030031,,,,Spawning and rearing,1.0,,,8.244246340277575,24.529061247181033,44.70369015967039,UGR,August/September,4.352322406227993,14.27927298631231,DA+PPT+SLOPE,0,0.22132349048903618,0.7261269372999875,DA+PPT,0,0.7270274339662266,2.3852606101254152,DA+PPT,0,2.032493030929131,6.668284222208435,DA+PPT+SLOPE,0,0.0,0.0,0.7270274339662266,2.3852606101254152,0.6955775254839729,0.6955775254839729,0.015955755015119866,0.03253253856873417,0.011265833067287893,0.020145172164707827,0.20691440663655622,0.27209694211007,-0.4806422728097183,-0.300250239468241,-0.2078416546547529,2.308311868140619e-06,1.163702199980494,0.7919134042095929,981,0.15460420376154382,0.6795840641712284,0.2050137862160545,1.086969553898985,0.10425690623295687,0.3447796173549265,0.5,0.007850336887908479,0.016006223919922763
23429356,Sheep Creek,17060104000491,10.9125,0.03533857,664.7467762870102,6.552194836214433,20.985458010399594,63.01494536777796,16.807,,2.9877935981973156,2.389337072077445,0.004095728409925718,,,,Spawning and rearing,1.0,,,4.21333980509444,26.171132924685445,43.79395070518598,UGR,August/September,3.2891368019679676,10.791131240052387,DA+PPT+SLOPE,0,0.20318100041020637,0.6666043320544828,DA+PPT,0,0.678641531953973,2.2265142124474178,DA+PPT,0,1.4688141510797343,4.818944065222225,DA+PPT+SLOPE,0,0.0,0.0,0.678641531953973,2.2265142124474178,0.700606298254103,0.7,0.006528991496356106,0.012770051244757438,0.006190085586291819,0.011319686313445997,0.16815779638112166,0.22453194098766527,-0.44071241318867443,-0.26276557668937894,-0.29033192453565476,1.2560624961927257e-06,0.7846597398690348,0.49079354458457647,981,0.1437120491387434,0.6474066286572867,0.18637656070913214,1.0329228256540224,0.0867638760378699,0.36052823988293986,0.3,0.0044450766569457435,0.00869412323905655
23429358,Sheep Creek,17060104000492,5.7609,0.05045071,673.2066691876269,6.3536502105608506,19.193515051387273,58.378913025734164,15.637,,,,,,,,,,,,2.2242959251471763,26.50419957431602,43.43657037900953,UGR,August/September,2.5458981077377123,8.352684080504305,DA+PPT+SLOPE,0,0.18139233354512374,0.5951192045443692,DA+PPT,0,0.6192591625239283,2.0316901657609194,DA+PPT,0,1.078841002606778,3.5395046017282743,DA+PPT+SLOPE,1,0.0,0.0,0.6192591625239283,2.0316901657609194,0.7070817122740356,0.7,0.0031870914540804026,0.0057287118528650755,0.004041011319607334,0.007952026222819592,0.14457496608081655,0.19959941672436285,-0.4485007610057606,-0.26285514849732733,-0.28460307917730465,1.0274747595214105e-06,0.5741086083144377,0.2895231968525011,981,0.1283033348813627,0.6625640106283012,0.1633462937297904,1.0288140482375343,0.06345312714224488,0.34906176177060383,0.3,0.0029541808722318755,0.005310061296356854
23429360,Smith Creek,17060104000493,11.8809,0.0101385,726.3607690970381,7.594633267934247,16.17126259780562,50.41383442782168,23.302,,3.0614393324662195,2.7657748021429764,0.004893900472121593,,,,Spawning and rearing,1.0,,,4.587241135426945,28.596880673111738,45.670339882281645,UGR,August/September,3.226120585510643,10.584385123066413,DA+PPT+SLOPE,0,0.21881625732179633,0.7179011066988068,DA+PPT,0,0.7207101374197027,2.364534571586951,DA+PPT,0,1.4613905592356913,4.794588448935995,DA+PPT+SLOPE,0,0.0,0.0,0.7207101374197027,2.364534571586951,0.6963879846269325,0.6963879846269325,0.020173651566344212,0.059839010179315075,0.01649860969901531,0.03213037055023477,0.23095713389322758,0.3179107727663558,-0.46117305576184825,-0.20409112768998747,-0.3182372068491489,1.1337811609262126e-06,0.5397759665219591,0.5397759665219591,981,0.15319669079280263,0.42481812710867545,0.2177004067319737,0.7684759485106727,0.1111230486897787,0.5066337072618723,0.3,0.013804421712492142,0.04094662429638996
23429362,South Fork Spring Creek,17060104000494,27.7173,0.016,717.1816075043673,7.259492218581681,23.284689524461466,68.88112555566165,22.898,,3.678664765044833,3.6385594417821068,0.004232619374093709,,,,Spawning and rearing,1.0,,,10.701709358968536,28.23549635843966,45.06708599344702,UGR,August/September,4.907359539215774,16.10026095543233,DA+PPT+SLOPE,0,0.25501072719369655,0.8366493674333876,DA+PPT,0,0.8155129099025301,2.6755672897064633,DA+PPT,0,2.446802750115352,8.027568077806272,DA+PPT+SLOPE,0,0.0,0.0,0.8155129099025301,2.6755672897064633,0.6873001958679288,0.6873001958679288,0.025585190792613503,0.06372636999039363,0.014060413074648066,0.022999854896540255,0.22279367696409802,0.28438609993326436,-0.4265461659446833,-0.2504429596714451,-0.30895046130922343,2.7583514775448334e-06,1.2675628934519438,1.2019308916212637,981,0.17415807568905198,0.5767178003830546,0.2507233986588445,1.003461691771495,0.14174135720322964,0.41266936685436534,0.3,0.010456580854916612,0.02604475166107661
23429364,South Fork Spring Creek,17060104000495,25.0911,0.01819074,718.8427873900786,7.201917064046414,23.50659480388302,69.4427527933394,27.537,,3.625061578281554,3.217589972743428,0.0038118815038890247,,,,Spawning and rearing,1.0,,,9.687727870204364,28.30089714134168,44.96345071528354,UGR,August/September,4.745024596112592,15.567665997744724,DA+PPT+SLOPE,0,0.25059892765712427,0.8221749595050009,DA+PPT,0,0.8041055670252767,2.638141624098677,DA+PPT,0,2.3515086087630905,7.714923257096753,DA+PPT+SLOPE,0,0.0,0.0,0.8041055670252767,2.638141624098677,0.6883507117303085,0.6883507117303085,0.021784101666752636,0.051402947112545394,0.012648751848605094,0.020841596733151276,0.21518117538169113,0.27519697945899635,-0.42638381452406804,-0.255243025505005,-0.30572440812232177,2.660908203831399e-06,1.2490462443955557,1.1562305778306323,981,0.17162318534744,0.5956713725765226,0.245177207889003,1.032798032488998,0.13643819643546742,0.39973171800325685,0.3,0.009263883442983107,0.021859561526157326
23429366,South Fork Spring Creek,17060104000496,19.6857,0.02317624,720.9272036514425,7.118086986661637,23.48426819665527,69.38628028408579,28.462,,3.3553710967116093,3.0823733904826325,0.0035002175215518745,,,,Spawning and rearing,1.0,,,7.600691262419027,28.38296077367884,44.812556575990946,UGR,August/September,4.339560615362615,14.237403593709365,DA+PPT+SLOPE,0,0.2397327154217149,0.7865246568953901,DA+PPT,0,0.7758350993933724,2.5453907460412477,DA+PPT,0,2.112423890025822,6.930524573575531,DA+PPT+SLOPE,0,0.0,0.0,0.7758350993933724,2.5453907460412477,0.6910004257229886,0.6910004257229886,0.01525144103847703,0.03292683304816283,0.010135407339739187,0.017201080170472085,0.19981721780237607,0.2581379796493412,-0.4275785754181967,-0.26249255768264246,-0.29979345955942155,2.421044071833249e-06,1.1617850364644446,0.9638930583644697,981,0.16536177671378927,0.627851065813129,0.22950431142979047,1.0632990207830597,0.12405517685309243,0.37803366567702207,0.3,0.007219877180185932,0.015587228114410472
23429368,South Fork Spring Creek,17060104000497,8.6328,0.03240373,727.6105195681819,6.999131248430984,19.998823866940697,60.46974602308326,25.726,,,,,,,,,,,,3.3331427142652266,28.646083447566216,44.59843624717577,UGR,August/September,3.0745438046088593,10.087085973126179,DA+PPT+SLOPE,0,0.20613145393581958,0.6762842976896968,DA+PPT,0,0.6867805544695545,2.253217042222948,DA+PPT,0,1.3898427187472362,4.559851439459436,DA+PPT+SLOPE,1,0.0,0.0,0.6867805544695545,2.253217042222948,0.6998583425312204,0.6998583425312204,0.007030646996388701,0.013790823181434738,0.007086855857491521,0.013044461789319424,0.17573275712712672,0.23540122668969343,-0.4419642618425403,-0.2579528719753072,-0.292996010324661,1.1488406016526346e-06,0.7279396205467336,0.44758088791726724,981,0.1457437985164166,0.6255599500771872,0.18874109322967736,1.0040378369021432,0.09052711127259028,0.3736215572221796,0.3,0.005058591811543915,0.009922578285595786
23429370,South Fork Spring Creek,17060104000498,4.7997,0.04130697,730.6750481070692,6.913554917172323,17.956737198927915,55.142977446252665,27.058999999999997,,,,,,,,,,,,1.8531745303561773,28.76673417744367,44.44439885091018,UGR,August/September,2.403334688301714,7.884956326449192,DA+PPT+SLOPE,1,0.18482858568691982,0.606392997660498,DA+PPT,1,0.6288748639328356,2.0632377425617965,DA+PPT,1,1.0296868879416514,3.378237821330877,DA+PPT+SLOPE,1,0.0,0.0,0.6288748639328356,2.0632377425617965,0.706096401228306,0.7,0.004037106232293209,0.007388557717634872,0.005278979114159482,0.0101792708008919,0.15785734038735869,0.21672327557633228,-0.452940642134053,-0.252578326311743,-0.28920205244004454,7.62784959537334e-07,0.5180110214517115,0.272079142994624,981,0.13073300171936952,0.6146960291276675,0.16686818969384745,0.9722466973958648,0.06771591222813875,0.37596562887784646,0.3,0.003920712480240864,0.0071755383157346316
23429376,Syrup Creek,17060104000501,11.3895,0.02314562,660.7009751935203,7.162153722133543,20.05064446916174,60.60386886313197,15.7365,,3.2791767507993494,2.604033798275206,0.00534679912158371,,,,Spawning and rearing,1.0,,,4.397510534719188,26.01184941706773,44.89187669984038,UGR,August/September,3.2272396381558774,10.58805655562952,DA+PPT+SLOPE,0,0.20402806381956595,0.6693834114815156,DA+PPT,0,0.6809126524527408,2.2339653951861576,DA+PPT,0,1.4277221333963752,4.684127734240076,DA+PPT+SLOPE,0,0.0,0.0,0.6809126524527408,2.2339653951861576,0.7003608861068613,0.7,0.010884617440549646,0.02578571039392503,0.00966844704665749,0.017437651133961833,0.19413305666282862,0.25931600855726933,-0.45448935837243687,-0.2343510844490575,-0.3014911101318481,1.2394989656358953e-06,0.6407669845636044,0.5653505147387957,981,0.14431321882376283,0.5363137464698013,0.19791740928978185,0.9425203564772661,0.09053946709851396,0.42921373467294377,0.3,0.007623764586920342,0.01806073450201686
23429378,Syrup Creek,17060104000502,6.9876,0.03998114,678.7102088678515,6.993533572295209,20.52220295093332,61.822090410366876,21.834,,2.840431635590947,2.419417179104205,0.003978039072882748,,,,Spawning and rearing,1.0,,,2.697927443031195,26.720874364876046,44.588360430131374,UGR,August/September,2.739191298752703,8.98684809302068,DA+PPT+SLOPE,0,0.18919168385747337,0.6207076242043089,DA+PPT,0,0.6406908246430079,2.102004017857637,DA+PPT,0,1.1814966416026667,3.8763013175940504,DA+PPT+SLOPE,1,0.0,0.0,0.6406908246430079,2.102004017857637,0.7047067375080784,0.7,0.005240179024380129,0.010194626630667255,0.005887357004557318,0.011071464569349971,0.16420712767719883,0.22287859337856947,-0.4520839026383258,-0.2511533839198362,-0.2908753564372805,1.0685129227004275e-06,0.5851235364702394,0.38785600564909706,981,0.13381676721665714,0.6048521326122323,0.17503790452788714,1.0042700402308156,0.07242220962120241,0.3815460845727249,0.3,0.004435204333100748,0.008628570130202429
23429380,Warm Creek,17060104000503,35.9055,0.00194407,681.4750373188621,7.486958453183106,13.51893407893003,43.24544412567971,19.212,,3.9328482808800826,3.29489736669514,0.004285871643646678,,,,Rearing and migration,1.0,,,13.863191053545792,26.82972587869536,45.47652521572959,UGR,August/September,4.509923749250645,14.796337760008678,DA+PPT+SLOPE,0,0.2591056680822842,0.8500842128683864,DA+PPT,0,0.8259421271594548,2.7097838817567412,DA+PPT,0,2.1371515744740446,7.011652147224555,DA+PPT+SLOPE,0,0.0,0.0,0.8259421271594548,2.7097838817567412,0.6862907707911818,0.6862907707911818,0.0654184432842116,0.23413853008838126,0.03413634119134146,0.06465078205433822,0.29243211760227583,0.4013512262756559,-0.4419439046038057,-0.17537621610268297,-0.3485435381021698,1.1453226232745048e-06,0.521347370473472,0.521347370473472,981,0.1764754060216896,0.26261390607493645,0.2577843619293093,0.44839214186876614,0.17491814838894573,0.5850222845445193,0.3,0.030610109299482494,0.10955635196160712
23429382,Warm Creek,17060104000504,12.9294,0.12090143,735.9527886607267,6.959953461701239,37.04716995305338,102.51125289508448,21.704,,3.5373315592362404,3.119602913756271,0.004710962635514499,,,,Rearing and migration,1.0,,,4.9920692486587,28.97451923861129,44.52791623106223,UGR,August/September,4.154678132088993,13.63083376669617,DA+PPT+SLOPE,1,0.22428534253457408,0.7358442996541144,DA+PPT,0,0.7352526064284397,2.4122460840828075,DA+PPT,0,2.0396717479836344,6.691836443515861,DA+PPT+SLOPE,1,0.0,0.0,0.7352526064284397,2.4122460840828075,0.6949547127427923,0.6949547127427923,0.003421393631637162,0.006790899925305007,0.003564990996796834,0.009255695038578555,0.1374435991140636,0.20995989437121954,-0.4510024003617672,-0.3489086906150073,-0.1965239180264286,2.5317469716884464e-06,1.680256901169356,0.11674803733146372,981,0.15640145007427578,0.9861599065667782,0.16207093591448804,0.9044508083920622,0.10395105300047157,0.24007599932948478,0.5,0.0016774236516338774,0.0033294082403299997
23429384,Warm Spring Creek,17060104000505,6.4899,0.05880999,672.6312538653445,7.1116766027666065,24.441804463796004,71.80142505136563,24.334,,,,,,,,,,,,2.505764398724619,26.481545427769472,44.80101788497989,UGR,August/September,2.7221655095457336,8.93098920454637,DA+PPT+SLOPE,0,0.18545333530747043,0.6084427011399949,DA+PPT,0,0.6304298896972745,2.068339533127541,DA+PPT,0,1.172453653529962,3.8466327215549927,DA+PPT+SLOPE,1,0.0,0.0,0.6304298896972745,2.068339533127541,0.7058303574462133,0.7,0.004057616504261189,0.007518846430310078,0.004758951168853921,0.009222097674188036,0.15299331336280395,0.20970554100435643,-0.4489544369833431,-0.25936181046196366,-0.2869248013858392,8.753283576557266e-07,0.6101077491588093,0.29039911139120606,981,0.1311737664119759,0.6403700749243301,0.16668882089594902,0.9832410682044558,0.06797406772265625,0.35965503160170165,0.3,0.0034607905327811725,0.006412915689820856
23429388,Watermelon Creek,17060104000507,5.5368,0.11088692,784.51302263329,5.507064199491223,29.558985568569206,84.49153810282446,17.179,,,,,,,,,,,,2.1377704314178145,30.886339473751576,41.912715559084205,UGR,August/September,2.89201148176852,9.488226646222177,DA+PPT+SLOPE,1,0.19896212822140943,0.6527628878655165,DA+PPT,0,0.6675799110050906,2.1902228051348116,DA+PPT,0,1.3317616340873273,4.3692966997615725,DA+PPT+SLOPE,1,0.0,0.0,0.6675799110050906,2.1902228051348116,0.7019650757287508,0.7,0.003319237049942368,0.005857763117438583,0.004483609880064409,0.01020652088283439,0.14944512687754466,0.21691649390033615,-0.47357868563942257,-0.3238122783369815,-0.1981254261435314,1.5639389697903512e-06,0.9206812153518165,0.09086573568946005,981,0.14072791760754824,0.8401936069680341,0.16575713437156375,0.8932695394459855,0.07994106556609892,0.27962960863602043,0.5,0.002492365724454198,0.0043985071858996605
23429392,West Chicken Creek,17060104000509,18.0648,0.01887908,698.6448372712235,6.295760284314966,24.97524894714819,73.14097776811757,56.316,1.245,2.8162568823351246,2.6294685353641745,0.0036483358150286903,3.370642775110995,0.6188284176420686,0.006377608308998379,Spawning and rearing,1.0,Rearing and migration,1.0,6.974858273637577,27.505702254772583,43.33236851176694,UGR,August/September,4.034589985926558,13.236843785848286,DA+PPT+SLOPE,0,0.2310499120474627,0.7580377691845889,DA+PPT,0,0.7529890012989581,2.4704363559677103,DA+PPT,0,1.9094808916222412,6.2647010879994784,DA+PPT+SLOPE,0,0.0,0.0,0.7529890012989581,2.4704363559677103,0.6931563254590896,0.6931563254590896,0.020715749015064497,0.05356177701949056,0.013926076578950309,0.02405482919569259,0.22041443959161616,0.2886694063989815,-0.44429290691568957,-0.23165960794494542,-0.3101214085604146,1.4141232966410595e-06,0.8631129496728518,0.8631129496728518,981,0.16031461520906834,0.5140924875878149,0.22987167707221856,0.9305491885262057,0.1191074195786961,0.4462355718413795,0.3,0.010848890452873282,0.028050438867699787
23429394,West Chicken Creek,17060104000510,9.1035,0.06492721,706.4813946141375,6.15424123048443,30.59843040240002,87.02892812815855,48.931,0.123,2.414541362429465,2.1520775766803215,0.0033325213472778703,2.358151001571653,0.5119818746052798,0.008760175579786056,Spawning and rearing,1.0,Rearing and migration,1.0,3.514881000291156,27.81422813441486,43.07763421487198,UGR,August/September,3.2879350221306662,10.787188392817146,DA+PPT+SLOPE,0,0.20425448621067024,0.6701262670953748,DA+PPT,0,0.6816637924565033,2.236429765277242,DA+PPT,0,1.5031466125953659,4.931583374656712,DA+PPT+SLOPE,1,0.0,0.0,0.6816637924565033,2.236429765277242,0.7003589035078408,0.7,0.008967485631334144,0.01646069823637995,0.009015067331264408,0.017335350461791507,0.1907866546962058,0.25880790784299723,-0.4872246406188901,-0.2985229425764204,-0.20523734947342506,1.2443807141282378e-06,0.8565064935792982,0.4699028735544049,981,0.14447211309042676,0.6847525241779384,0.18503086882714825,1.0744153463504398,0.08759283014970864,0.3391950942063349,0.5,0.005965809027670752,0.010950826817856807
23429398,West Fork Beaver Creek,17060104000511,15.5439,0.04792944,824.8533578015171,5.4484089021249495,31.043975019265023,88.11273168096628,13.4695,,3.642186729670537,3.2352676703347845,0.0028516957569786356,,,,Spawning and rearing,1.0,,,6.0015333421679244,32.47454164572902,41.80713602382491,UGR,August/September,4.439687046629418,14.565902383954782,DA+PPT+SLOPE,0,0.2502706697808294,0.8210979979686004,DA+PPT,0,0.8035959942745676,2.636469797488739,DA+PPT,0,2.278426528441268,7.475152652366365,DA+PPT+SLOPE,0,0.0,0.0,0.8035959942745676,2.636469797488739,0.688561576259776,0.688561576259776,0.013112317310223645,0.023063249741515236,0.01000273898085854,0.0195785158847083,0.19951451133776044,0.2695214012728572,-0.45438525546641567,-0.32967360907934384,-0.20593839647338189,2.5469912199723235e-06,1.6017690184364373,0.8153997573453011,981,0.17149358697644693,0.791453554495979,0.2232605044207872,1.2055002375653707,0.1324838032871931,0.29876599846995544,0.5,0.005754987991293328,0.010122446106389665
23429400,West Fork Beaver Creek,17060104000512,6.9831,0.06492496,858.8466058306483,5.074188395398892,26.616295453280326,77.23652379987631,13.723,,,,,,,,,,,,2.696189983317754,33.812858497269616,41.13353911171801,UGR,August/September,3.2239766430018553,10.577351190950969,DA+PPT+SLOPE,0,0.2206323685249625,0.7238594767879347,DA+PPT,0,0.7259123284077877,2.381602127322138,DA+PPT,0,1.5600500820370604,5.118274547365684,DA+PPT+SLOPE,1,0.0,0.0,0.7259123284077877,2.381602127322138,0.696061962456408,0.696061962456408,0.006438280620889547,0.010629508130557177,0.007245871621825653,0.015132984032920354,0.17727356704171393,0.2473478793564088,-0.4679504978038362,-0.3224919595533931,-0.20231167102094502,1.9044617273927612e-06,1.0619146957146395,0.47560932694189473,981,0.1543310153346676,0.7950430959437045,0.19739339024132233,1.204436987677403,0.10240592404839005,0.29635064171564757,0.5,0.0041269704703855775,0.006813568521260245
23429402,,17060104000513,6.8229,0.08570716,974.6637139533043,7.111740473341248,28.463990235322214,81.80461214280888,8.018,,,,,,,,,,,,2.6343364175192536,38.37258716351592,44.80113285201425,UGR,August/September,3.4873896897194943,11.441567223489153,DA+PPT+SLOPE,0,0.23859341006858414,0.7827867784402367,DA+PPT,0,0.7735758469295234,2.5379785004249453,DA+PPT,0,1.79157041492025,5.8778556919955705,DA+PPT+SLOPE,1,0.0,0.0,0.7735758469295234,2.5379785004249453,0.6915707606233973,0.6915707606233973,0.0038237436815446494,0.007492594155453243,0.004694751273710306,0.011627408877501693,0.15079103380869907,0.22654839073808009,-0.44643285154056733,-0.35014800875734636,-0.19872438842837603,2.247221028052331e-06,1.513371113901297,0.09433099842738946,981,0.16482758165672273,0.9669515506479899,0.1667029413808979,0.8526521683787921,0.1187669328340218,0.24714672321164968,0.5,0.00213429717844211,0.004182137689400708
23429410,Buzzard Creek,17060104000517,11.3481,0.08334185,1071.4963744151003,6.57813085973511,33.7432318796063,94.63224223830505,9.37,,,,,,,,,,,,4.38152590535553,42.18489663051576,43.8406355475232,UGR,August/September,4.614238777885755,15.138578667604182,DA+PPT+SLOPE,0,0.2796660442353949,0.9175395152079884,DA+PPT,0,0.8797070266889023,2.886177909084325,DA+PPT,0,2.6041636749005193,8.543844077757608,DA+PPT+SLOPE,0,0.0,0.0,0.8797070266889023,2.886177909084325,0.6820918376791648,0.6820918376791648,0.004322429403182009,0.009862587805930908,0.004450689002219657,0.012412665446109094,0.14498755544831143,0.2315376832150695,-0.41961248326108946,-0.3760523503436956,-0.19988447739299536,4.12946948193838e-06,2.633644915114698,0.13609620911892825,981,0.18840173413963945,1.1029057267663154,0.1768117966566323,0.8992714641582481,0.16136539774193684,0.21944557496512868,0.5,0.0016598147976805368,0.0037872380684012366
23429418,,17060104000521,8.8497,0.05534271,843.5944618448083,7.910765351103428,25.62054990877005,74.7559338430172,29.402,,2.013830451828432,2.640567998441969,0.0032989459613200897,,,,Rearing and migration,1.0,,,3.4168882724530834,33.212380387590876,46.23937763198617,UGR,August/September,3.512720702786724,11.52467422174122,DA+PPT+SLOPE,0,0.22813008268104423,0.7484582765126123,DA+PPT,0,0.7457287436110883,2.4466166128972713,DA+PPT,0,1.7219503890878736,5.649443533752866,DA+PPT+SLOPE,1,0.0,0.0,0.7457287436110883,2.4466166128972713,0.6940843642738567,0.6940843642738567,0.0044205621619199525,0.007220624998023013,0.004505193797988615,0.00928007707520304,0.15176366171086572,0.21014409668165707,-0.41531342334096816,-0.2964588774416727,-0.2837225054193704,2.233110869331558e-06,1.194790680638969,0.5183199735526453,981,0.15869926556773223,0.8063831457995341,0.20377479390688746,1.204439222852955,0.10950970822579383,0.29236285576317145,0.3,0.0025671832300938405,0.004193282828460474
23429428,Eagle Creek,17060104000526,14.418,0.07922592,1147.2103169850186,6.466030365043696,42.45091770297696,115.18532796210926,11.873000000000001,,,,,,,,,,,,5.566820921864984,45.16576051122121,43.63885465707865,UGR,August/September,5.3128578805364315,17.43063609099879,DA+PPT+SLOPE,0,0.3060770238386165,1.0041897107566158,DA+PPT,0,0.9464106159594562,3.1050217059037277,DA+PPT,0,3.163363532807724,10.378489280865235,DA+PPT+SLOPE,0,0.0,0.0,0.9464106159594562,3.1050217059037277,0.6765917259620757,0.6765917259620757,0.00799390047260183,0.017002813447633196,0.0066626800196323875,0.017423488970061237,0.16861835876392192,0.25924578750802785,-0.4095375805046972,-0.37985515473521564,-0.2039445847404548,5.974805273146013e-06,3.199067058113517,0.1905643061567131,981,0.20332838623939783,1.055896016113979,0.19869707550376414,0.9080410959586594,0.19055386455714304,0.2301304322497851,0.5,0.0025270255503978194,0.005374916057321403
23429434,Moses Creek,17060104000529,5.3433,0.01273885,702.7712005521307,8.284097124384369,12.939794954143762,41.654383517486984,31.909,,,,,,,,,,,,2.063059663739851,27.66815750205239,46.91137482389186,UGR,August/September,2.2417675305239597,7.354880349488057,DA+PPT+SLOPE,0,0.18390481683501564,0.6033622599574003,DA+PPT,0,0.6262600470992968,2.0546589471761707,DA+PPT,0,0.9257343457864661,3.037186173840112,DA+PPT+SLOPE,1,0.0,0.0,0.6262600470992968,2.0546589471761707,0.7063443250342671,0.7,0.009594459360344747,0.02723617090596873,0.011556872983120968,0.024581257316639946,0.20283563494452472,0.29076002509880794,-0.4826121974420439,-0.19441793728995957,-0.31141299228487546,5.977823206873197e-07,0.3087078275654082,0.3087078275654082,981,0.1300786048166677,0.3999747381405119,0.18296699605117187,0.7525595680934951,0.07441630742390676,0.5177920922732673,0.3,0.010364160521875944,0.029421152007523273
23429440,Moses Creek,17060104000532,8.5824,0.01734338,691.4065365633388,8.383713286888634,16.598271614550576,51.55139070157489,32.108,,,,,,,,,,,,3.3136831654746874,27.220729785958223,47.09068391639954,UGR,August/September,2.8336791335903984,9.2968475511496,DA+PPT+SLOPE,0,0.1991461808561434,0.653366735092334,DA+PPT,0,0.6678181134732855,2.191004309295556,DA+PPT,0,1.231505913397027,4.040373731617542,DA+PPT+SLOPE,1,0.0,0.0,0.6678181134732855,2.191004309295556,0.7017957781642145,0.7,0.011204401580802343,0.029450756360592547,0.011012692930441938,0.021316736092633962,0.20163277772123342,0.27727256680516743,-0.46460312135603554,-0.21789657539701063,-0.30648761031651184,8.04623095066822e-07,0.49689414317939395,0.49689414317939395,981,0.1408591970538238,0.4806385430861565,0.19813063688817342,0.8849487961475883,0.08703508737077467,0.4665836196154283,0.3,0.009098130556186895,0.0239144254527813
23429442,Moses Creek,17060104000533,15.372,0.05226467,675.3849510859484,8.523556983552108,27.846476318445905,80.28280700380793,46.124,,,,,,,,,,,,5.935162381114478,26.5899587041712,47.342402570393794,UGR,August/September,4.0090029108000085,13.152896688976405,DA+PPT+SLOPE,0,0.2191487370405848,0.7189919194244908,DA+PPT,0,0.7214323209539936,2.366903940137774,DA+PPT,0,1.8885208008773058,6.195934386080399,DA+PPT+SLOPE,0,0.0,0.0,0.7214323209539936,2.366903940137774,0.6962310522062677,0.6962310522062677,0.00946185061392789,0.017608004181348454,0.00793530891950081,0.015492881102430455,0.18390993112455054,0.24929337046020578,-0.4716641623998206,-0.317083383610452,-0.20331714507022655,2.3153659918467677e-06,1.2046500864150755,0.6460801062483672,981,0.1533652317509147,0.7611996287942226,0.19742039028246033,1.1610231865715517,0.10097840005611211,0.30708610510860357,0.5,0.005010191367514946,0.009323701477457234
23429448,,17060104000536,4.4118,0.07332022,763.8772870379437,8.036403576621787,21.34278475620877,63.93245220282041,41.726,,2.759403281610598,2.6195636887374487,0.004349826497913429,,,,Rearing and migration,1.0,,,1.7034055030575628,30.07390893850172,46.465526437919216,UGR,August/September,2.4829310805279645,8.146099345564188,DA+PPT+SLOPE,1,0.1872454364518115,0.6143222980702476,DA+PPT,1,0.6355947181438275,2.085284508345891,DA+PPT,1,1.0914189071823408,3.580770692855449,DA+PPT+SLOPE,1,0.0,0.0,0.6355947181438275,2.085284508345891,0.7054012075515075,0.7,0.0021829307515470325,0.0035798139754983005,0.003133878197460909,0.00665266205797413,0.13275564827435224,0.18807532497259793,-0.43707145459109004,-0.2798513057108861,-0.27994336150056287,9.501086126604883e-07,0.6678818845664127,0.0959388494413532,981,0.1324406616651015,0.7511410963384673,0.17501893234650673,0.9272256035443487,0.06837242685394267,0.3102495789773334,0.3,0.002000085152622645,0.003279963313756511
23429450,North Fork Cabin Creek,17060104000537,10.4355,0.07637228,949.3560725053903,7.400776757490298,28.508882612144454,81.9150588656613,30.935,,2.8065629666232255,2.7830188629298345,0.004298313155135954,,,,Spawning and rearing,1.0,,,4.029169075469694,37.376223326983876,45.321398163482534,UGR,August/September,4.138666706397582,13.578302842511752,DA+PPT+SLOPE,0,0.25430092130694937,0.8343206079624322,DA+PPT,0,0.8143839724113452,2.671863426546408,DA+PPT,0,2.191628611093155,7.190382582326623,DA+PPT+SLOPE,0,0.0,0.0,0.8143839724113452,2.671863426546408,0.6877383029113667,0.6877383029113667,0.0039056142309690464,0.008060726919946345,0.004209655790080312,0.01105327983865997,0.14459930272814434,0.22275650148515613,-0.4344597561191647,-0.36288574397062495,-0.19844484412012997,3.2040033127216965e-06,2.009038870917721,0.11097671263344165,981,0.17387175570197627,1.0390560738340726,0.1669445722935335,0.8715127869785501,0.1345337450415928,0.22996576123964585,0.5,0.0017820602501721213,0.0036779620776741747
23429452,,17060104000538,12.4587,0.02147982,829.8786381813914,7.895604430183485,20.08243800199612,60.68613266241861,39.477000000000004,,3.160331953213542,2.977864256063599,0.004935747146339651,,,,Rearing and migration,1.0,,,4.81033096263277,32.67238732997604,46.212087974330274,UGR,August/September,3.763241680893161,12.346593441250526,DA+PPT+SLOPE,0,0.24089540071312837,0.7903392411848044,DA+PPT,0,0.7792108586829068,2.5564660717943135,DA+PPT,0,1.8518169805054225,6.075515027904929,DA+PPT+SLOPE,0,0.0,0.0,0.7792108586829068,2.5564660717943135,0.6908469664805343,0.6908469664805343,0.013272289454626095,0.027494265367555178,0.01029325504656443,0.017661311151047188,0.20059823553113307,0.26041998763838725,-0.427218936255733,-0.2622910964973262,-0.30019671220037625,2.1433117830863787e-06,1.0264632409923886,0.9104140340881429,981,0.16609678160285152,0.6283545112493448,0.23366898463820757,1.0995356432094874,0.12537891880146962,0.3791140568913264,0.3,0.007167171267110665,0.014847182878758934
23429454,,17060104000539,7.6824,0.05252842,876.031087037254,7.771553893567244,22.913381555742216,67.93964270157824,33.234,,2.704950649498726,2.6771643732137083,0.004511525954604108,,,,Rearing and migration,1.0,,,2.9661912227864864,34.489412875482444,45.98879700842104,UGR,August/September,3.3431559866321483,10.968359536194711,DA+PPT+SLOPE,0,0.22760893916827538,0.7467484880848929,DA+PPT,0,0.7444393740088511,2.442386397666834,DA+PPT,0,1.6389479859285807,5.377125938085895,DA+PPT+SLOPE,1,0.0,0.0,0.7444393740088511,2.442386397666834,0.6942545664362332,0.6942545664362332,0.0038715460560068047,0.006171942942504266,0.004217745499233776,0.008799511923569934,0.14822264157389783,0.2064522061146933,-0.4144406580618196,-0.2985520659925976,-0.28278953044634897,2.192035011179981e-06,1.1585784895916804,0.14675629972971782,981,0.15840710575512523,0.8222833349109095,0.19757253589736387,0.9593453685152351,0.10875090799776183,0.28704104964271887,0.3,0.0023622141088347585,0.003765795495338689
23429456,South Fork Cabin Creek,17060104000540,6.3783,0.12529635,1083.5737773797093,6.755766145900945,28.534065156816656,81.97700340774858,17.3845,,2.278934565317038,2.632161665615056,0.004111984515836444,,,,Spawning and rearing,1.0,,,2.4626753978312825,42.660384936209034,44.1603790626217,UGR,August/September,3.6887153700799127,12.102084547506275,DA+PPT+SLOPE,1,0.25243660250511474,0.8282040764603501,DA+PPT,0,0.8098895015456219,2.657117787223169,DA+PPT,0,1.9900801139033237,6.529134231966285,DA+PPT+SLOPE,1,0.0,0.0,0.8098895015456219,2.657117787223169,0.6883073530112988,0.6883073530112988,0.0013078949403801075,0.0040565163328818606,0.0020694273805023635,0.00699457715225866,0.1022228276553959,0.19124370773217264,-0.42589567123782246,-0.37730802168207417,-0.19472687969960098,4.020501052675113e-06,2.1927741690888833,0.08361301687279989,981,0.17285871140360312,1.2550964135693532,0.15016553428801524,0.9071417614490088,0.1318306570661024,0.19661418980710024,0.5,0.000657207180375676,0.0020383683574051945
23429458,North Fork Cabin Creek,17060104000541,24.7293,0.02117574,866.5379862581432,7.75326861905339,24.912641299616357,72.98397613787756,37.957499999999996,,3.3819067897931783,3.0105970755507308,0.003657789594918009,,,,Spawning and rearing,1.0,,,9.548036109243705,34.1156687503206,45.955883514296104,UGR,August/September,5.262188406487737,17.2643976590805,DA+PPT+SLOPE,0,0.28237175687937693,0.9264165251948062,DA+PPT,0,0.8859931716205999,2.906801744162073,DA+PPT,0,2.8352203448792035,9.301904018632557,DA+PPT+SLOPE,0,0.0,0.0,0.8859931716205999,2.906801744162073,0.6812935292008162,0.6812935292008162,0.01971200632242846,0.03917853367698332,0.010982575269101414,0.01851772781408791,0.2072535375380437,0.26456307644597077,-0.3998982334613837,-0.28789809395039667,-0.30122109731911817,3.3873462578425887e-06,1.865397020371853,1.2467660621222671,981,0.18982934118608785,0.709109082569106,0.25917012739767686,1.1301570561499057,0.16818502223874987,0.3404929291787298,0.3,0.006952548276549667,0.013818514581325264
23429460,South Fork Cabin Creek,17060104000542,31.8645,0.0220883,882.0861919560232,7.581523338103657,27.393633324948844,79.16373433789309,41.2315,,3.57204681335091,3.2798998140618245,0.0036523748021144607,,,,Spawning and rearing,1.0,,,12.302952230875766,34.7278028329143,45.646742008586585,UGR,August/September,5.986028524552819,19.63920119603943,DA+PPT+SLOPE,0,0.29980833957652586,0.9836231613403079,DA+PPT,0,0.929971263568825,3.051086822732365,DA+PPT,0,3.342021404098804,10.964637152555131,DA+PPT+SLOPE,0,0.0,0.0,0.929971263568825,3.051086822732365,0.6776154798310736,0.6776154798310736,0.03596702912376649,0.06953846543130332,0.01792965295937885,0.03068135332050037,0.24491095087071219,0.31305802229644053,-0.434336920535215,-0.3327131680905113,-0.2150202584148948,4.34841882021122e-06,2.3780668434558594,1.51936263611021,981,0.19967399093191843,0.7510061919505366,0.27269887033395407,1.17982437715853,0.18651307627414213,0.3220114128670804,0.5,0.010762058279954436,0.020807307022635536
23429464,Cabin Creek,17060104000544,58.0968,0.01904147,869.6652095583097,7.683407652339045,31.673783679206416,89.64095946224485,41.659,,4.004807924807228,3.474396641417316,0.0031947790277977034,,,,Spawning and rearing,1.0,,,22.43129988440877,34.23878777788621,45.83013377421028,UGR,August/September,7.726441114809572,25.349216255936916,DA+PPT+SLOPE,0,0.3330517591911619,1.0926894986586677,DA+PPT,0,1.01235137341684,3.321362773677296,DA+PPT,0,4.54960886746246,14.926538279076313,DA+PPT+SLOPE,0,0.0,0.0,1.01235137341684,3.321362773677296,0.6710116981744574,0.6710116981744574,0.06004913164988702,0.11993194556821804,0.02236873017365111,0.03707361613218133,0.26488478323470893,0.33344303451176005,-0.4171370183667583,-0.3407608054535321,-0.21973344600605835,7.54351121159028e-06,3.3944886423873557,2.1060759270110103,981,0.21823614668153932,0.7537009747723664,0.3004975703048907,1.1680358536366466,0.22274574041356368,0.3245806909645321,0.5,0.013198745957996904,0.026360935425886394
23429466,Cabin Creek,17060104000545,60.0273,0.03699507,863.2495422182408,7.710764499493681,39.615464454252844,108.56596225508093,44.126,,4.158423595915073,3.694246453567329,0.003181389590877499,,,,Spawning and rearing,1.0,,,23.17667010147496,33.98620244953704,45.879376099088624,UGR,August/September,8.259215429051439,27.09716348113989,DA+PPT+SLOPE,0,0.3335142937669332,1.094207000547681,DA+PPT,0,1.0134634641697837,3.3250113653864295,DA+PPT,0,4.9510327366486075,16.243545723912753,DA+PPT+SLOPE,0,0.0,0.0,1.0134634641697837,3.3250113653864295,0.6709163126663438,0.6709163126663438,0.027298973630850897,0.044236121188057524,0.011662066078276134,0.025123769760779586,0.21132053591532235,0.29288351965418813,-0.4022190810418406,-0.37583969871279155,-0.2102791541670916,8.091302791660302e-06,4.563284320952512,2.1654930367501217,981,0.2184853547164217,0.9361000375326088,0.29094889436688176,1.3783400325095165,0.22076453795996454,0.25593704773202997,0.5,0.005513793804831471,0.008934726054346653
23429468,Cabin Creek,17060104000546,64.5579,0.02975124,847.4362944288107,7.788273935576391,37.76628693039891,104.21247566487037,50.191500000000005,,4.135384204705258,3.488018455544948,0.003330987969217129,,,,Spawning and rearing,1.0,,,24.925944540967368,33.36363363892956,46.0188930840375,UGR,August/September,8.304354649621494,27.245258036815926,DA+PPT+SLOPE,0,0.3341077615914985,1.0961540734629216,DA+PPT,0,1.0148616888615651,3.329598716737418,DA+PPT,0,4.947625926697786,16.23236852591137,DA+PPT+SLOPE,0,0.0,0.0,1.0148616888615651,3.329598716737418,0.6707849303422928,0.6707849303422928,0.038107008995642185,0.06716864104166644,0.01492251042360052,0.02897400459699609,0.2309041974211841,0.30713985499416563,-0.4066815007949025,-0.36510425407103597,-0.21329173471046092,8.95760752821112e-06,4.2399959909219165,2.227625297402034,981,0.21880567264819234,0.867063976247079,0.2944150807779757,1.2995596963189597,0.2221872229329868,0.27762355189814214,0.5,0.007702079656025269,0.013575933596600153
23429470,South Fork Cabin Creek,17060104000547,27.3024,0.0256026,910.5415301417459,7.482887638976133,27.33326058823165,79.01434009527378,37.467,,3.495233775446581,3.238316004668727,0.003641213346576178,,,,Spawning and rearing,1.0,,,10.541515573389274,35.84809173786401,45.469197750157036,UGR,August/September,5.740655059621538,18.834170143115283,DA+PPT+SLOPE,0,0.29721579989792174,0.975117453733339,DA+PPT,0,0.9235619533646259,3.0300589021149142,DA+PPT,0,3.2095397773607575,10.52998614619671,DA+PPT+SLOPE,0,0.0,0.0,0.9235619533646259,3.0300589021149142,0.6781853141360623,0.6781853141360623,0.02755392245412477,0.050838273399664825,0.015032063234345111,0.02730557907440419,0.2307461525662378,0.3011275312845393,-0.4314569156915476,-0.34131232539634215,-0.21219869567776514,4.370306022265258e-06,2.3987447366912122,1.3017057266085919,981,0.19823300641807978,0.7931858961344904,0.2643400978663385,1.2047815920448066,0.1830316540677636,0.30322444112803754,0.5,0.008585007311167424,0.015839739316603745
23429472,South Fork Cabin Creek,17060104000548,16.4853,0.04243609,1005.8115500676968,7.15836881866572,27.340279638979645,79.03171139458527,30.234,,3.2450476787826,2.8537015821921186,0.0034469122776155546,,,,Spawning and rearing,1.0,,,6.365009914219782,39.598879923925075,44.8850638735983,UGR,August/September,5.00629301158321,16.42484583852759,DA+PPT+SLOPE,0,0.2881229312265852,0.9452852074363032,DA+PPT,0,0.9009523926782469,2.9558805534063217,DA+PPT,0,2.808517787879965,9.214297204330594,DA+PPT+SLOPE,0,0.0,0.0,0.9009523926782469,2.9558805534063217,0.6802018246823378,0.6802018246823378,0.010433305404758886,0.017428146424204413,0.007912026675369385,0.017552975141169283,0.18361752501827497,0.25988641557951986,-0.4236370587403713,-0.36395100637826977,-0.20449990820598948,4.2439096384489204e-06,2.468085786606529,0.1809509131354855,981,0.19315376696261433,0.949212429009634,0.19820775080294606,0.8904179957905084,0.17138469431046385,0.25096609745993254,0.5,0.003714879588722335,0.006205460581170186
23429474,,17060104000549,5.5656,0.0940233,1049.0166567836352,7.075951051131953,24.90706270789385,72.96998391272494,21.191,,2.188559163393964,2.607162124367047,0.004127520601750407,,,,Spawning and rearing,1.0,,,2.148890173583837,41.29986837730848,44.73671189203752,UGR,August/September,3.3265941784131514,10.91402289505627,DA+PPT+SLOPE,1,0.24081028601553617,0.7900599934892919,DA+PPT,0,0.7795521754033938,2.5575858773077225,DA+PPT,0,1.7311341083575142,5.679573846317304,DA+PPT+SLOPE,1,0.0,0.0,0.7795521754033938,2.5575858773077225,0.6910915091848414,0.6910915091848414,0.0012784204037978378,0.002999541277166832,0.0018787145376553238,0.005290077832584156,0.10774956007730908,0.17424247070158255,-0.39475762493301736,-0.3286054720253632,-0.27475818850396405,3.029556205436395e-06,1.639461298903927,0.08050309895652251,981,0.16614835931337393,1.087834892822686,0.156255619837712,0.8725267937672684,0.12038644032880691,0.22215898326365932,0.3,0.0007384872134549948,0.00173270300821048
23429476,Buck Creek,17060104000550,9.7821,0.03588315,775.2708542445487,7.902551678370594,21.910040959853987,65.38447779175162,31.475,,2.9716040101077508,2.7597288546322303,0.00399140186516413,,,,Rearing and migration,1.0,,,3.7768899250780597,30.522474576557038,46.22459302106707,UGR,August/September,3.393932996174086,11.134950774849363,DA+PPT+SLOPE,0,0.22003685535886505,0.7219056934345965,DA+PPT,0,0.7241007328369004,2.3756585722995416,DA+PPT,0,1.6023204653200003,5.256956907217848,DA+PPT+SLOPE,0,0.0,0.0,0.7241007328369004,2.3756585722995416,0.6961239709055409,0.6961239709055409,0.007014227113664684,0.013224253319254795,0.00659234083472177,0.012148886326433413,0.17246322410042983,0.22988580548238774,-0.4294481602011984,-0.2734378220739021,-0.29052167689017766,1.4893374602294447e-06,0.937056723651395,0.4995363787421244,981,0.153935367316497,0.6856064053427987,0.19814733307946827,1.059789386085118,0.1031104791032193,0.3431263839144443,0.3,0.004377543235250302,0.008253188800539829
23429480,Buck Creek,17060104000552,6.5187,0.06869198,779.139965645865,7.815619548801602,23.69153523675692,69.91024184366704,31.616,,2.721076575049486,2.5727719450228395,0.0037550669122822303,,,,Rearing and migration,1.0,,,2.516884140890642,30.6748017970813,46.068115187842885,UGR,August/September,2.9833895320699346,9.788023399179576,DA+PPT+SLOPE,0,0.20432765392871707,0.6703663186637699,DA+PPT,0,0.6820670593098572,2.237752819258062,DA+PPT,0,1.3759248852220205,4.514189255977757,DA+PPT+SLOPE,1,0.0,0.0,0.6820670593098572,2.237752819258062,0.7004287904836455,0.7,0.0027840487129428813,0.0045083661430628105,0.0034406130449191217,0.007350721890522078,0.13775952121777363,0.1944359936849181,-0.4254604696334877,-0.2908302963520865,-0.28026862096950655,1.35145154988052e-06,0.9108456812707196,0.4017951412324494,981,0.1445244317397993,0.799036161187169,0.18370211622320015,1.204418057108357,0.08612085082180254,0.29324419433165055,0.3,0.0020234016717370763,0.003276607750527992
23429482,,17060104000553,2.6433,0.07180631,781.2841419884236,7.998274122403814,17.98525087640025,55.217934741875894,26.7365,,,,,,,,,,,,1.0205838356752472,30.759218188520617,46.39689342032686,UGR,August/September,1.9835124461715188,6.5075867656545885,DA+PPT+SLOPE,1,0.1723552565688134,0.5654700018661857,DA+PPT,1,0.5944949905628645,1.950442882424096,DA+PPT,1,0.833693016844084,2.7352133098559186,DA+PPT+SLOPE,1,0.0,0.0,0.5944949905628645,1.950442882424096,0.7100812297751602,0.7,0.0017830721545353707,0.003046055594108697,0.0030851417930956703,0.006471377686431462,0.13101737684484807,0.18635122373759622,-0.44931253842503016,-0.26629087313018274,-0.2813114466516915,7.59684149600293e-07,0.46406456442269933,0.08391069421128716,981,0.12191070997928972,0.6893343019312149,0.17516983459752838,0.9328053190398026,0.05455078329246906,0.3361225760537729,0.3,0.002138763451905989,0.0036536897066013992
23429492,East Branch Gordon Creek,17060104000558,3.9231,0.07763461,965.990072931865,7.427716704794677,20.934080298714147,62.88283896165077,49.385,,,,,,,,,,,,1.5147173781778693,38.03110523353799,45.36989006863042,UGR,August/September,2.6719484414072667,8.766235043987095,DA+PPT+SLOPE,1,0.2134685362394092,0.7003560900243083,DA+PPT,1,0.7070738452112939,2.3197960800895467,DA+PPT,1,1.2864367175814548,4.220592905450967,DA+PPT+SLOPE,1,0.0,0.0,0.7070738452112939,2.3197960800895467,0.6980958386664426,0.6980958386664426,0.001768554511415565,0.003288652968522695,0.0027315170773382484,0.006411948811707343,0.12605351226714342,0.18577902624283543,-0.4154974850980749,-0.3043503961982251,-0.2774206016263617,1.734067736781099e-06,0.9784952577315282,0.0795801133316726,981,0.1501762975979578,0.896500937485183,0.16685624249672204,0.8832175839997721,0.09434261792489744,0.2653381393092817,0.3,0.0013747699262972749,0.002556404775747909
23429494,,17060104000559,1.2654,0.07142054,778.5831575320057,7.852867043029872,14.172718124568444,45.02984997712003,29.864,,2.527624594901115,7.790792133720627,0.004168275664692436,,,,Rearing and migration,1.0,,,0.48857367141961106,30.6528802177955,46.13516067745377,UGR,August/September,1.4124095807423325,4.633889700598203,DA+PPT+SLOPE,1,0.14944925479174218,0.4903190774007289,DA+PPT,1,0.5298211099192561,1.7382582346432287,DA+PPT,1,0.5483746280613155,1.799129357156547,DA+PPT+SLOPE,1,0.0,0.0,0.5298211099192561,1.7382582346432287,0.7179250656612794,0.7,0.0012551984887540922,0.0024869490806520523,0.0028815184463581384,0.006403479820024303,0.12609779392566633,0.18569719702632864,-0.4696300869910299,-0.24280608140534723,-0.2846823131572646,3.8757106153895823e-07,0.25651178656640067,0.05886778605988265,981,0.10570876653456437,0.5889047348887972,0.16686823398085676,0.8785500719611183,0.03598199060373752,0.38494199919709554,0.3,0.002288943405699916,0.004535127909626735
23429500,,17060104000562,4.1688,0.0496668,717.7734481865285,8.10761120777202,18.494485406306328,56.553770392924434,37.576,,3.47914931298119,3.283043287941873,0.003963503957962743,,,,Spawning and rearing,1.0,,,1.6095826785317484,28.258797172697975,46.59370017398964,UGR,August/September,2.2670112428071096,7.437700927844848,DA+PPT+SLOPE,1,0.17784937811889798,0.5834953350357545,DA+PPT,1,0.6095932433897103,1.9999778326434066,DA+PPT,1,0.9542400971707158,3.1307089802188837,DA+PPT+SLOPE,1,0.0,0.0,0.6095932433897103,1.9999778326434066,0.7082490988089911,0.7,0.0032032474086167795,0.005760600074018716,0.004497612887950555,0.008873836163253986,0.14925530593651762,0.2070318368673305,-0.4546826606172307,-0.2537884847588442,-0.28703124173597433,6.877802779787809e-07,0.48160102428330887,0.26449908613155576,981,0.1257951209370103,0.6227178715439099,0.16118895961793903,1.0036435356125677,0.06060786876481281,0.369675831623869,0.3,0.003356856851974971,0.006036845539292121
23429502,Buck Creek,17060104000563,4.8942,0.03254882,783.4989627050387,7.770818823170282,17.0014736591728,52.62166520136923,28.9025,,2.7445575042686627,2.675056621915481,0.004030134497259424,,,,Rearing and migration,1.0,,,1.8896611843384385,30.846415854529084,45.98747388170651,UGR,August/September,2.465083230978982,8.087543408723693,DA+PPT+SLOPE,1,0.19417632397488926,0.6370614303638099,DA+PPT,1,0.6545789244922154,2.1475686499088433,DA+PPT,1,1.0839888698037796,3.5563939298024265,DA+PPT+SLOPE,1,0.0,0.0,0.6545789244922154,2.1475686499088433,0.7033568959991798,0.7,0.00541203722640563,0.010171187369809355,0.006776144015395515,0.013055338419858339,0.1719149056294178,0.23546663531338838,-0.4517573684980119,-0.24808764179831233,-0.2933788456882801,8.076289133936155e-07,0.5359490507398013,0.30998337291355593,981,0.1373439166026148,0.5923059343954068,0.1767259745361004,0.9585769161378895,0.0780817428364136,0.3914197839128746,0.3,0.0049927055315478475,0.009383110521836366
23429506,East Branch Gordon Creek,17060104000565,9.5607,0.01511808,891.9495134236091,7.567885413366281,16.478895886713527,51.23380112474839,50.769,,,,,,,,,,,,3.6914069071767623,35.116122575732646,45.6221937440593,UGR,August/September,3.3610371497178875,11.027024769415641,DA+PPT+SLOPE,0,0.24010334392451896,0.7877406296736186,DA+PPT,0,0.7773142057725403,2.5502434572589903,DA+PPT,0,1.6441010266053449,5.394032239518848,DA+PPT+SLOPE,0,0.0,0.0,0.7773142057725403,2.5502434572589903,0.6911115966472139,0.6911115966472139,0.01589736292994253,0.0372866493153308,0.013153325589014964,0.02311800380981075,0.21668263222110173,0.28487222674941515,-0.435943701513708,-0.24320143612821066,-0.3077015367690663,1.4351838351931917e-06,0.8162086496095563,0.7833121133945653,981,0.16566254570211367,0.5589891395896942,0.23676034584825367,1.004650787662926,0.12661317217161017,0.42313973430314455,0.3,0.009669334592392165,0.022679049956144334
23429510,Pedro Creek,17060104000567,5.8203,0.0561292,1136.8900111380858,6.715372077748569,35.24984611184599,98.23826335495066,26.231499999999997,,1.8047583548458501,2.5340046359867037,0.003295459559992667,,,,Spawning and rearing,1.0,,,2.2472303933645974,44.75944925740495,44.08766973994742,UGR,August/September,3.3912517376232634,11.126153994826979,DA+PPT+SLOPE,0,0.2559836570908898,0.8398413946551503,DA+PPT,0,0.8191888782976382,2.6876275534699414,DA+PPT,0,1.811147584856564,5.94208525215408,DA+PPT+SLOPE,1,0.0,0.0,0.8191888782976382,2.6876275534699414,0.6875157074607127,0.6875157074607127,0.015342591445603501,0.026320600148718475,0.014944373104106953,0.02840735048019963,0.22723794859738328,0.305124379908249,-0.46028977497024287,-0.31332316831764134,-0.21144268360800877,1.6655842824874447e-06,1.1919744869676037,0.5206809907096605,981,0.17491897207402624,0.7063868619196448,0.22682031417682297,1.084267425774113,0.14078961767143783,0.33674509320823987,0.5,0.008471198909402282,0.014532554038550628
23429512,,17060104000568,3.5028,0.06305711,1022.0938018293936,7.155705689028777,28.366258105941625,81.56407939158767,34.367999999999995,,2.9337311160920954,2.653180472035628,0.003030564582515086,,,,Spawning and rearing,1.0,,,1.3524386409424793,40.23991345785014,44.8802702402518,UGR,August/September,2.5675162554278157,8.423609761902283,DA+PPT+SLOPE,1,0.21676224622860293,0.7111622251594584,DA+PPT,1,0.7159961756439586,2.3490688177295227,DA+PPT,1,1.2448771608090696,4.084242653573063,DA+PPT+SLOPE,1,0.0,0.0,0.7159961756439586,2.3490688177295227,0.6972578156110268,0.6972578156110268,0.009492457735063521,0.016550673035068585,0.012370594203889744,0.02406687226269097,0.21123791467041386,0.28871757254155805,-0.48602042659149974,-0.2924419169965177,-0.20916706220809267,9.488675794306212e-07,0.7183433794758404,0.25893908172985974,981,0.15213346382882662,0.6508371145343165,0.1975260111146475,0.9796156193073754,0.10120884511078856,0.35931352457076454,0.5,0.007625216393956646,0.013295025048344516
23429516,East Branch Gordon Creek,17060104000570,14.9814,0.0346106,865.3096652462453,7.653432873602667,24.833068842974733,72.78434978944374,69.555,,,,,,,,,,,,5.784350877987799,34.06730965536399,45.7761791724848,UGR,August/September,4.355413537736704,14.289414493886822,DA+PPT+SLOPE,0,0.25642022268055825,0.8412736964585245,DA+PPT,0,0.8196260587748171,2.689061872620791,DA+PPT,0,2.2536916716595248,7.394001547439386,DA+PPT+SLOPE,0,0.0,0.0,0.8196260587748171,2.689061872620791,0.6871497435503002,0.6871497435503002,0.008668508309168663,0.015307978941713016,0.006563213272442189,0.012542240954384642,0.17367256058992167,0.23234056795146385,-0.4050496166395553,-0.2983943533959704,-0.289992816692032,3.2302937720248724e-06,1.5781029189336895,0.853668226966034,981,0.17504946253336467,0.7841000543968291,0.2295790241221211,1.204661643506281,0.13890646948938568,0.30299148986413155,0.3,0.003846359472405351,0.006792401611193273
23429518,,17060104000571,4.3452,0.06063952,678.5591304618889,8.393996274855011,19.949477539184038,60.34198065869952,48.5385,,,,,,,,,,,,1.6776910992986358,26.71492639613736,47.10919329473902,UGR,August/September,2.281563169971508,7.485443471035132,DA+PPT+SLOPE,1,0.17279578101467424,0.5669152920428945,DA+PPT,1,0.5954626293411662,1.9536175503319102,DA+PPT,1,0.9463382905797985,3.1047844179127244,DA+PPT+SLOPE,1,0.0,0.0,0.5954626293411662,1.9536175503319102,0.7098125516191343,0.7,0.0026376210890334717,0.0046933718235723,0.0037284268206591678,0.0074795245157247385,0.14009203834917705,0.19556508901864508,-0.4540187093435355,-0.2578705497624572,-0.2843823140733481,8.35988003354155e-07,0.4863654786033973,0.23510002815397846,981,0.12222038596234018,0.6431902511367876,0.15541187385536556,1.0042930715396812,0.05547005694868492,0.3572364563041901,0.3,0.002787186268683544,0.004959507472424882
23429524,Finley Creek,17060104000574,5.7294,0.04006596,934.0191226515865,7.2183297855010995,22.94153252811267,68.01109835198956,14.149999999999999,,2.661167301033747,2.770982757832072,0.004273596338540422,,,,Spawning and rearing,1.0,,,2.2121337071530895,36.77240640360577,44.99299361390198,UGR,August/September,2.954543358953809,9.693383723601736,DA+PPT+SLOPE,0,0.2244476267459833,0.7363767281692365,DA+PPT,0,0.7362236350695671,2.4154318735878184,DA+PPT,0,1.433582331718661,4.703354106688519,DA+PPT+SLOPE,1,0.0,0.0,0.7362236350695671,2.4154318735878184,0.6951366187465922,0.6951366187465922,0.006875520178342538,0.012106564213683882,0.007532843288781159,0.014164367226504358,0.1799054464734745,0.24195376952254255,-0.4295381297495138,-0.26989809562922984,-0.29303093133247515,1.4996894643761476e-06,0.839087844908995,0.40394374639328523,981,0.1565928861266042,0.6666645342407617,0.2008869207296306,1.0330593409758568,0.1079373446921079,0.35353739718485244,0.3,0.004796041375663279,0.008444973090014187
23429526,Finley Creek,17060104000575,7.5645,0.02730891,910.8921261886973,7.271281049314694,21.392312834452376,64.05945017588563,14.027999999999999,,2.761428656831617,2.6798380756903137,0.0041862565163199835,,,,Spawning and rearing,1.0,,,2.920669778294332,35.861894731838476,45.08830588876645,UGR,August/September,3.207327592427708,10.522728321613215,DA+PPT+SLOPE,0,0.2328021118409549,0.7637864561711118,DA+PPT,0,0.7582178998713222,2.4875915350108992,DA+PPT,0,1.5691127744398605,5.148007790157022,DA+PPT+SLOPE,1,0.0,0.0,0.7582178998713222,2.4875915350108992,0.6929614667756274,0.6929614667756274,0.010574031700524383,0.020480961526485368,0.009917884106985774,0.017653405495724448,0.19753441776603808,0.2603811249531771,-0.4314431906770976,-0.2592228088214273,-0.2994161163944894,1.6228436846056186e-06,0.8584044051883823,0.5320144125293109,981,0.16144750707158356,0.6171880239955276,0.2127354824778512,1.005315420465068,0.11767509690294799,0.382629530527056,0.3,0.0067388602481418735,0.013052574588717265
23429530,,17060104000577,3.6639,0.09028185,783.0992672562024,8.006486792778187,21.7211610853092,64.90160279555361,52.73,,,,,,,,,,,,1.4146396986836673,30.83067981323632,46.41167622700074,UGR,August/September,2.3507743178931184,7.712514166316005,DA+PPT+SLOPE,1,0.1836948787424442,0.602673486687809,DA+PPT,1,0.6258916930813108,2.0534504366184736,DA+PPT,1,1.0299473537713275,3.3790923680161664,DA+PPT+SLOPE,1,0.0,0.0,0.6258916930813108,2.0534504366184736,0.7065069232056735,0.7,0.0016050870508822817,0.0027792194117456327,0.0025372134975846063,0.005616774195676256,0.1231933692349317,0.1777579316481116,-0.4355077495907864,-0.2844917037597928,-0.2774633331518361,1.1112036300758654e-06,0.6578011912564807,0.07274210895705027,981,0.12993113422046457,0.7875017726906913,0.15947450886660047,0.8775966055112846,0.06450500322467988,0.29683738142620847,0.3,0.001558416597707623,0.0026984091969060823
23429538,Medicine Creek,17060104000581,5.9571,0.03168793,665.7649987052424,8.56395625973712,18.147142034471553,55.643194163982386,39.461,,,,,,,,,,,,2.3000491686532043,26.211220421466237,47.415121267526814,UGR,August/September,2.4722126429910225,8.110933868080782,DA+PPT+SLOPE,0,0.18123183543200339,0.5945926359317696,DA+PPT,0,0.6187953948867947,2.0301686183949954,DA+PPT,0,1.033418912485226,3.3904819963426047,DA+PPT+SLOPE,1,0.0,0.0,0.6187953948867947,2.0301686183949954,0.7071215511143893,0.7,0.005734471728810833,0.012067465035275865,0.006795615674550614,0.013281937786216775,0.17116124000364089,0.23682114718222413,-0.4651264594677008,-0.23231162994386828,-0.29576629491388023,6.730254185918742e-07,0.45139013071618983,0.4386891835975696,981,0.12818787128037995,0.5354655280300347,0.17923589577586135,1.0040820373256532,0.06582945269375097,0.42400611349964723,0.3,0.0055490292073523614,0.011677224878975092
23429540,Bailey Creek,17060104000582,7.1865,0.04755786,768.5577709329993,7.655933352536005,22.435404274245283,66.72444997577124,46.2565,,,,,,,,,,,,2.7747231623652873,30.258179957992102,45.78068003456481,UGR,August/September,3.0036499318862515,9.854494527185864,DA+PPT+SLOPE,0,0.20630732369771113,0.676861298220837,DA+PPT,0,0.6873698805859659,2.2551505268568435,DA+PPT,0,1.377787102852226,4.520298893872132,DA+PPT+SLOPE,1,0.0,0.0,0.6873698805859659,2.2551505268568435,0.6998598141631704,0.6998598141631704,0.004816839026928584,0.008577598968400348,0.005353492682486049,0.010249099098358036,0.16018303864997244,0.2172177099548062,-0.43380738954826487,-0.27371714267890984,-0.28712197509033927,1.4601725983972997e-06,0.8038251793513526,0.44554994925257757,981,0.14587283025715334,0.6967044501133294,0.1869643032838591,1.0997962885777057,0.08953143103322367,0.3358241185245391,0.3,0.003496069180032971,0.006225634534278505
23429542,,17060104000583,9.5373,0.0319506,661.8126684467302,8.407773695092951,21.404321926427723,64.09023704820947,46.754,,,,,,,,,,,,3.682372116666869,26.055616867981506,47.13399265116731,UGR,August/September,3.0593633540317082,10.037281345248386,DA+PPT+SLOPE,0,0.19746165211982852,0.647840066009936,DA+PPT,0,0.6631628651332803,2.175731184820473,DA+PPT,0,1.3407570827195892,4.3988093265078385,DA+PPT+SLOPE,0,0.0,0.0,0.6631628651332803,2.175731184820473,0.7022425975553632,0.7,0.007796776349468132,0.016471029422080164,0.007577165156287121,0.014111756296411447,0.1790067691968601,0.24165383364342516,-0.452297235772476,-0.2444513087276293,-0.2956742903436076,1.1864720472289074e-06,0.6378423095573023,0.5295341318954979,981,0.13966891508818763,0.5746371287601286,0.1894360007485414,1.0029562858814745,0.08203683051421913,0.40179979519859865,0.3,0.005815204297599655,0.012284872207178917
23429552,,17060104000588,5.2749,0.01755972,681.5310137314451,8.08366544285958,14.81731427182891,46.777617199764876,28.628999999999998,,,,,,,,,,,,2.0366502760955476,26.831929674466345,46.55059779714725,UGR,August/September,2.252914856189947,7.391452940255731,DA+PPT+SLOPE,0,0.17981066975881718,0.5899300188937572,DA+PPT,0,0.61491812684967,2.0174479227351374,DA+PPT,0,0.9246287718885629,3.0335589628889856,DA+PPT+SLOPE,1,0.0,0.0,0.61491812684967,2.0174479227351374,0.7075859990011715,0.7,0.008094613009967923,0.02139624599963639,0.009859535443591739,0.020756421704197264,0.19250815695052584,0.2748215777252145,-0.480964898199133,-0.2021578362518559,-0.3070177301054192,6.003005044360611e-07,0.3274167930410251,0.3274167930410251,981,0.12718269142745542,0.42807927121604655,0.17889372703731926,0.812302204919496,0.06845818300638777,0.4973921244637373,0.3,0.00875444638547706,0.023140363624997693
23429568,,17060104000596,5.2308,0.04462347,682.9811574535444,8.203760657570543,19.59198929258869,59.415021639909355,43.712,,,,,,,,,,,,2.019623170903826,26.88902194698994,46.76676918362698,UGR,August/September,2.429109004703984,7.969517731968451,DA+PPT+SLOPE,0,0.17977288728011157,0.5898060606302873,DA+PPT,0,0.6148178115621489,2.0171188043377586,DA+PPT,0,1.021983162208015,3.3529631306037238,DA+PPT+SLOPE,1,0.0,0.0,0.6148178115621489,2.0171188043377586,0.7075997410951078,0.7,0.004096517017228411,0.007711570670230936,0.0052061628861149135,0.010054786318388593,0.15689459415416324,0.21583619781803895,-0.4573219362114027,-0.24777513589954805,-0.28969676500293434,8.611862237932092e-07,0.49339842998743916,0.3320108272704983,981,0.1271565509730937,0.5952158486435716,0.1667882484589216,1.0056236470275142,0.06301384161750581,0.3853935344049745,0.3,0.004008399716075364,0.007545692488289076
23429574,,17060104000599,12.4857,0.01387564,693.8628753153608,7.679329920493044,18.116568858213476,55.56292578390156,29.84,,,,,,,,,,,,4.820755720913416,27.31743603603783,45.82279385688748,UGR,August/September,3.3082418273148617,10.853811769405715,DA+PPT+SLOPE,0,0.21438505361674823,0.7033630368003551,DA+PPT,0,0.7088001830145547,2.325459918026754,DA+PPT,0,1.489183675996354,4.885773215211135,DA+PPT+SLOPE,0,0.0,0.0,0.7088001830145547,2.325459918026754,0.6975380950030794,0.6975380950030794,0.017065384153367207,0.04750031885216652,0.013946934170918874,0.02623547495077683,0.2188252752775207,0.2971412711695567,-0.45902903942350365,-0.21471180147921592,-0.31231222492636146,1.200134399149954e-06,0.5932703376383877,0.5932703376383877,981,0.15058187808197457,0.4638151353667025,0.21329180079954455,0.8406937107884105,0.10405484652016989,0.4799275202806125,0.3,0.011459556284720509,0.031896883922250846
23429578,,17060104000601,18.9081,0.01082092,689.9985818220762,7.779857878556809,19.11045875838518,58.16256303827437,30.374,,,,,,,,,,,,7.300458223936421,27.165298496932134,46.003744181402254,UGR,August/September,3.906874141558886,12.817828548421542,DA+PPT+SLOPE,0,0.23117760707125817,0.7584567161130518,DA+PPT,0,0.753296107789511,2.4714439231939336,DA+PPT,0,1.8208225412699688,5.973827235137692,DA+PPT+SLOPE,0,0.0,0.0,0.753296107789511,2.4714439231939336,0.6931119055564605,0.6931119055564605,0.02557092876244029,0.07553017473788695,0.017057895955782394,0.031332691554071895,0.23460081338538025,0.3152578439909286,-0.45217332843761354,-0.21267269230337962,-0.31809608330322436,1.2796400985976753e-06,0.7231839796246654,0.7231839796246654,981,0.16038051392604766,0.45154625965462647,0.22999871991124346,0.8047306261065272,0.12217801669165357,0.49064053382124423,0.3,0.014043613906825505,0.04148134869046982
23429582,Little Dry Creek,17060104000603,3.9798,0.01396288,564.3853157281774,8.553096901718678,12.521333085906052,40.49838215553472,14.989,2.802,,,,,,,,,,,1.5366093705672261,22.219894320006983,47.39557442309362,UGR,August/September,1.7607584994103764,5.776766730349004,DA+PPT+SLOPE,1,0.15064958094853645,0.4942571553429673,DA+PPT,1,0.5327256775871125,1.7477876561256973,DA+PPT,1,0.6424239058500288,2.107689979822929,DA+PPT+SLOPE,1,0.0,0.0,0.5327256775871125,1.7477876561256973,0.717209837470427,0.7,0.00545653017018236,0.01622805583498197,0.008216358195280505,0.019139700396198434,0.1781047816080641,0.26749256285235573,-0.5061887015040022,-0.17587203710556643,-0.3097229031951508,2.93338114126523e-07,0.16757459043745254,0.16757459043745254,981,0.10655604447324324,0.3277593576593695,0.149881344909303,0.6349175978181377,0.04590626834047504,0.5540857520303761,0.3,0.008493659903521964,0.02526066618506308
23429586,Lanman Creek,17060104000605,4.2777,0.13833851,722.5704323227435,7.435010022680413,26.759523628602714,77.59222329664983,16.473,,,,,,,,,,,,1.6516292035970208,28.447654815856044,45.383018040824744,UGR,August/September,2.5079164349876484,8.228072293266562,DA+PPT+SLOPE,1,0.17950506905990957,0.5889273919288371,DA+PPT,1,0.6141848328608233,2.015042102561756,DA+PPT,1,1.090861621763704,3.5789423286210758,DA+PPT+SLOPE,1,0.0,0.0,0.6141848328608233,2.015042102561756,0.7077344482380175,0.7,0.001811905454918016,0.0034119753246612677,0.0028555504745298075,0.006879048117815538,0.12744743298051997,0.19018493644175963,-0.4807073842665316,-0.32109993567392947,-0.19533712958500898,1.2247245391433204e-06,0.7445332104790213,0.07344700455351372,981,0.12696785884432918,0.8597471046349541,0.1501800957332066,0.915522551652879,0.059906710832593114,0.27271664228939596,0.5,0.001660985608778251,0.0031277801479025263
23429590,Fir Creek,17060104000607,6.2478,0.06759434,735.6490763814463,7.495266856525497,24.01255331989549,70.72046241028451,26.491500000000002,,2.9283389386485483,2.559589640537778,0.004997825700786781,,,,Spawning and rearing,1.0,,,2.412289066141493,28.962562062261668,45.49148034174589,UGR,August/September,2.835848263557301,9.303964119282483,DA+PPT+SLOPE,0,0.1952139589460224,0.6404657445735642,DA+PPT,0,0.6572744775340681,2.1564123278676774,DA+PPT,0,1.269435149048736,4.164813481131023,DA+PPT+SLOPE,1,0.0,0.0,0.6572744775340681,2.1564123278676774,0.7029947676069561,0.7,0.003063541096758374,0.005196462044808392,0.0037684234981112605,0.007708277575530681,0.14191148767084844,0.19753881692225195,-0.4346001642677423,-0.2796267940294886,-0.28200461820465783,1.3472434329313212e-06,0.7694721113387245,0.3072042233292421,981,0.13807678675887575,0.7387782240307028,0.17675429295555894,1.0999251034816553,0.07681952441807767,0.31524009401539105,0.3,0.002413310438941343,0.004093523051336977
23429592,Lanman Creek,17060104000608,6.7671,0.02034482,709.9253782997738,7.480878840736801,16.752525878188393,51.96128585692003,24.335,,,,,,,,,,,,2.6127919170725855,27.949818043298183,45.46558191332624,UGR,August/September,2.6114039775290165,8.567598351473151,DA+PPT+SLOPE,0,0.19364809422010598,0.6353283931105839,DA+PPT,0,0.6529417125442232,2.142197219633278,DA+PPT,0,1.1243439100431036,3.6887923557844604,DA+PPT+SLOPE,1,0.0,0.0,0.6529417125442232,2.142197219633278,0.7034220811754459,0.7,0.009215584487259508,0.022251228623297797,0.009953383875946591,0.01945261403977182,0.19467464150795377,0.2689424292332764,-0.4662792413738656,-0.2195831134408881,-0.3041842613092996,8.592633413104499e-07,0.458205477481157,0.4387101557556454,981,0.13697236342776534,0.4869430640400873,0.19094147144455906,0.8987122676468536,0.08070263567342126,0.46023514018569434,0.3,0.008196410728907859,0.019790411478677158
23429602,Fir Creek,17060104000613,13.7358,0.01423664,711.5317852492465,7.558144111302581,18.737240746179967,57.188702657416876,21.527,,3.4556743519836344,2.806549722181651,0.005109360692802056,,,,Spawning and rearing,1.0,,,5.3034220293073275,28.013062411387658,45.604659400344644,UGR,August/September,3.5091220615547485,11.512867656019516,DA+PPT+SLOPE,0,0.22193582671662276,0.7281359144246153,DA+PPT,0,0.7289502132922971,2.391568941247694,DA+PPT,0,1.6141964484905649,5.295920106596341,DA+PPT+SLOPE,0,0.0,0.0,0.7289502132922971,2.391568941247694,0.6955404873067372,0.6955404873067372,0.01826951668044679,0.04961673009036607,0.014052458309979993,0.02570096385979345,0.2200310431090024,0.295109463771449,-0.45289137687270353,-0.22140487098778247,-0.3116512938295339,1.4070286929866997e-06,0.6790758011202642,0.6790758011202642,981,0.15501349886577437,0.485473036600869,0.22080406886613776,0.8763332301956142,0.11074033143823993,0.46687341741504157,0.3,0.011318025570884271,0.030737727205856928
23429612,,17060104000618,5.1138,0.05646858,715.0829964149947,7.3722039777895105,21.342641727657835,63.93208539322108,46.737,,,,,,,,,,,,1.9744492183543598,28.15287387460609,45.26996716002112,UGR,August/September,2.511304421620856,8.23918773497656,DA+PPT+SLOPE,0,0.18445515940829216,0.6051678458277302,DA+PPT,0,0.6278067667836484,2.0597334868229935,DA+PPT,0,1.0820165896164409,3.5499231942796614,DA+PPT+SLOPE,1,0.0,0.0,0.6278067667836484,2.0597334868229935,0.7061911894430757,0.7,0.003389482352114997,0.006077102467554073,0.00439841672215811,0.008651701858038707,0.14877157827560208,0.20528971021643388,-0.44777892736633407,-0.2621984255244488,-0.285624230387059,9.982987683581685e-07,0.5784481923407112,0.26225042758462425,981,0.13046879085778254,0.6564492811776045,0.1657117226641799,1.004268594017913,0.0666882232560412,0.3521966876281724,0.3,0.003132560428963958,0.005616459605030933
23429614,Middle Fork Clark Creek,17060104000619,20.7873,0.04076845,850.818509670087,6.430808913309087,30.98059508789309,87.95869491513301,88.235,,3.1347853123078253,2.7519249133682284,0.0030236183998756058,,,,Spawning and rearing,1.0,,,8.026021400269384,33.49679171929476,43.57545604395636,UGR,August/September,5.085025563136389,16.68315473469944,DA+PPT+SLOPE,0,0.26993391093491775,0.8856099440121973,DA+PPT,0,0.8542921508012804,2.802795770345408,DA+PPT,0,2.7155956323207593,8.909434489241336,DA+PPT+SLOPE,0,0.0,0.0,0.8542921508012804,2.802795770345408,0.684026230743506,0.684026230743506,0.01621113972966039,0.028119214778710915,0.01075195910439156,0.021169620871095675,0.20509080496994023,0.27663323792807415,-0.44217210445265975,-0.3399668846173328,-0.20710905182561581,3.3745562950744227e-06,2.0293377092648193,0.978437731038184,981,0.18276035084600428,0.8210462182552591,0.23887393546766503,1.227164304980809,0.15301357952136066,0.2892872059684632,0.5,0.005969644205019686,0.01035471350890343
23430858,,17060104000622,3.9762,0.04258758,653.7192186645541,8.259582673970122,17.906679781413143,55.01134411977411,25.162,,,,,,,,,,,,1.5352194027964732,25.736977112777723,46.86724881314622,UGR,August/September,2.085938158959524,6.843629130444632,DA+PPT+SLOPE,1,0.16580752671666643,0.5439879485454935,DA+PPT,1,0.5758712943047647,1.8893415167479155,DA+PPT,1,0.8354958844761979,2.7411282299087856,DA+PPT+SLOPE,1,0.0,0.0,0.5758712943047647,1.8893415167479155,0.7120753745559729,0.7,0.0035890600823461397,0.007035557714654244,0.00511638468840483,0.01033389097061533,0.1546652176239757,0.21781508721830456,-0.47134828636171155,-0.23125883929581686,-0.2922764896540667,6.100759451931286e-07,0.3572187055183899,0.2548158779161929,981,0.11727824215787397,0.5346696645517021,0.15522555605217328,0.9335428524475012,0.05087472141015348,0.4202431015115298,0.3,0.0042957244302839976,0.008420816721395444
23430856,,17060104000622,13.4172,0.01370967,637.9656085771397,8.364255236431447,18.159973963579112,55.67687796934422,20.756,,3.2164049649106805,2.782781803737914,0.004892994457998286,,,,Spawning and rearing,1.0,,,5.180409881595704,25.11675624319448,47.05565942557661,UGR,August/September,3.2693302982943453,10.726149272619242,DA+PPT+SLOPE,0,0.20573397602888172,0.6749802363152287,DA+PPT,0,0.6854326286596707,2.248794713450363,DA+PPT,0,1.429334836405308,4.689418754610591,DA+PPT+SLOPE,0,0.0,0.0,0.6854326286596707,2.248794713450363,0.6998479975615047,0.6998479975615047,0.016404850064436236,0.047447658219055895,0.013565880759943895,0.026184932139995756,0.21616856934566972,0.2969503336479161,-0.4655120098784068,-0.2083754969056535,-0.3125466124559958,8.974978468167994e-07,0.5366274967732676,0.5366274967732676,981,0.14545660090927384,0.4437747803285183,0.20468483936119727,0.8018350182949574,0.09646856174977265,0.49206319709247,0.3,0.0114772617630264,0.033195621495089235
23429570,,17060104000622,4.1274,0.02072368,652.0000553397296,8.27094659448757,14.380929415683841,45.59562333448944,21.1405,,,,,,,,,,,,1.593598049168091,25.669293517312187,46.88770387007763,UGR,August/September,1.995049398089413,6.545437657773665,DA+PPT+SLOPE,1,0.16670345430354322,0.5469273435155617,DA+PPT,1,0.5783782272338438,1.8975663623157604,DA+PPT,1,0.7861423071062995,2.5792070443120063,DA+PPT+SLOPE,1,0.0,0.0,0.5783782272338438,1.8975663623157604,0.7117743261173222,0.7,0.0058531182462358755,0.015156351038884913,0.008073907664225985,0.017345644754603606,0.17915996461495332,0.25885912721299037,-0.48811391104074664,-0.1994306189653665,-0.3043815623296608,3.9162996864485583e-07,0.2684940672045236,0.2684940672045236,981,0.11791273865664836,0.42067510602595354,0.16585335169685572,0.8113595652652319,0.055515313609625194,0.4996434552640562,0.3,0.0074453673251354945,0.019279398782993524
23429620,,17060104000622,20.3814,0.00718174,603.2883071424534,8.498710779317319,16.827197260971413,52.15951259296746,19.532,,3.401569496346631,2.886202918321367,0.004842169731566734,,,,Spawning and rearing,1.0,,,7.869302534117006,23.7515081552147,47.29767940277117,UGR,August/September,3.6429912816873053,11.952071134144703,DA+PPT+SLOPE,0,0.21479907948994742,0.7047213894027146,DA+PPT,0,0.7095989865150032,2.3280806644193017,DA+PPT,0,1.5969416252148356,5.239309794011928,DA+PPT+SLOPE,0,0.0,0.0,0.7095989865150032,2.3280806644193017,0.6972951151679726,0.6972951151679726,0.02679714844278459,0.0873222509952211,0.01890387626123611,0.03741945482291255,0.24050818617756609,0.33447666061547465,-0.46868841522593924,-0.18793081768972308,-0.3244768908231015,9.01961861106274e-07,0.5005816696769099,0.5005816696769099,981,0.15076835130825303,0.3636648517497827,0.21370371404223765,0.6429264801333975,0.11163494279376752,0.5435697082341001,0.3,0.0167802930424458,0.0546809286053106
23429624,,17060104000624,24.4404,0.00174162,587.8678836407423,8.552005516604803,11.242096779683795,36.92897840588657,18.4,,3.6016686789772923,5.15086889673974,0.004682525233895497,,,,Spawning and rearing,1.0,,,9.436491195640794,23.144404867745763,47.39360992988865,UGR,August/September,3.4692369452491683,11.38201097522693,DA+PPT+SLOPE,1,0.21862946073467926,0.7172882570035408,DA+PPT,1,0.7197430916743348,2.3613618493252453,DA+PPT,1,1.4762521176949739,4.843346842831279,DA+PPT+SLOPE,1,0.0,0.0,0.7197430916743348,2.3613618493252453,0.6962395842854391,0.6962395842854391,0.040080856432353214,0.14564635986858748,0.02807419734238941,0.05760756258483899,0.2710782746101425,0.38621265494376006,-0.45988359344537727,-0.17244803622779634,-0.33959417298443695,7.230863132921576e-07,0.2852466471149588,0.2852466471149588,981,0.15300297870749716,0.21933250914080002,0.21751456363894817,0.3779678131652268,0.14071866591401058,0.5829272154795196,0.3,0.027150414181918756,0.09865954339560935
23429626,,17060104000625,3.9285,0.07173829,796.1253184032073,6.909525775693012,21.493571320123667,64.318961755411,42.1845,,,,,,,,,,,,1.5168023298339985,31.343516472567217,44.43714639624742,UGR,August/September,2.4013608455417437,7.878480464375799,DA+PPT+SLOPE,1,0.18816950369970967,0.6173540147628269,DA+PPT,1,0.6382081177202107,2.093858653937699,DA+PPT,1,1.0609944042270791,3.4809527697738814,DA+PPT+SLOPE,1,0.0,0.0,0.6382081177202107,2.093858653937699,0.705159651726331,0.7,0.002398981352793805,0.003933024113743731,0.0035214534068281366,0.007295050219979875,0.1379817299551637,0.19394388694891412,-0.4388772678053847,-0.2760677257823421,-0.28153355300544497,1.0695858648188287e-06,0.6350789077777074,0.09059741600330316,981,0.13309684547420392,0.7284105439937152,0.17621431282444364,0.8976950323068769,0.06959608275208101,0.3200723012490696,0.3,0.002261068807937241,0.0037069225794917255
23429640,Outhouse Creek,17060104000632,6.9732,0.07154277,650.0962631311306,7.836049237506454,22.34552705084046,66.49553535638728,37.2805,,,,,,,,,,,,2.6923675719481834,25.59434106815475,46.10488862751161,UGR,August/September,2.809359599784832,9.217059054412179,DA+PPT+SLOPE,0,0.18386719888598435,0.60323884148945,DA+PPT,0,0.6260060226608742,2.0538255336642854,DA+PPT,0,1.2075781665882939,3.961870625289678,DA+PPT+SLOPE,1,0.0,0.0,0.6260060226608742,2.0538255336642854,0.7062852556842083,0.7,0.0022622712522212913,0.0038604627565682623,0.002800613159713712,0.005831495056383542,0.12824995086813046,0.17999480495689205,-0.43750239583982686,-0.2809665179962317,-0.2787304730042277,1.083431649510368e-06,0.7283952630402357,0.31733676957849055,981,0.13005235907467683,0.7582044296245817,0.1653808266047109,1.1351359913099877,0.06481157909323083,0.30563600654491574,0.3,0.0018733952921762122,0.003196863659331488
23429642,,17060104000633,4.1949,0.0826758,817.4057709375671,6.84286586524351,23.461171791252028,69.32785253343903,40.53,,2.3492107682912473,2.605703325266442,0.003256854877129722,,,,Rearing and migration,1.0,,,1.619659944869706,32.18132956447115,44.31715855743832,UGR,August/September,2.5388246474541933,8.329477189810346,DA+PPT+SLOPE,1,0.19385002132692689,0.6359908836185265,DA+PPT,1,0.6537759431328671,2.1449341966301416,DA+PPT,1,1.1468403354763075,3.7625995258409035,DA+PPT+SLOPE,1,0.0,0.0,0.6537759431328671,2.1449341966301416,0.7034916574048202,0.7,0.0021974560529055653,0.003707389189520179,0.0031964533788212384,0.0068731599997714264,0.13363316508343953,0.1901306580495948,-0.4321048467958783,-0.28495235970730387,-0.2797463401179965,1.0274731002935924e-06,0.7363276882333035,0.09228231215741807,981,0.1371135370484486,0.7769398213157308,0.17439977840201737,0.9093377473877979,0.07506382078654915,0.3014522624612791,0.3,0.0019160958896627179,0.0032326986371476202
23429656,Middle Fork Clark Creek,17060104000640,13.3128,0.06284455,901.745302368172,6.0122693516563,31.411505988373413,89.00508003133844,48.555,,2.887130551277949,2.6556389092185504,0.00292481010936147,,,,Spawning and rearing,1.0,,,5.140100816243873,35.50178355780205,42.82208483298134,UGR,August/September,4.431568575445291,14.539266979807385,DA+PPT+SLOPE,0,0.25756700287338957,0.8450360986659763,DA+PPT,0,0.8226897900887333,2.6991134845430884,DA+PPT,0,2.3424458942883906,7.6851899418910445,DA+PPT+SLOPE,0,0.0,0.0,0.8226897900887333,2.6991134845430884,0.6869208710544359,0.6869208710544359,0.007617400313473885,0.013014150915166198,0.006655846032117131,0.01508325298275823,0.1724438883352384,0.24707663148536158,-0.44035550019920255,-0.35104639977917795,-0.20194225398950227,3.695965579637153e-06,1.9248780958286122,0.18182367274831895,981,0.17572497735362194,0.9209376681014908,0.1977968779119886,0.9554626093244764,0.1388024315927631,0.25788123215279596,0.5,0.0032519002176517584,0.005555795737651288
23429666,,17060104000645,4.4478,0.06620359,900.0630840833671,6.942040882618373,21.960936635346286,65.51449095178694,25.356,,,,,,,,,,,,1.7173051807650908,35.43555449147115,44.495673588713075,UGR,August/September,2.6915586808676477,8.830573099959473,DA+PPT+SLOPE,1,0.2087630895695781,0.6849182728660698,DA+PPT,1,0.6943084823394016,2.277914968305123,DA+PPT,1,1.2680929576969704,4.160409966197409,DA+PPT+SLOPE,1,0.0,0.0,0.6943084823394016,2.277914968305123,0.6993222827032558,0.6993222827032558,0.002759716869749645,0.004580225251204083,0.003829114700766484,0.008133658744384731,0.14243997417044751,0.20110767680483843,-0.42445133472271857,-0.2901020831606652,-0.28161746741584964,1.2177257734934257e-06,0.8509812612057112,0.10202860957504602,981,0.14738141902299015,0.7927257127866874,0.18427667337060055,0.9098026335011834,0.09082270941690634,0.2975138656662192,0.3,0.0021762733189226655,0.00361190023444527
23429678,,17060104000651,6.9444,0.12101234,787.1773761699067,5.877370346393209,28.100231295192295,80.90874392608416,15.68,,,,,,,,,,,,2.681247829782161,30.991235282279792,42.57926662350778,UGR,August/September,3.237354197740026,10.621240806233681,DA+PPT+SLOPE,1,0.20819698754920596,0.6830609827729854,DA+PPT,0,0.692501081679447,2.271985176113671,DA+PPT,0,1.5326351145619674,5.028330428352911,DA+PPT+SLOPE,1,0.0,0.0,0.692501081679447,2.271985176113671,0.6993550002199439,0.6993550002199439,0.001972159551420082,0.004208256496085275,0.00277021653589785,0.0074356055742946835,0.12489882234524353,0.1951815584893371,-0.4571825485701934,-0.3452419742225258,-0.19480526067138282,2.225246924936075e-06,1.2566269302614506,0.08425984281337318,981,0.14699262585240713,0.9998740825200342,0.15268464300739934,0.9081776210711008,0.08866408139138968,0.23791818052161326,0.5,0.0012867769586394557,0.00274576541807083
23429688,Pelican Creek,17060104000656,3.3741,0.03705882,868.0140433608963,6.837653602587356,21.797923420816556,65.09791973412827,19.222,,,,,,,,,,,,1.3027472931380666,34.17378123468096,44.30777648465724,UGR,August/September,2.217018726813762,7.273683486921791,DA+PPT+SLOPE,1,0.1934206663684434,0.6345822387416122,DA+PPT,1,0.6527273068526351,2.141493788886598,DA+PPT,1,0.9834105932641704,3.226412707559614,DA+PPT+SLOPE,1,0.0,0.0,0.6527273068526351,2.141493788886598,0.7036730893011167,0.7,0.006983515304216855,0.013980650496320107,0.009363839318852334,0.018217734217280696,0.19078646776115582,0.2631266201404383,-0.4621478535208739,-0.22688112827355147,-0.3016071788867222,5.699202000610257e-07,0.42737859901740766,0.33114336152190144,981,0.13680889061433438,0.5032630428204414,0.18360553121619724,0.9214025595118777,0.08041499346290026,0.44236380153570387,0.3,0.00710132202362894,0.014216493692543061
23429694,Little John Day Creek,17060104000659,4.4919,0.06700159,821.9432287070726,7.0248413610518945,22.115520922926954,65.90911175494145,39.637,,,,,,,,,,,,1.7343322859568127,32.35996963413672,44.644714449893414,UGR,August/September,2.5813738484069773,8.46907430579717,DA+PPT+SLOPE,1,0.1971047096122796,0.6466689947909435,DA+PPT,1,0.6626376614473918,2.174008075614802,DA+PPT,1,1.1707740244924032,3.841122127599748,DA+PPT+SLOPE,1,0.0,0.0,0.6626376614473918,2.174008075614802,0.7025452655652773,0.7,0.002790972343321088,0.004521231949408416,0.003857291301531032,0.007985722121658248,0.1426762819257708,0.19988094682625634,-0.43357011843999327,-0.2803439071358132,-0.28222868312266247,1.242497189457261e-06,0.7244004605761974,0.28647243651889576,981,0.13941727474955526,0.7439869946207165,0.1784662519720831,1.1160013633955204,0.07882754503752373,0.3145601778131854,0.3,0.0023838693761002536,0.0038617460370874096
23429704,,17060104000664,13.3074,0.04923865,760.5517609297309,6.316049762076965,27.079806059528014,78.38663943064952,24.894,,2.9378812241592214,2.604070878245257,0.0030858548240485064,,,,Spawning and rearing,1.0,,,5.138015864587744,29.942982713768934,43.368889571738535,UGR,August/September,3.972532797424296,13.033244086037715,DA+PPT+SLOPE,0,0.23041886590181496,0.7559674078143535,DA+PPT,0,0.7515246387331134,2.465632016840923,DA+PPT,0,1.9375205088951033,6.356694582989184,DA+PPT+SLOPE,0,0.0,0.0,0.7515246387331134,2.465632016840923,0.6933981215968583,0.6933981215968583,0.009779060491447066,0.017264692044948713,0.008404762144843725,0.016606115507964498,0.18761823267969494,0.25512676259556333,-0.4646567883023005,-0.32306569401930896,-0.2038727555335467,2.5111389484761018e-06,1.2991209712796503,0.6346411529003328,981,0.15998405624480494,0.7814933290978627,0.20589005662545345,1.1769073903039364,0.11203294605626485,0.30082107176692036,0.5,0.005047203602001459,0.008910714475375609
23429706,Tie Creek,17060104000665,12.6648,0.0541791,669.549069620452,6.661696421451748,27.130972765672702,78.51342576286814,24.9995,,3.408754212201525,3.0291634568250303,0.002553882267594493,,,,Spawning and rearing,1.0,,,4.889906617508368,26.360199591356377,43.991053558613146,UGR,August/September,3.6631460741534747,12.01819578134342,DA+PPT+SLOPE,0,0.21001363463075257,0.6890211109932827,DA+PPT,0,0.6970285057817767,2.2868389297302385,DA+PPT,0,1.6859545059797212,5.531346804395411,DA+PPT+SLOPE,0,0.0,0.0,0.6970285057817767,2.2868389297302385,0.6987015123646853,0.6987015123646853,0.008766829597459865,0.016184943170013733,0.007999731258360659,0.015488495057489563,0.18391374758087645,0.24926984320022988,-0.47904078225974456,-0.30937245842597266,-0.2035870280559222,1.5786353450440586e-06,1.0223763085498978,0.4959213647600088,981,0.14799909782545018,0.7316593486341137,0.18855501558749183,1.0995305759674894,0.09241048992963051,0.3186349217079929,0.5,0.005199920618478013,0.009599869458285611
23429708,Middle Fork Clark Creek,17060104000666,5.688,0.06142141,953.3617839082278,5.517450258243671,23.972440767793547,70.6193075575516,39.055499999999995,,2.407994388803998,2.486249319735656,0.003362496650678473,,,,Spawning and rearing,1.0,,,2.196149077789432,37.53392850032393,41.931410464838606,UGR,August/September,3.084695841907722,10.120393182111949,DA+PPT+SLOPE,0,0.22716086389247003,0.7452784248440617,DA+PPT,0,0.7434497258321047,2.4391395204465374,DA+PPT,0,1.5261752677688312,5.007136705278318,DA+PPT+SLOPE,1,0.0,0.0,0.7434497258321047,2.4391395204465374,0.6944502687949469,0.6944502687949469,0.0034184047852235445,0.0057042551818385434,0.004156321257770133,0.008854490344265926,0.14694300060969231,0.20688127761006225,-0.4143793901234022,-0.2988825760815104,-0.2825817125373172,1.9785037081245715e-06,1.097160960029448,0.13576730244122828,981,0.15818320265742694,0.8284423233627133,0.19770059032238474,0.9604205484477444,0.10836637500107343,0.28605378121936836,0.3,0.002239850728429789,0.003737614743408726
23429710,Pelican Creek,17060104000667,7.2711,0.02061936,850.3920841774973,6.790682077373438,23.1058908271683,68.42803802845533,18.534,,2.926461297381994,3.0462028974299717,0.004863180325692953,,,,Rearing and migration,1.0,,,2.807387404977978,33.4800033140747,44.22322773927219,UGR,August/September,2.968316265746355,9.738570425677016,DA+PPT+SLOPE,0,0.2209046302183208,0.7247527238133884,DA+PPT,0,0.7266134713086739,2.383902464923471,DA+PPT,0,1.3931971864917074,4.570856911062032,DA+PPT+SLOPE,1,0.0,0.0,0.7266134713086739,2.383902464923471,0.695980546822978,0.695980546822978,0.01560503620085706,0.03879026168135093,0.014537356551988814,0.026896798979891643,0.22240431491119889,0.2996172859737945,-0.45284051719146223,-0.22026063630413112,-0.31236148995241775,8.643588897818763e-07,0.5850655521010825,0.5850655521010825,981,0.15448352160871748,0.47143272245706025,0.2197781303530437,0.8967398184916878,0.11132664394021756,0.46914184530534236,0.3,0.011200881219228577,0.02784262131553035
23429718,,17060104000671,8.8416,0.04237572,780.5621283336726,7.38582645564943,23.263633642530614,68.82779465193687,34.857,,,,,,,,,,,,3.4137608449688894,30.7307924540816,45.29448762016897,UGR,August/September,3.297487767068366,10.818529419515636,DA+PPT+SLOPE,0,0.2168016633821447,0.7112915465293461,DA+PPT,0,0.7155056441949971,2.347459462582011,DA+PPT,0,1.5516718398974152,5.090786876303856,DA+PPT+SLOPE,1,0.0,0.0,0.7155056441949971,2.347459462582011,0.6969951737752335,0.6969951737752335,0.006054275950372984,0.011034408526961503,0.006010022229980369,0.011293482357232373,0.1670613664486749,0.2243585506999059,-0.4293199074398587,-0.27588649983869634,-0.2887835704914645,1.4173651081224124e-06,0.9226890976346215,0.5553826082178693,981,0.15204386450665086,0.6992992541770359,0.19776841932267133,1.121011360437032,0.09958476794683996,0.33563616425632053,0.3,0.003901776003599606,0.007111302946434224
23429722,Little John Day Creek,17060104000673,6.7707,0.0465892,791.867291323674,7.053198590522396,22.451631933174955,66.76576726798162,42.2775,,,,,,,,,,,,2.614181884843338,31.175877611168268,44.695757462940314,UGR,August/September,2.9635460151509445,9.722919997214385,DA+PPT+SLOPE,0,0.2080007121609149,0.6824170346486709,DA+PPT,0,0.6919864928542571,2.27029689256646,DA+PPT,0,1.367758833525056,4.487397747785616,DA+PPT+SLOPE,1,0.0,0.0,0.6919864928542571,2.27029689256646,0.6994150690673625,0.6994150690673625,0.005049587311939899,0.008945210916302494,0.005661253769586203,0.010835788070801435,0.1631974438147998,0.22128577698556942,-0.43393428470472206,-0.2723556756301317,-0.28804878589555993,1.4367013058832622e-06,0.7940741966842683,0.4014832789067659,981,0.14687973417668923,0.688596430721285,0.18725363101479417,1.067864723673475,0.09133271304695154,0.3399151885463212,0.3,0.003691869639712618,0.006540049822415296
23429724,Tie Creek,17060104000674,3.0807,0.15311141,717.2493257259714,6.215817616827344,23.399767819996075,69.1724765804121,12.144,,,,,,,,,,,,1.189464919821713,28.238162430156358,43.18847171028922,UGR,August/September,2.16793677513714,7.112653461736023,DA+PPT+SLOPE,1,0.16781055520690316,0.5505595643271101,DA+PPT,1,0.5816494739627757,1.9082987990904712,DA+PPT,1,0.9104274288403659,2.9869666300536935,DA+PPT+SLOPE,1,0.0,0.0,0.5816494739627757,1.9082987990904712,0.711491950532319,0.7,0.0006946030604862044,0.0013714407890984145,0.001281285160339284,0.0031259574372656464,0.09679064931328643,0.14621581639163855,-0.4354509883596433,-0.2917031196880025,-0.27156460679201483,8.254915890204444e-07,0.6179937276273264,0.059094827724879645,981,0.11869509862303818,0.8692470354212917,0.14010028407019814,0.9151674865504735,0.04900208069488664,0.2701526478820263,0.3,0.000762941711203646,0.0015063702450674764
23429726,,17060104000675,4.6998,0.0292751,771.148915225967,6.938099856587514,22.477503161449125,66.83162919958855,21.302,,,,,,,,,,,,1.814602924717787,30.360193512833348,44.48857974185752,UGR,August/September,2.3786093076581913,7.803836311214538,DA+PPT+SLOPE,1,0.1906921226246152,0.6256303235715722,DA+PPT,1,0.645045374320692,2.116290598165,DA+PPT,1,1.0314357627025594,3.3839755994178455,DA+PPT+SLOPE,1,0.0,0.0,0.645045374320692,2.116290598165,0.7043740948837339,0.7,0.008968684918779389,0.02126510840183291,0.010682462780688568,0.021126635705186123,0.19892285514537808,0.27644587536815257,-0.47020126648576377,-0.21272358783632722,-0.3063926828972204,6.613187133157825e-07,0.39965779123877754,0.39965779123877754,981,0.13487908498606796,0.452923511847718,0.1897196900424878,0.885542351081963,0.07944353605472376,0.4755630416692415,0.3,0.00869534026557283,0.02061699736502664
23429728,Tie Creek,17060104000676,8.7507,0.05388835,684.1694135630978,6.477002397852515,23.462100607380883,69.33020235035752,26.949,,2.761586372677497,2.5886837750359484,0.0032676016503729983,,,,Spawning and rearing,1.0,,,3.378664158757381,26.935803683586528,43.65860431613453,UGR,August/September,3.126277962158936,10.256817461151364,DA+PPT+SLOPE,0,0.19851430957756577,0.6512936665930635,DA+PPT,0,0.6660847486884138,2.185317416956738,DA+PPT,0,1.3966783859228855,4.582278169038338,DA+PPT+SLOPE,1,0.0,0.0,0.6660847486884138,2.185317416956738,0.7019683907063479,0.7,0.004102060809778265,0.007350211960173799,0.004387627340267926,0.008581919045093764,0.14981394653353555,0.2047362783321654,-0.4355180560617136,-0.2758873527548557,-0.2842069638431627,1.4914803347902018e-06,0.8154725933820755,0.3946332965144401,981,0.14041346451509823,0.7132879114376086,0.17846054227445485,1.0828735646770729,0.08061157187698319,0.32619726927214915,0.3,0.0029370117352161495,0.005262637436260594
23429730,,17060104000677,8.6301,0.0196923,589.5008481462091,7.31057530353113,18.408135182567108,56.32763094406933,36.119,,,,,,,,,,,,3.3321002384371625,23.20869480890587,45.15903554635604,UGR,August/September,2.6422734105309296,8.668876018802262,DA+PPT+SLOPE,1,0.1796254692674831,0.5893224057332123,DA+PPT,1,0.6141315311614712,2.0148672282200497,DA+PPT,1,1.075783462833647,3.529473303259996,DA+PPT+SLOPE,1,0.0,0.0,0.6141315311614712,2.0148672282200497,0.707513032382871,0.7,0.009456330215423688,0.02603792511380472,0.009719943099329916,0.019809729881228245,0.19182526893435262,0.27057822983359614,-0.48069502844615586,-0.20295554519474862,-0.3066294832597656,5.793929308351278e-07,0.3784007600900293,0.3784007600900293,981,0.1270508345508384,0.43024875965825476,0.1787094709740489,0.8012780559545252,0.06808079014923075,0.4953723028437035,0.3,0.008790179940594571,0.02420368597712036
23429740,,17060104000682,8.8821,0.04643663,725.7860751970817,7.020430720508664,26.762283728068557,77.59907516162158,26.7335,,2.8343576739564327,2.51532311447546,0.004062089005881414,,,,Spawning and rearing,1.0,,,3.429397982389858,28.574254929018966,44.636775296915594,UGR,August/September,3.205892930928955,10.518021426932266,DA+PPT+SLOPE,0,0.20691265895772148,0.6788473062917372,DA+PPT,0,0.6888764200227145,2.260093241544339,DA+PPT,0,1.46593617926618,4.809501900479593,DA+PPT+SLOPE,1,0.0,0.0,0.6888764200227145,2.260093241544339,0.6996374778644638,0.6996374778644638,0.011670627520899696,0.02249463928305827,0.011478850167124733,0.021202697097320373,0.20665672379299585,0.2767772370785334,-0.49314972295071535,-0.2867261779782322,-0.20864524890392758,1.146435867071053e-06,0.7825075011076216,0.4419580010730668,981,0.14620619092623113,0.6342200979430667,0.18784324231994218,1.0039660659779526,0.09129809644099407,0.3665294897376382,0.5,0.007961211194570416,0.01534489672962343
23429744,,17060104000684,7.1577,0.02555194,745.3521389991199,7.527911703772162,18.525395457886393,56.634682652725246,33.287,,,,,,,,,,,,2.763603420199265,29.344572401540155,45.550241066789894,UGR,August/September,2.801153594527489,9.1901364649852,DA+PPT+SLOPE,0,0.20205957349337192,0.6629251098863908,DA+PPT,0,0.6758537143956302,2.2173678293819887,DA+PPT,0,1.2466386162685754,4.090021706917899,DA+PPT+SLOPE,1,0.0,0.0,0.6758537143956302,2.2173678293819887,0.7010306088588121,0.7,0.00859374881007657,0.018733862757623027,0.009029198086368144,0.016690259704140235,0.18955677088167938,0.2555569510833142,-0.45372337061611556,-0.23754934210484616,-0.29969808919267016,8.938226695581572e-07,0.5760872152602661,0.5388509362222277,981,0.14291979655261924,0.5478381899304055,0.1982781062508715,1.0030917732678153,0.08803534106030204,0.42061076953917803,0.3,0.006893536505229785,0.015027500763370392
23429752,,17060104000688,5.8608,0.05224174,591.3230429330467,7.274196281557125,22.237812154636643,66.221014118859,38.165,,,,,,,,,,,,2.262867530785567,23.280434761143574,45.093553306802825,UGR,August/September,2.4053229552348676,7.891479511925418,DA+PPT+SLOPE,0,0.16719646295874657,0.5485448259801396,DA+PPT,0,0.5795844180336265,1.9015236812126852,DA+PPT,0,0.9661226885666885,3.1696938601269307,DA+PPT+SLOPE,1,0.0,0.0,0.5795844180336265,1.9015236812126852,0.7115235369404873,0.7,0.003850444913281419,0.00767019816115797,0.00476902156262427,0.009310012630252162,0.15163184954385459,0.21036981420462197,-0.46736331710009665,-0.2375160943298764,-0.2903515670074026,6.011478357689379e-07,0.4251476891747455,0.2868069016628099,981,0.11826144963352056,0.5567218876037257,0.15522117569479035,0.9399045118969707,0.05166156408398081,0.4052726760381659,0.3,0.003985461638411398,0.007939155401201946
23429760,,17060104000692,7.9821,0.02610359,765.4129522638402,6.985469766338934,25.68120148398482,74.90741997845878,21.292,,,,,,,,,,,,3.081906039701657,30.13436819936379,44.57384557941008,UGR,August/September,2.990912449055872,9.81270488535391,DA+PPT+SLOPE,0,0.20991232794049197,0.688688739962244,DA+PPT,0,0.6970448085991212,2.2868924166637834,DA+PPT,0,1.3628662212357265,4.471345870195953,DA+PPT+SLOPE,1,0.0,0.0,0.6970448085991212,2.2868924166637834,0.6988538966922928,0.6988538966922928,0.013506695066737635,0.03315159169916323,0.012707612601625241,0.02350395438011633,0.21233248625903045,0.28644878105175,-0.4574105534938286,-0.2209810497912803,-0.3089007841132657,8.159115342311013e-07,0.5658354172350041,0.5527291774008131,981,0.14799019266795954,0.47705960870545266,0.20782954387448693,0.8997308470939294,0.09963294566852335,0.4633706436724438,0.3,0.009910506883420267,0.02432490524939733
23429762,Pelican Creek,17060104000693,14.5719,0.01681443,814.662335621024,6.874288592884936,27.05276476418952,78.31961970309186,19.742,,3.367143025628898,3.0560029754249585,0.004357530308492022,,,,Spawning and rearing,1.0,,,5.626242044064667,32.073320300040315,44.373719467192885,UGR,August/September,3.9231335105164167,12.871172934765147,DA+PPT+SLOPE,0,0.2452101003722495,0.8044950799614484,DA+PPT,0,0.7904174791546216,2.5932331993261863,DA+PPT,0,1.9343366038955632,6.346248700444761,DA+PPT+SLOPE,0,0.0,0.0,0.7904174791546216,2.5932331993261863,0.6897714096169658,0.6897714096169658,0.04371527388315898,0.11769104447311343,0.029504777175345907,0.051436608710569716,0.2831171662450007,0.3718982280047074,-0.49632667008893777,-0.2472717485044651,-0.2268968042312512,1.6185893906375982e-06,0.8456246636243461,0.8456246636243461,981,0.16857637645139306,0.47829455188329406,0.2439596553957268,0.8834523179722039,0.1363346566471669,0.46840788542646383,0.5,0.02259962087008059,0.060843104677901085
23429782,Jennings Creek,17060104000703,8.3511,0.00729113,734.7840712920573,6.86840337566117,12.653466610268705,40.863993063990335,18.868000000000002,,,,,,,,,,,,3.2243777362038197,28.928506743781785,44.363126076190106,UGR,August/September,2.686589737395723,8.814270791980718,DA+PPT+SLOPE,0,0.20615046700829012,0.6763466765363849,DA+PPT,0,0.6868525121942458,2.253453123996869,DA+PPT,0,1.1681825263004455,3.8326198369437185,DA+PPT+SLOPE,1,0.0,0.0,0.6868525121942458,2.253453123996869,0.6998621052579195,0.6998621052579195,0.017869148241900733,0.05628074672934428,0.01752340501290382,0.036179506384125405,0.2339170545685212,0.3307406272861366,-0.4732468915365351,-0.1867727729506907,-0.3224569304998704,6.36429922287429e-07,0.3641170807001298,0.3641170807001298,981,0.14576027443377446,0.3622177182379321,0.20509920635561105,0.6607425781353814,0.10318221692336467,0.543911630132356,0.3,0.015296537860817958,0.04817804192601782
23429786,,17060104000705,13.1085,0.02070261,812.5210966014419,6.798912894569172,27.975903413653292,80.60216663302086,13.350999999999999,,3.407828375117623,3.049620027325602,0.004398445921785681,,,,Spawning and rearing,1.0,,,5.061220145253651,31.98901955123787,44.23804321022451,UGR,August/September,3.797951394507198,12.46047045441994,DA+PPT+SLOPE,0,0.23990252585272506,0.7870817777320376,DA+PPT,0,0.7765655244131834,2.5477871535865595,DA+PPT,0,1.8599631031686013,6.102241152127957,DA+PPT+SLOPE,0,0.0,0.0,0.7765655244131834,2.5477871535865595,0.6910723972275116,0.6910723972275116,0.03654526163170592,0.09228304163973028,0.026092358240117495,0.04528277896682571,0.2719779806871625,0.35643282311538804,-0.49594143636774907,-0.2541820627386383,-0.22378414265349514,1.3092419490428267e-06,0.8465735766053987,0.8465735766053987,981,0.16550882006569115,0.5027425197156556,0.23867914675574922,0.9338075968659824,0.12934722368799545,0.45169305519347636,0.5,0.01964837988960536,0.049615522739412665
23429788,Jennings Creek,17060104000706,10.9665,0.00766505,735.1656237275339,6.886530285719327,14.87373574912164,46.9300722207171,18.076,,,,,,,,,,,,4.234189321655733,28.943528493209996,44.39575451429479,UGR,August/September,3.0571615660445617,10.030057631379796,DA+PPT+SLOPE,0,0.21720692782154477,0.7126211542701599,DA+PPT,0,0.7164530571100377,2.3505677726707273,DA+PPT,0,1.3701917066331784,4.495379614938249,DA+PPT+SLOPE,0,0.0,0.0,0.7164530571100377,2.3505677726707273,0.6968302030872838,0.6968302030872838,0.022054999700086217,0.0690267989666002,0.018754283931757508,0.0373220780200754,0.2401233179509194,0.33418627190826145,-0.4661857220916903,-0.19135786252250017,-0.3237021314540519,9.504379572843483e-07,0.44987336000430034,0.44987336000430034,981,0.1522623751276974,0.3755958433682486,0.21609928472036335,0.6808871353263061,0.11337452349381527,0.5361866151387232,0.3,0.016096287543791624,0.0503774753798592
23429796,Dark Canyon Creek,17060104000710,5.3703,0.01478465,748.9962821334003,6.655282961773085,19.184389855640607,58.35514976701024,17.3165,,2.7481116724251153,2.5941471438267625,0.0042037901634322545,,,,Spawning and rearing,1.0,,,2.0734844220204973,29.48804260367718,43.97950933119155,UGR,August/September,2.3519250247415577,7.716289451251829,DA+PPT+SLOPE,0,0.19190797305282412,0.6296193341628088,DA+PPT,0,0.6483064414453046,2.1269896372877444,DA+PPT,0,1.0029433550155578,3.290496571573352,DA+PPT+SLOPE,1,0.0,0.0,0.6483064414453046,2.1269896372877444,0.7039857067824387,0.7,0.012936033174847763,0.03766257227500055,0.014773257432566389,0.030755485765498247,0.22032573671953923,0.31330995696893826,-0.4793290008067553,-0.18846035763057362,-0.31743738413010464,5.390908255478637e-07,0.31075179954803417,0.31075179954803417,981,0.1357392331918865,0.3569669165726817,0.19092934025353447,0.6919489905090261,0.08745663040875054,0.5349468506797993,0.3,0.012898069577067088,0.03755204328006772
23429800,Dry Creek,17060104000712,18.9063,0.02278348,780.0010709001762,6.911293456324082,32.259149275152616,91.05743002757977,19.127,,3.3674521860224744,2.927491241920631,0.0040934461053127105,,,,Spawning and rearing,1.0,,,7.299763240051045,30.708703578747095,44.440328221383346,UGR,August/September,4.432175820963988,14.541259255131195,DA+PPT+SLOPE,0,0.2504616578752241,0.8217245993281631,DA+PPT,0,0.803952444048774,2.6376392521285235,DA+PPT,0,2.2220359810895656,7.290144294913272,DA+PPT+SLOPE,0,0.0,0.0,0.803952444048774,2.6376392521285235,0.6884620978152918,0.6884620978152918,0.042598642528561596,0.10466354758195172,0.02599895252441252,0.043206349003639004,0.2727742527546155,0.3508993171872748,-0.48604207023476015,-0.26482237720776003,-0.2231366000330672,2.066042199911982e-06,1.0791487408132892,1.034667188867941,981,0.1715814269452125,0.5321183670451121,0.24696061137671738,0.9644630993493843,0.13934189979824468,0.4343014905009116,0.5,0.019170995830442645,0.047102544005894274
23429808,Jennings Creek,17060104000716,15.2478,0.02830508,728.134067528568,6.936824183606481,25.993343057470476,75.68622813057905,24.889,,,,,,,,,,,,5.887208493023506,28.666695571990868,44.48628353049166,UGR,August/September,3.9460190761221106,12.946256811424247,DA+PPT+SLOPE,0,0.22983439181011694,0.7540498418967091,DA+PPT,0,0.7498839341697229,2.4602491278534213,DA+PPT,0,1.8878830263824025,6.193841950073499,DA+PPT+SLOPE,0,0.0,0.0,0.7498839341697229,2.4602491278534213,0.6935067130560795,0.6935067130560795,0.013504117354238739,0.02879913741262408,0.009970006043458166,0.017184632191383553,0.19815664738889194,0.2580556746993607,-0.4339525975480255,-0.2563348862091379,-0.2997425101993784,1.5951972087744043e-06,0.9950104928383346,0.7219819280236267,981,0.15962310028261154,0.605239037438625,0.21501511581918129,1.0038202926205715,0.11474839579692098,0.3880064132413634,0.3,0.0071530477076832385,0.015254725536576034
23429816,Pelican Creek,17060104000720,27.3267,0.02434448,771.5419923844153,7.051482481795607,37.05792396291404,102.53672854861738,24.419,,3.5274777558275345,3.29039098234748,0.003904304735064122,,,,Spawning and rearing,1.0,,,10.550897855841855,30.375668991512413,44.692668467232096,UGR,August/September,5.245828743205072,17.210724223113754,DA+PPT+SLOPE,0,0.26676194280509186,0.8752032244261544,DA+PPT,0,0.8459204125483268,2.7753294374945106,DA+PPT,0,2.7260207137953594,8.943637512451966,DA+PPT+SLOPE,0,0.0,0.0,0.8459204125483268,2.7753294374945106,0.6846488879474203,0.6846488879474203,0.05179308706015225,0.12441553175598608,0.026651791022406852,0.042918262517853564,0.27638469799632126,0.35011768156415163,-0.4725331940901871,-0.2776574755844865,-0.2231575393029194,2.2828939082575824e-06,1.4331289654579358,1.3186530841149389,981,0.1809055789047454,0.5651125166907387,0.2607207818807958,1.0034778766976133,0.15572450810223568,0.4155587994431699,0.5,0.0189995207292619,0.04563998032970408
23429820,Dry Creek,17060104000722,34.9659,0.01601496,782.8587726079122,6.950418470157782,34.71086881883648,96.95083948081667,16.1895,,3.71177389180181,3.2750017557429194,0.003635282414398073,,,,Rearing and migration,1.0,,,13.500409465379308,30.821211519996545,44.51075324628401,UGR,August/September,5.713670408389558,18.745637822800386,DA+PPT+SLOPE,0,0.2822622609395191,0.9260572865469787,DA+PPT,0,0.8854380990803034,2.904980640027242,DA+PPT,0,3.0327397874052893,9.94993368571289,DA+PPT+SLOPE,0,0.0,0.0,0.8854380990803034,2.904980640027242,0.681217398220494,0.681217398220494,0.07715070270877622,0.2075302986613894,0.034667199449264344,0.05523530315811002,0.30129901690376254,0.3808368058493722,-0.4697791924352355,-0.2654925500212844,-0.23006105809421573,3.015501841932168e-06,1.5005157365635462,1.5005157365635462,981,0.18972550636291943,0.5182320691936948,0.2808228684538791,0.9350815141767154,0.1748408547241316,0.4472230446093998,0.5,0.025439275413333032,0.06842997197558627
23429826,Ensign Creek,17060104000725,5.625,0.02053252,703.5981904783999,6.9809990391520005,15.531300652340448,48.70082061246223,20.136,,,,,,,,,,,,2.171824641801258,27.700716160566927,44.5657982704736,UGR,August/September,2.390122897154951,7.841610554970312,DA+PPT+SLOPE,0,0.185856516332303,0.6097654735311777,DA+PPT,0,0.6316242609836598,2.0722580740933716,DA+PPT,0,1.0055348044904868,3.2989987023966103,DA+PPT+SLOPE,1,0.0,0.0,0.6316242609836598,2.0722580740933716,0.7057482940207847,0.7,0.007831193993796857,0.018977824955853585,0.00921453346111895,0.01843645981199356,0.1890684614579716,0.2641754831338007,-0.4718317558995502,-0.2154910314353531,-0.30346267920397774,7.334236673001348e-07,0.3961970272855211,0.3961970272855211,981,0.13146107872413465,0.47513313495087317,0.18490874287635387,0.8963757666694173,0.07265405524378887,0.46702440057332284,0.3,0.0077880884468887095,0.018873364572865096
23429828,Camp Creek,17060104000726,11.6271,0.05175392,1068.8850889000696,4.711247826496633,29.577486213477126,84.5368110198238,17.083,,,,,,,,,,,,4.489248407588873,42.08209011417597,40.48024608769394,UGR,August/September,4.47779997878934,14.690944812300984,DA+PPT+SLOPE,0,0.28051536505278474,0.9203260008293462,DA+PPT,0,0.8818572894518497,2.893232576941764,DA+PPT,0,2.499134467485537,8.199260063928927,DA+PPT+SLOPE,0,0.0,0.0,0.8818572894518497,2.893232576941764,0.6819038994085436,0.6819038994085436,0.009135880829469652,0.015718853705555397,0.007901267976915496,0.01777709779673713,0.1827680935575014,0.2609878484907825,-0.428523799272058,-0.3593438177742333,-0.20423111497679305,4.262663277871683e-06,2.165504273584212,0.16563492085399514,981,0.18888073200350433,0.936039421720771,0.198839622974007,0.8930895621390184,0.16346416624171092,0.2557041415721438,0.5,0.00365561795426781,0.006289719064765115
23429832,Ensign Creek,17060104000728,22.9914,0.01860492,720.1047199807799,6.955799197399241,24.99770388223498,73.19727436331148,23.878,,3.5347720173106163,3.1719905202255636,0.003993610487529772,,,,Spawning and rearing,1.0,,,8.87702916791279,28.35057952680236,44.520438555318634,UGR,August/September,4.571658928144453,14.998880997849255,DA+PPT+SLOPE,0,0.24674389824120166,0.8095272252007928,DA+PPT,0,0.7941053654181047,2.6053325637076927,DA+PPT,0,2.247861119600334,7.374872439633641,DA+PPT+SLOPE,0,0.0,0.0,0.7941053654181047,2.6053325637076927,0.6892806559601969,0.6892806559601969,0.022724229828730957,0.05586426467815802,0.013559868776738152,0.022537351382279767,0.21974444212404035,0.28246694006226636,-0.43127670650525973,-0.24707953722598133,-0.30808388749202076,2.3546110954973417e-06,1.1348788696458763,1.1047676930758221,981,0.16940580653648082,0.5654565356722986,0.244047734432511,1.0036476038094384,0.13346982501898957,0.4168500854486486,0.3,0.010109267708127489,0.024852186903829093
23429834,Jennings Creek,17060104000729,4.9959,0.02796462,739.9613578742569,6.853160161844713,16.580698952333425,51.50466071786403,18.2285,,,,,,,,,,,,1.9289277738622053,29.132336924183345,44.33568829132048,UGR,August/September,2.384872341563037,7.824384322713376,DA+PPT+SLOPE,0,0.18778846224100046,0.6161038787434397,DA+PPT,0,0.6370203492974031,2.089961775910115,DA+PPT,0,1.021109057885617,3.3500953342703967,DA+PPT+SLOPE,1,0.0,0.0,0.6370203492974031,2.089961775910115,0.7052080636856886,0.7,0.006153627351208393,0.012830342379156328,0.007611055675555026,0.014909507543986004,0.1779843183601785,0.24612426546115265,-0.46231817180012996,-0.23263876461559332,-0.2974320079087216,8.206401470515575e-07,0.453726975257314,0.4342690437678349,981,0.13282669592814156,0.5354677333597763,0.18516373964337599,1.0045119331172991,0.07266195267288118,0.42601488680293753,0.3,0.0060264153996934895,0.012565104853465674
23429840,,17060104000732,9.9018,0.04013391,658.242584034721,7.27475638520269,29.87753286939175,85.27048830549815,28.642,,,,,,,,,,,,3.8231063534555902,25.915062363571693,45.09456149336484,UGR,August/September,3.1633828382405107,10.378552618899313,DA+PPT+SLOPE,0,0.1981757485410925,0.650182902037705,DA+PPT,0,0.6650878748399988,2.182046833464563,DA+PPT,0,1.3970093359448805,4.583363963073754,DA+PPT+SLOPE,0,0.0,0.0,0.6650878748399988,2.182046833464563,0.7020307300162885,0.7,0.016825653340487575,0.03835568360160562,0.015398435688732946,0.028195838232699433,0.22648856501582512,0.30436520568521497,-0.5147816922611759,-0.2550583923793694,-0.21476147967072182,8.857842100085009e-07,0.6131820625925177,0.6131820625925177,981,0.14017459387772277,0.5239063605698753,0.19716515328305886,0.9830239518483592,0.08462314005899406,0.43092087323473593,0.5,0.012044052181732476,0.027455567128091805
23429844,Dark Canyon Creek,17060104000734,8.4078,0.01433333,742.2250211104688,6.667588761570327,20.711589237919068,62.31021236944873,18.68,,2.890289277669109,2.7345173245440275,0.004239890637813487,,,,Spawning and rearing,1.0,,,3.2462697285931763,29.221457524034207,44.00165977082659,UGR,August/September,2.866747935926705,9.405340997134859,DA+PPT+SLOPE,0,0.207780279301184,0.681693829728294,DA+PPT,0,0.6912560374086391,2.267900385198947,DA+PPT,0,1.275571627959764,4.18494628595723,DA+PPT+SLOPE,1,0.0,0.0,0.6912560374086391,2.267900385198947,0.6994163261414615,0.6994163261414615,0.017138807142887433,0.05002189497707092,0.016094279838007475,0.03184375678970995,0.22830734841199846,0.31696265748366226,-0.467526220466632,-0.1982795182300652,-0.31809998146529533,6.602151072538982e-07,0.4406881251379993,0.4406881251379993,981,0.1467257781610149,0.39513535157795715,0.2067207067675291,0.7435572819157846,0.10252518751695859,0.5167508832655229,0.3,0.013436177763141696,0.0392152771985681
23429846,Pelican Creek,17060104000735,64.2582,0.0172212,772.8988727342223,7.024000486069077,43.11218522341033,116.7197708862324,20.796,1.529,4.060468931712409,3.4406631658241587,0.003095670958409372,,,,Spawning and rearing,1.0,,,24.810229724052196,30.42908947772529,44.64320087492434,UGR,August/September,7.54526845899093,24.75481777884163,DA+PPT+SLOPE,0,0.31431632323677083,1.0312215329290382,DA+PPT,0,0.9657542098900772,3.168484940584243,DA+PPT,0,4.254914244135105,13.959692402018062,DA+PPT+SLOPE,0,0.0,0.0,0.9657542098900772,3.168484940584243,0.6745379724800304,0.6745379724800304,0.11120516050347166,0.28711641618451306,0.03755980996844667,0.05733158481931751,0.31159301434195297,0.3855949306912399,-0.44611797333731457,-0.28440920967009137,-0.23191300702414733,4.7516498940089035e-06,2.3706129269571736,2.3706129269571736,981,0.20774349715385595,0.5599676517503356,0.31271347215652984,1.004606382075515,0.20855257976317515,0.42416426465280604,0.5,0.02613569959882383,0.06747877858649419
23429852,Pelican Creek,17060104000738,74.6856,0.02576288,756.3548073348597,7.064532094311674,51.169826725097934,135.16166843199196,22.4035,1.1059999999999999,4.1683251120242515,3.656323709521582,0.0028901457827804683,,,,Spawning and rearing,1.0,,,28.836271372037693,29.77774832027007,44.71615776976101,UGR,August/September,8.266456547783468,27.12092043236046,DA+PPT+SLOPE,0,0.3189089338340008,1.0462891529986902,DA+PPT,0,0.9770688768270667,3.2056065512699035,DA+PPT,0,4.742315355513368,15.5587774131016,DA+PPT+SLOPE,0,0.0,0.0,0.9770688768270667,3.2056065512699035,0.6736064965352027,0.6736064965352027,0.09435153123829013,0.21446064571377596,0.030550025303824436,0.047624843927860476,0.2924154661080171,0.3624748302533241,-0.4352050975222043,-0.3081068170577176,-0.22613806011625365,5.84160868859603e-06,2.996738198598561,2.3070074914361065,981,0.21029309406532923,0.634757536776157,0.3001279785876754,1.0569128466029682,0.21099612311354837,0.38046049706619733,0.5,0.019895667867932485,0.04522277192393926
23429860,,17060104000742,11.8836,0.03150549,709.5767835254469,6.7324776466752505,22.0006989278236,65.61603369003872,22.886499999999998,,,,,,,,,,,,4.58828361125501,27.936093839584526,44.118459764015455,UGR,August/September,3.504573422237733,11.497944298680226,DA+PPT+SLOPE,0,0.21550739750842332,0.707045267416087,DA+PPT,0,0.7118445800030592,2.3354480971228972,DA+PPT,0,1.6195813614800916,5.313587143963555,DA+PPT+SLOPE,0,0.0,0.0,0.7118445800030592,2.3354480971228972,0.6972549857617836,0.6972549857617836,0.008543229102949659,0.017329431456997044,0.007460600378060763,0.013513327964701954,0.17946948140192234,0.23818849063448644,-0.4364460024218363,-0.26261155250411683,-0.2934818446959861,1.4186804490500721e-06,0.8760614227036501,0.5532369608452568,981,0.15124834804269285,0.6398493301348882,0.19766100750041543,1.0235131156724608,0.09919185885548477,0.36662947411351476,0.3,0.0052749613610903945,0.010699944979090242
23429870,,17060104000747,2.4363,0.08180926,1064.6407739009974,4.702988359992612,21.810626438051376,65.13039764915597,12.864,,,,,,,,,,,,0.940660688856961,41.91499109846447,40.4653790479867,UGR,August/September,2.269860987388934,7.447050483559495,DA+PPT+SLOPE,1,0.207740081433134,0.681561946959101,DA+PPT,1,0.6919180767438374,2.2700724302619335,DA+PPT,1,1.0856099849303142,3.5617125489839703,DA+PPT+SLOPE,1,0.0,0.0,0.6919180767438374,2.2700724302619335,0.6997620261480122,0.6997620261480122,0.0022536715780263755,0.00404039056105983,0.003870757513048166,0.008449239061887987,0.14185530682003494,0.20367569146698725,-0.4250869573555638,-0.2892955314514355,-0.28174675367995256,9.95167941574105e-07,0.7469223104726949,0.10693604075062053,981,0.14683947151126397,0.7949948347772565,0.19749533606202785,0.9832799857646682,0.0901286191531274,0.29903850515947855,0.3,0.0020759495668889226,0.0037217698963216373
23429874,Dark Canyon Creek,17060104000749,13.2894,0.02000734,734.4152091225789,6.684577066015848,24.47803666491006,71.89254127263065,22.506999999999998,,3.257247909051362,2.890143087763631,0.00430156316594929,,,,Spawning and rearing,1.0,,,5.13106602573398,28.913984611125155,44.03223871882852,UGR,August/September,3.61541314423401,11.861591680557774,DA+PPT+SLOPE,0,0.22515387583982782,0.7386938183721384,DA+PPT,0,0.7375463645863805,2.4197715373568913,DA+PPT,0,1.695488069001514,5.56262489829893,DA+PPT+SLOPE,0,0.0,0.0,0.7375463645863805,2.4197715373568913,0.694725800775799,0.694725800775799,0.01809738099125014,0.04652862852332644,0.013729698710705169,0.02432100687081913,0.2189077556442819,0.28973025599546515,-0.4484805734878488,-0.22766593738829827,-0.31012379041314775,1.168645745308288e-06,0.745180506841293,0.745180506841293,981,0.15690250519379165,0.5005954048367877,0.22400570724072286,0.920027994713313,0.11347888416020359,0.4531937089287428,0.3,0.010673847443767521,0.027442616302648187
23429878,Camp Creek,17060104000751,8.28,0.08306398,1076.7784234619567,4.670348997163043,30.65372127551334,87.16354794309102,11.579,,,,,,,,,,,,3.1969258727314513,42.392851317399874,40.40662819489348,UGR,August/September,4.0031958250230195,13.133844570285497,DA+PPT+SLOPE,0,0.264214211324993,0.8668445253444652,DA+PPT,0,0.8402540282423493,2.756738937802983,DA+PPT,0,2.1899105390853717,7.184745863140983,DA+PPT+SLOPE,1,0.0,0.0,0.8402540282423493,2.756738937802983,0.6855543651749239,0.6855543651749239,0.004023359655481485,0.008651327466966355,0.004593844971565789,0.012277085777260095,0.1478905361031976,0.23069159055577346,-0.42962530264119553,-0.3663631431459655,-0.19941770924127308,3.202511446858203e-06,2.0789085851428437,0.11198442510292878,981,0.17960333906480885,1.0511885196968573,0.17222949660975712,0.872295397131025,0.14514379250768705,0.22949333850132714,0.5,0.0018372255777908916,0.003950539217268496
23429908,Wright Slough,17060104000765,57.7989,0.00020561,486.9953633733514,8.609012367558899,6.652548996154169,23.566043920600425,11.587,,3.9241557294498,3.399861200845149,0.00330507507522842,,,,Rearing and migration,1.0,,,22.316280051378975,19.17304580210045,47.49622226160602,UGR,August/September,3.900847040006691,12.798054593197804,DA+PPT+SLOPE,1,0.22776488675082301,0.747260127135246,DA+PPT,1,0.7435025163027679,2.439312717528766,DA+PPT,1,1.5826238430316373,5.192335443017182,DA+PPT+SLOPE,1,0.0,0.0,0.7435025163027679,2.439312717528766,0.6936595616603496,0.6936595616603496,0.048859569618931224,0.19666867359916573,0.028648752243425894,0.0570934580520516,0.27162966734652033,0.3850603336087373,-0.4053129089507262,-0.2365268894859991,-0.3295114493198488,4.189900083471748e-07,0.14307986936397185,0.14307986936397185,981,0.15825206181164145,0.09993625241358287,0.2266034036771583,0.16184890210262598,0.18686068525682392,0.446531484433327,0.3,0.03087250949368801,0.12426747800186796
23429918,,17060104000770,5.8365,0.0118625,688.2961102482652,7.8654985988897455,12.929350226209667,41.62559607147316,16.918,3.764,,,,,,,,,,,2.2534852483329852,27.098272057018317,46.157897478001544,UGR,August/September,2.2953431591332722,7.530653409229895,DA+PPT+SLOPE,0,0.18449728258952022,0.605306045241208,DA+PPT,0,0.6278485494972034,2.0598705692165464,DA+PPT,0,0.9463282626226664,3.1047515177909,DA+PPT+SLOPE,1,0.0,0.0,0.6278485494972034,2.0598705692165464,0.7061436508258716,0.7,0.010230382029386656,0.029769208126000795,0.011967589134446224,0.025401489341544844,0.20515143614092468,0.29395875114119097,-0.483256448534653,-0.19227355587746936,-0.3125024064534314,4.967002468498004e-07,0.3091108088713965,0.3091108088713965,981,0.1304950287044962,0.39184524641949986,0.18355644053252002,0.7335901884355804,0.07557106952439632,0.5232370582277558,0.3,0.010810606037522373,0.03145759172773518
23429926,,17060104000774,5.9913,0.05262264,686.2934428481299,6.77903908137299,20.81960913476765,62.588333769176565,25.241,,,,,,,,,,,,2.313253862475356,27.019426883784643,44.20227034647138,UGR,August/September,2.6274168696122926,8.620134086654502,DA+PPT+SLOPE,0,0.18506686471133496,0.607174752989944,DA+PPT,0,0.6294077647721792,2.064986104895601,DA+PPT,0,1.128644085758836,3.702900543828202,DA+PPT+SLOPE,1,0.0,0.0,0.6294077647721792,2.064986104895601,0.705966664109519,0.7,0.0035172681827369324,0.006345742400704063,0.004337191339831459,0.00849063874015845,0.14825237791921841,0.2040078071163008,-0.4469502983958281,-0.26338414391533305,-0.2853283663490073,8.899525385354285e-07,0.6049952419828214,0.3062042128731045,981,0.13090089060751953,0.6616234576520857,0.16670655744727056,1.0295791048286311,0.06717381709958975,0.3495832855311206,0.3,0.003116366113212848,0.005622447750158145
23429928,East Fork Indian Creek,17060104000775,9.7911,0.07637813,1130.5638411067196,4.233109677035573,35.99452709244147,100.01239573141201,8.583,,,,,,,,,,,,3.7803648445049416,44.51038744514644,39.61959741866403,UGR,August/September,4.4027765842034485,14.44480506628428,DA+PPT+SLOPE,0,0.28161894519896946,0.9239466706002935,DA+PPT,0,0.88481121448358,2.902923932032743,DA+PPT,0,2.498298993106768,8.1965190062558,DA+PPT+SLOPE,0,0.0,0.0,0.88481121448358,2.902923932032743,0.6817186077785685,0.6817186077785685,0.006797993190630735,0.01331548677721524,0.006564032359032514,0.016301702209596654,0.16913158854526145,0.2535581951759162,-0.424467509828508,-0.36624811382051725,-0.20272034399194222,4.298850167719432e-06,2.3218492210272035,0.16650253315148458,981,0.18953753023161204,0.9980461627938055,0.19735802456727422,0.9297397858600135,0.16438106856159457,0.24200692990558217,0.5,0.0027210486852804867,0.005329821135882828
23429942,,17060104000782,6.4872,0.04194487,708.8495008282464,6.713526126082131,20.34926895693676,61.375806176063165,26.2925,0.985,,,,,,,,,,,2.5047219228965547,27.907460662529388,44.08434702694784,UGR,August/September,2.7190793280846255,8.920863937285516,DA+PPT+SLOPE,0,0.19190564259864015,0.6296116883157485,DA+PPT,0,0.6481898471525249,2.1266071100804624,DA+PPT,0,1.1873318661709311,3.895445755153973,DA+PPT+SLOPE,1,0.0,0.0,0.6481898471525249,2.1266071100804624,0.7039360560155719,0.7,0.004873939809483529,0.009111489927167355,0.005638163462118764,0.010656400043470312,0.16204589012058027,0.22005783633298565,-0.4481145287241143,-0.25669126020756383,-0.289556047606203,9.167191737062047e-07,0.6126952142501774,0.33729469679239554,981,0.13573692229711593,0.6271020180076813,0.17384424911105695,0.9925646930998999,0.0749119434441536,0.36940927962346204,0.3,0.004104951571123641,0.007673920145469796
23429950,,17060104000786,7.9632,0.04139634,679.2640863673147,6.836276744310579,21.11956431932293,63.35955118495796,23.258499999999998,,,,,,,,,,,,3.0746087089052048,26.742680565642313,44.305298139759046,UGR,August/September,2.917842992021812,9.57297569560962,DA+PPT+SLOPE,0,0.19406484817912215,0.6366956961257287,DA+PPT,0,0.6539871696116273,2.1456271968885408,DA+PPT,0,1.2776535054225897,4.191776592593798,DA+PPT+SLOPE,1,0.0,0.0,0.6539871696116273,2.1456271968885408,0.7032589365715411,0.7,0.005223668964078657,0.00993759903168505,0.005617354219878392,0.010488903914362224,0.16215169315801745,0.21889879406172436,-0.4460709496013303,-0.2590743676194025,-0.28923732855938866,1.0164034283315593e-06,0.6664449963644856,0.37574534799961007,981,0.13726532791267285,0.6360321718582953,0.17612594625629482,1.0040554074356254,0.07702051230106449,0.3647075615040304,0.3,0.004088486386886955,0.007778007878903087
23429962,Dark Canyon Creek,17060104000792,20.4705,0.02522948,727.4037688652011,6.756059262181139,28.286035233407134,81.36655033322096,24.627000000000002,,3.273143798675963,3.023864322258645,0.0035581495532322296,,,,Spawning and rearing,1.0,,,7.903704236443138,28.63794365611028,44.16090667192605,UGR,August/September,4.4702198273954075,14.66607554919753,DA+PPT+SLOPE,0,0.24294080051556713,0.7970498704578973,DA+PPT,0,0.7842304820493922,2.5729346523930188,DA+PPT,0,2.1984660048116424,7.2128149764161495,DA+PPT+SLOPE,0,0.0,0.0,0.7842304820493922,2.5729346523930188,0.690217600467784,0.690217600467784,0.030841666631534675,0.06888676291997803,0.01950684529052252,0.032598983226367124,0.24844925323104855,0.31944886652209253,-0.48183839286677405,-0.28183236805555945,-0.216822393787144,1.914014730752913e-06,1.1652135834907353,0.9129267316583922,981,0.1672166639845337,0.5964696271354268,0.2301031667606813,1.0044509656711345,0.12858332226767577,0.39525802201596194,0.5,0.014028721191973624,0.03133401324796925
23429964,Dark Canyon Creek,17060104000793,32.427,0.03221153,720.8335925014932,6.748462827465001,33.694767726708186,94.51586570007163,25.505,,3.6683562667456115,3.0505913599853374,0.0035201610722048024,,,,Spawning and rearing,1.0,,,12.520134695055892,28.379275295334377,44.147233089437,UGR,August/September,5.605752627423695,18.391576861626294,DA+PPT+SLOPE,0,0.26362381068632645,0.8649075153750867,DA+PPT,0,0.8376990114435817,2.748356336757158,DA+PPT,0,2.9013606567870625,9.518899792608472,DA+PPT+SLOPE,0,0.0,0.0,0.8376990114435817,2.748356336757158,0.6853000814313588,0.6853000814313588,0.02994268206700495,0.060689120980556684,0.015929545233949526,0.02780958821602897,0.23420097045611435,0.30296899484153345,-0.457476289491324,-0.314000963910821,-0.21259320136390542,3.7176342226682277e-06,1.8431538191652395,1.173934576755189,981,0.17908681364003148,0.7010494126166504,0.24075949289385287,1.1041054887767445,0.14804990066186494,0.3393503347692022,0.5,0.010320220616820239,0.020917468787821508
23429970,,17060104000796,6.5358,0.04164102,677.7480539093914,7.036238085885431,20.31717073135201,61.29291158581905,20.065,,,,,,,,,,,,2.523486487801718,26.682994248401236,44.665228554593774,UGR,August/September,2.6637076362509116,8.739198281663095,DA+PPT+SLOPE,0,0.18662463590412257,0.6122855508665438,DA+PPT,0,0.6336583348729811,2.0789315448588614,DA+PPT,0,1.1413976117237774,3.7447428206160676,DA+PPT+SLOPE,1,0.0,0.0,0.6336583348729811,2.0789315448588614,0.705480657898184,0.7,0.004834080675643808,0.009293707503938936,0.005603456872075806,0.010612331876464282,0.16135547148642865,0.2197540769680883,-0.45303934930183776,-0.2511680196533888,-0.2901891741726976,1.0110819224432327e-06,0.5645830374335649,0.36807228079310506,981,0.13200220403955945,0.6063323751876656,0.1723021530682178,1.0043403977637897,0.06970406154686043,0.38027533792908974,0.3,0.004235229359156636,0.00814239263204981
23429978,,17060104000800,6.498,0.03466072,718.0514560609419,6.995889664944598,18.644488034052323,56.94624629310492,25.15,,,,,,,,,,,,2.508891826208813,28.269742364604014,44.59260139690028,UGR,August/September,2.69612859329326,8.84556625096214,DA+PPT+SLOPE,0,0.1935916629917493,0.6351432512852667,DA+PPT,0,0.6528109796480737,2.141768305932,DA+PPT,0,1.1781433520337434,3.865299711396796,DA+PPT+SLOPE,1,0.0,0.0,0.6528109796480737,2.141768305932,0.703449131483491,0.7,0.005575232016018196,0.010706640161597315,0.006366372422924241,0.012016073259767482,0.16865043333506116,0.22904502118057327,-0.4504114138364067,-0.2511799021932455,-0.29204231154742355,1.0816486383550116e-06,0.5881326341969494,0.3639377353770667,981,0.13693105019059262,0.6044165830360532,0.17748559588400528,0.9842659490681517,0.07713365626578986,0.3836436741783456,0.3,0.004732218712089727,0.009087722765752758
23429980,Dark Canyon Creek,17060104000801,34.4313,0.0012972,720.2385539785607,6.765711669444912,12.165562564896447,39.511191738728186,25.985,,3.7677747632437844,2.997845740513694,0.003153859972910365,,,,Spawning and rearing,1.0,,,13.293999251422516,28.3558485818331,44.17828100500084,UGR,August/September,4.402021513509343,14.442327800227503,DA+PPT+SLOPE,0,0.26650929501295856,0.8743743274703364,DA+PPT,0,0.845093831917125,2.7726175587832183,DA+PPT,0,2.1045539971676614,6.904704715116999,DA+PPT+SLOPE,0,0.0,0.0,0.845093831917125,2.7726175587832183,0.6846394034040304,0.6846394034040304,0.07202265857174737,0.26342071227992153,0.03778913249721385,0.0714754757897025,0.3018785380812969,0.4150040659391693,-0.4323269029973856,-0.1767549337954819,-0.3531290307099186,1.2640408813802975e-06,0.45168029983654834,0.45168029983654834,981,0.18073049540707925,0.2274318367878721,0.26515023531170007,0.38693992598135973,0.1908525341602211,0.5840401790862267,0.3,0.03422229064622551,0.12516700100564626
23429986,East Fork Indian Creek,17060104000804,4.7916,0.05409679,1159.4482685555972,3.9916750169421484,25.61547440403951,74.74325469371186,6.23,,,,,,,,,,,,1.8500471028719836,45.64756962817312,39.18501503049587,UGR,August/September,3.124564400148219,10.251195538544025,DA+PPT+SLOPE,1,0.24986080749324868,0.8197533054240442,DA+PPT,1,0.8033769537881597,2.6357511607223083,DA+PPT,1,1.6472279128519052,5.404291052663731,DA+PPT+SLOPE,1,0.0,0.0,0.8033769537881597,2.6357511607223083,0.6889868369822147,0.6889868369822147,0.005019390445494006,0.008210276084897853,0.005849379938184873,0.012010281693438424,0.16528474841786372,0.22900821651670583,-0.4064986159738433,-0.29972356460721855,-0.2879284394807532,1.7666483671358069e-06,1.2109909889886579,0.11396219072826995,981,0.1714120583473385,0.8069445031930788,0.19760505706477852,0.8393595281879592,0.13234643832139867,0.29661574811620595,0.3,0.003047174229098482,0.0049842987851529946
23430000,Bear Creek,17060104000811,20.7207,0.00620689,605.3362783828654,7.686800182185914,15.88421294878587,49.646705773009856,,,,,,,,,,,,,8.000306996510458,23.832136944207303,45.83624032793465,UGR,August/September,3.6325161803661636,11.917704003825996,DA+PPT+SLOPE,0,0.21595359959674115,0.7085091850286783,DA+PPT,0,0.7126849871485057,2.3382053384137325,DA+PPT,0,1.591295361626383,5.2207853071731725,DA+PPT+SLOPE,0,0.0,0.0,0.7126849871485057,2.3382053384137325,0.6969859005157606,0.6969859005157606,0.028242765054006892,0.09311873084740499,0.01984804426094757,0.03935956753271381,0.2442313791425049,0.3401601538822222,-0.46898221752042407,-0.1847265149819849,-0.32644322323664343,1.065621163179286e-06,0.48134397981423466,0.48134397981423466,981,0.1514540349850736,0.3503134840061438,0.21485234720300697,0.6166865224522277,0.11422400504153231,0.5515404704852849,0.3,0.017748285915407547,0.058517565684495565
23430002,,17060104000812,6.0498,0.03833027,719.9333581728653,6.437871735914906,20.66075948998278,62.179267659780315,28.057,,3.2865474601142255,3.7469149320849433,0.004608944284244802,,,,Spawning and rearing,1.0,,,2.335840838750089,28.343832998931706,43.58816912464683,UGR,August/September,2.6349770349384944,8.6449377786696,DA+PPT+SLOPE,0,0.1913006551080173,0.6276268212205292,DA+PPT,0,0.6465700659788735,2.1212928673847555,DA+PPT,0,1.1471365478316342,3.7635713511536553,DA+PPT+SLOPE,1,0.0,0.0,0.6465700659788735,2.1212928673847555,0.7041300468830117,0.7,0.005769760595260167,0.011232245320229432,0.0066841447667716665,0.012742116436944086,0.1711835518959612,0.23356827668887825,-0.4538716029377083,-0.24604893821506624,-0.2933953140804538,9.80350069524711e-07,0.5540304847627172,0.37529189098088483,981,0.13531032663264314,0.5825759015126735,0.17759892806091337,0.9812292978831807,0.07526441811213874,0.3949915946085111,0.3,0.005029706887263257,0.009791550396908802
23430016,Smith Creek,17060104000819,5.1534,0.02964856,699.6907080338806,6.738861917336711,16.90750044382597,52.37254866010164,37.337500000000006,,,,,,,,,,,,1.9897388638326408,27.546878269050417,44.12995145120608,UGR,August/September,2.3610035470955912,7.746074629578711,DA+PPT+SLOPE,0,0.18211767328388442,0.5974989280967337,DA+PPT,0,0.6213321767755853,2.0384913936206863,DA+PPT,0,0.991404819691553,3.252640484552339,DA+PPT+SLOPE,1,0.0,0.0,0.6213321767755853,2.0384913936206863,0.7068916111362726,0.7,0.005677606158992611,0.0118757382342665,0.007051481663964642,0.014036882443208228,0.17318751727224055,0.24122568829484398,-0.4655594202972679,-0.23083401814868035,-0.29655507989008706,7.744201265677168e-07,0.4314420731869502,0.37597046676903384,981,0.1288166583413087,0.5305550409546479,0.1763346751779045,0.9664659105822493,0.0668874018534459,0.4280034051589651,0.3,0.005726829289330098,0.011978697297397943
23430030,Smith Creek,17060104000826,7.6644,0.03370051,700.417708010803,6.743231871988023,20.011793394023016,60.50331862819816,35.988,,,,,,,,,,,,2.959241383932722,27.57550031538595,44.13781736957844,UGR,August/September,2.8636733122330282,9.39525364905849,DA+PPT+SLOPE,0,0.19655669263256248,0.644871038820743,DA+PPT,0,0.6608229669842514,2.168054353622872,DA+PPT,0,1.2587265495950914,4.1296802808237905,DA+PPT+SLOPE,1,0.0,0.0,0.6608229669842514,2.168054353622872,0.7025577159801608,0.7,0.0065250299112233606,0.012988272790216448,0.006929483813337709,0.012906010318368901,0.17370893086039849,0.23456542785035217,-0.4502414068899397,-0.24922975439340012,-0.2935993549033224,1.1443740857327433e-06,0.6199510905009233,0.4455726787628381,981,0.1390297593112452,0.5944187907170488,0.1840122852915023,1.003045623958738,0.08056032213361389,0.3898090182821364,0.3,0.0051838343390169525,0.010318581739929559
23430038,Dark Canyon Creek,17060104000830,38.1951,0.02658603,718.9167600341151,6.809107718008295,32.82170152203205,92.4152160101555,26.360500000000002,,3.9790385650472566,2.9094855415823786,0.003217629325511228,,,,Spawning and rearing,1.0,,,14.747210555744573,28.303809450162014,44.256393892414934,UGR,August/September,5.937649305488743,19.480476724044433,DA+PPT+SLOPE,0,0.2715027394446194,0.8907570191752604,DA+PPT,0,0.8578534336487856,2.814479769188929,DA+PPT,0,3.1071693750925298,10.194125246366568,DA+PPT+SLOPE,0,0.0,0.0,0.8578534336487856,2.814479769188929,0.6835091767485126,0.6835091767485126,0.03860093737296214,0.08190608093480985,0.018699012088759924,0.030968252112192046,0.24720352394979667,0.31403078968430925,-0.45651086285005704,-0.3093557863701435,-0.21543433869103953,3.979581428521073e-06,1.931235514329856,1.40638969215828,981,0.18357335344295858,0.6770769811600402,0.253303613683773,1.0997084615249588,0.15710462364877484,0.35331139228865965,0.5,0.012423184163178305,0.02636035279936123
23430044,Meadow Creek,17060104000833,2.2095,0.04935766,718.2482218004074,6.266741071242363,16.21648988917056,50.53452311585945,30.641,,,,,,,,,,,,0.8530927192995341,28.277489047260133,43.28013392823625,UGR,August/September,1.6948146795187058,5.560415615218851,DA+PPT+SLOPE,1,0.15765696699845202,0.5172472670552888,DA+PPT,1,0.5530606382591682,1.8145034063621002,DA+PPT,1,0.6672688931075219,2.189202405208405,DA+PPT+SLOPE,1,0.0,0.0,0.5530606382591682,1.8145034063621002,0.7149372851868498,0.7,0.0025548234780954603,0.004804789192015946,0.004558220411981044,0.009691761994046996,0.14789375735741855,0.21320673202367868,-0.4758901906264985,-0.22790836665117475,-0.2916432223103457,4.43575243954172e-07,0.2801572442876609,0.07759003152488309,981,0.11151446188529238,0.5231077853427845,0.18298216131973824,0.835647584849438,0.04395020693547143,0.42546070535904645,0.3,0.003828776531448144,0.007200679128978541
23430052,Indian Creek,17060104000837,13.6107,0.06919336,1090.5383091582357,4.295804942908154,37.2716058306451,103.04270900798264,7.939,,,,,,,,,,,,5.2551206492736675,42.93457910071795,39.732448897234676,UGR,August/September,4.982899555855445,16.348095655693715,DA+PPT+SLOPE,0,0.2928749651185911,0.9608758698116506,DA+PPT,0,0.9131616910620008,2.995937306633861,DA+PPT,0,2.8744318072617907,9.430550548759156,DA+PPT+SLOPE,0,0.0,0.0,0.9131616910620008,2.995937306633861,0.6792737058669429,0.6792737058669429,0.008143064629631205,0.015957015504435616,0.0068789973886642895,0.01699149131782916,0.1723009523913001,0.2570852534404586,-0.41814030475314223,-0.37142602105625655,-0.20355467680193695,4.285688508638063e-06,2.7310011940808554,0.1815386401597279,981,0.1958768149417616,1.0098235250091305,0.19770105758010412,0.9104737821278873,0.17642721023636954,0.238712921832217,0.5,0.0028329301843442794,0.005551363390887471
23430054,Bear Creek,17060104000838,20.7189,0.00870775,605.3402805169194,7.686746175510186,17.707590623542355,54.487284242107656,11.891,2.781,3.257370574945864,3.532887882268729,0.0045049459413703564,,,,Spawning and rearing,1.0,,,7.999612012625082,23.832294508540134,45.83614311591833,UGR,August/September,3.7367508177983635,12.259681160755784,DA+PPT+SLOPE,0,0.21595095873488857,0.7085005207837551,DA+PPT,0,0.7126779633406243,2.33818229442462,DA+PPT,0,1.6517328104101534,5.419070900295779,DA+PPT+SLOPE,0,0.0,0.0,0.7126779633406243,2.33818229442462,0.69698661970319,0.69698661970319,0.02521990658070456,0.07967053926123248,0.017485753988358596,0.033841355187214296,0.2349341819685632,0.32345652419612014,-0.4658359794889841,-0.1955652850952282,-0.32111298142742906,1.204002281889337e-06,0.5603633933669491,0.5603633933669491,981,0.15144894241198367,0.3947018773409603,0.21484971977207515,0.6979067511669632,0.11001211105493391,0.5258131793530199,0.3,0.015268756799982698,0.04823451998961559
23430060,Dark Canyon Creek,17060104000841,42.462,0.02824476,717.1687118950574,6.848985611195508,34.26463547732318,95.88277136634676,28.625,,4.042888268301474,2.925631077089861,0.003073483534887688,,,,Spawning and rearing,1.0,,,16.39466985602934,28.234988657285726,44.32817410015191,UGR,August/September,6.256384630504416,20.526196294305826,DA+PPT+SLOPE,0,0.2765955898431338,0.90746584594204,DA+PPT,0,0.870818944159192,2.857017533330682,DA+PPT,0,3.3125585429996836,10.867974222439907,DA+PPT+SLOPE,0,0.0,0.0,0.870818944159192,2.857017533330682,0.6823730217419683,0.6823730217419683,0.038121815620907565,0.07925807733931688,0.01779037724740161,0.029987423449616857,0.24354799054395113,0.31067982423070717,-0.45095156206832054,-0.31673025550603134,-0.2145278051782464,3.6695745026720093e-06,2.145073563719615,1.2942994797726013,981,0.18646793392732736,0.7016127946012345,0.2501884132902049,1.084294718597256,0.1621052055331492,0.3410669476162014,0.5,0.01150826925050701,0.023926543881559546
23430070,Dark Canyon Creek,17060104000846,44.5167,0.0233935,716.7387927247174,6.861270460654369,32.61004049293113,91.90474315045982,25.0135,,4.214679984122839,3.088518473103363,0.0030902250945426413,,,,Spawning and rearing,1.0,,,17.1879939611865,28.218062705697537,44.35028682917786,UGR,August/September,6.2912557277524055,20.64060278133991,DA+PPT+SLOPE,0,0.2789875222382037,0.9153133931699596,DA+PPT,0,0.8768938968006833,2.876948480317202,DA+PPT,0,3.3300829939155068,10.925469140142738,DA+PPT+SLOPE,0,0.0,0.0,0.8768938968006833,2.876948480317202,0.6818457475230699,0.6818457475230699,0.04654314600546854,0.10126716059561466,0.020802743156495142,0.03370922795590971,0.25629844427074766,0.32303501668666634,-0.45426818801182955,-0.30742895892675076,-0.2175001099049246,4.301179055497988e-06,2.0554921114674563,1.6170472384009882,981,0.18782698989381502,0.6650459612034202,0.2638775156530855,1.0995077120766124,0.1655023537265047,0.3612879925066097,0.5,0.01397657238288322,0.030409800830983158
23430080,,17060104000851,1.0521,0.06287841,683.417310520958,6.819671847459367,13.122417944741645,42.15718610135336,,0.0,,,,,,,,,,,0.40621808100250734,26.906193327596775,44.275409325426864,UGR,August/September,1.1998096468722077,3.936383355879946,DA+PPT+SLOPE,1,0.1324991254329277,0.4347084167746971,DA+PPT,1,0.48054426979214754,1.5765888116540272,DA+PPT,1,0.43025809472564885,1.4116079223282443,DA+PPT+SLOPE,1,0.0,0.0,0.48054426979214754,1.5765888116540272,0.7242728011505823,0.7,0.0011437447972574147,0.002558173928888733,0.0028834960312735243,0.0071843247115480355,0.12474029945371602,0.1929576424674046,-0.4902683803194496,-0.21625378335578116,-0.29059434029349573,2.3426985984924602e-07,0.16115048536173482,0.04180870989562206,981,0.09371858449964468,0.48264694941569514,0.15453028260689766,0.7589936919535644,0.02501220290315291,0.44657312130879667,0.3,0.0026582760702891966,0.005945672981515746
23430082,,17060104000852,17.73,0.00756078,664.6968358853298,7.6815767671852795,16.670984299723937,51.744675870127864,17.767,,,,,,,,,,,,6.8455912709575655,26.16916676713897,45.82683818093351,UGR,August/September,3.610376566286966,11.845067474694769,DA+PPT+SLOPE,0,0.22285292589037062,0.7311447699815309,DA+PPT,0,0.7312281653844912,2.399042537350693,DA+PPT,0,1.6287953791531506,5.343816860738683,DA+PPT+SLOPE,0,0.0,0.0,0.7312281653844912,2.399042537350693,0.6952347619525965,0.6952347619525965,0.02706827704681147,0.0862129586587182,0.01924541464279084,0.03733897980337253,0.2426532096964842,0.3342367111462047,-0.46290061711135555,-0.19363430376861598,-0.32421966447723755,1.1844483426010466e-06,0.546736485083874,0.546736485083874,981,0.15552501283953377,0.3842563771391028,0.2217164912039483,0.6829424849759369,0.11823353227638474,0.5324893989575226,0.3,0.016618586590591206,0.05293050297302682
23430098,,17060104000860,8.4951,0.03261105,712.5491326411696,6.461197786863015,21.87500138679918,65.29494384551377,31.091,,,,,,,,,,,,3.279976447033932,28.053115458313766,43.630156016353425,UGR,August/September,3.0205104366955178,9.909811144014165,DA+PPT+SLOPE,0,0.2027105280302328,0.6650607875007637,DA+PPT,0,0.6775174114417953,2.222826153024263,DA+PPT,0,1.351012643589816,4.432456179756614,DA+PPT+SLOPE,1,0.0,0.0,0.6775174114417953,2.222826153024263,0.7008039577922384,0.7,0.00807231047906063,0.01671117878699852,0.008040950546902051,0.014787735632580812,0.1828565966312237,0.24545236780279037,-0.4488590444237416,-0.24672282057006123,-0.2963771844592951,1.0040420998054461e-06,0.6579639106500715,0.5996090040266621,981,0.14337843576058404,0.5801000630301372,0.19795340175421072,1.0495282777544412,0.08789536194293623,0.3988741678716752,0.3,0.005975007352715407,0.012369372608234626
23430100,Bear Creek,17060104000861,16.0416,0.02313496,612.4021343255162,7.623038812028165,22.384757000350852,66.59546913113141,15.425,2.3285,3.07550812142092,2.8750495748520826,0.005236126018013555,,,,Spawning and rearing,1.0,,,6.1936963864745,24.11032024903607,45.7214698616507,UGR,August/September,3.628637619515751,11.904979066652725,DA+PPT+SLOPE,0,0.20724220835727247,0.6799285051091616,DA+PPT,0,0.6894007671842557,2.2618135406307602,DA+PPT,0,1.610377565919655,5.28339096430333,DA+PPT+SLOPE,0,0.0,0.0,0.6894007671842557,2.2618135406307602,0.6993879058131611,0.6993879058131611,0.013001417951546697,0.032016277025684596,0.01012081910292684,0.01788619368737537,0.1974139477377612,0.2615206436516483,-0.4532454014601167,-0.2341968417815557,-0.3024369376554007,1.4128557436730815e-06,0.7192542047734513,0.7192542047734513,981,0.14633658534634505,0.534130758683093,0.20618537950196333,0.9612525767405847,0.09392334850057736,0.4309211326214405,0.3,0.008073521531034147,0.019881223946013386
23430108,,17060104000865,9.6345,0.0469489,682.0751952358711,7.596970648416629,24.629419701788485,72.27302769000475,22.825499999999998,,3.3916318505104996,2.7408600503974143,0.0051009959049131085,,,,Rearing and migration,1.0,,,3.7199012464771943,26.853354143144532,45.67454716714993,UGR,August/September,3.224473722211832,10.57898202825404,DA+PPT+SLOPE,0,0.2017819505940467,0.6620142736025153,DA+PPT,0,0.6749188411160323,2.2143006598295023,DA+PPT,0,1.447993328206949,4.750634278894189,DA+PPT+SLOPE,0,0.0,0.0,0.6749188411160323,2.2143006598295023,0.7010278298641299,0.7,0.005724861943641914,0.010757866650756842,0.005684262099689659,0.010656040066079021,0.16344532459344596,0.22005535842495133,-0.4392478067901298,-0.2664528688900264,-0.288615062220154,1.448824349902883e-06,0.7937050201579237,0.3821905884787269,981,0.1427250104253854,0.662904825166599,0.18136527642838934,1.0040439707120727,0.085054971896853,0.35089333789701216,0.3,0.003953652155794816,0.007429500151135582
23430124,Dark Canyon Creek,17060104000873,48.7143,0.02080385,713.9530626375506,6.927624075950025,32.092293136425454,90.65405036702401,26.921,5.641,4.107567460672215,3.0272873588919422,0.0032678753696891594,2.8218731704361257,0.9356055721018932,0.005383439627460604,Spawning and rearing,1.0,Rearing and migration,1.0,18.80869638188427,28.108388292816954,44.46972333671005,UGR,August/September,6.479066520059903,21.256779921456374,DA+PPT+SLOPE,0,0.2830966113713621,0.9287946567301906,DA+PPT,0,0.8872988048434857,2.9110853177279714,DA+PPT,0,3.445640300320832,11.304594161157585,DA+PPT+SLOPE,0,0.0,0.0,0.8872988048434857,2.9110853177279714,0.6809455734347589,0.6809455734347589,0.0540171751557075,0.1216277710353301,0.022942556131054705,0.03650571241216096,0.2647135105254109,0.3317316758649951,-0.4544052245334506,-0.30312094859463645,-0.2195312707408582,3.7032304432937883e-06,2.08406144313052,1.82943000196829,981,0.19014642322644829,0.6469802739246481,0.273749385339514,1.0997492378400697,0.17044632822383046,0.37215869614224933,0.5,0.015676962900241745,0.03529903310685246
23430166,,17060104000893,9.5067,0.01663022,704.2167116699801,6.491801442658335,19.841668831326064,60.06268867600173,33.964,,,,,,,,,,,,3.6705573906154703,27.725067388581895,43.685242596785,UGR,August/September,2.987590223445592,9.80180519503147,DA+PPT+SLOPE,0,0.20551610427530667,0.6742654339741032,DA+PPT,0,0.6850552632051926,2.2475566378123117,DA+PPT,0,1.3215023098947676,4.335637499654749,DA+PPT+SLOPE,0,0.0,0.0,0.6850552632051926,2.2475566378123117,0.7000006929167275,0.7,0.01477675803334644,0.04066789134419026,0.013563802750923082,0.026104818604671867,0.21620036783736155,0.29664718164134174,-0.4646775140170172,-0.20952671792413868,-0.312231965307921,9.428607429318585e-07,0.502001211697579,0.502001211697579,981,0.1453664945709751,0.4429865797124072,0.20446807694623498,0.8217028554210265,0.09665447519202636,0.48919416148876244,0.3,0.011181787517664745,0.030773984305353715
23430182,,17060104000901,7.1748,0.06068275,599.4432174209734,7.749167929628701,23.33224825444287,69.00155806655211,16.131,0.5485,,,,,,,,,,,2.770205767110341,23.600126670117064,45.94850227333166,UGR,August/September,2.69111326566776,8.829111764001837,DA+PPT+SLOPE,0,0.17532163412622045,0.5752022117001984,DA+PPT,0,0.6022516742039323,1.975891319566707,DA+PPT,0,1.1152051063366266,3.658809403991557,DA+PPT+SLOPE,1,0.0,0.0,0.6022516742039323,1.975891319566707,0.7088897521821522,0.7,0.003372768859737335,0.00633172143219764,0.003940945991352648,0.007672671266021247,0.14326808172646954,0.19723418829207234,-0.4533204844713033,-0.2577414896984189,-0.284997079838925,9.86301858122783e-07,0.5638658604815535,0.3039203604469246,981,0.12400941664248755,0.6391071419104568,0.15859487528608843,1.0038006779488526,0.057834189220167434,0.3587249504092204,0.3,0.0030243484723780118,0.005677629519646764
23430184,Bear Creek,17060104000902,31.7862,0.02350156,584.5632188609435,6.910717022336486,28.896675348026488,82.86809147091044,14.349,,3.3871499926220303,3.2165692018766343,0.0035459067840119436,2.8526686677174653,1.1268443302170137,0.0035268462009246057,Spawning and rearing,1.0,Rearing and migration,1.0,12.272720431861893,23.014299955155256,44.43929064020568,UGR,August/September,4.850430793849357,15.913486856461144,DA+PPT+SLOPE,1,0.2290084103388448,0.7513399289332179,DA+PPT,1,0.7472000749021243,2.4514438152956832,DA+PPT,1,2.2682829090847414,7.441873061301645,DA+PPT+SLOPE,1,0.0,0.0,0.7472000749021243,2.4514438152956832,0.6935112588568161,0.6935112588568161,0.034646655211366735,0.0873460037443499,0.01959495605119908,0.03244424424150493,0.24779693821155604,0.31894261747469754,-0.49518031354537,-0.26755448589356823,-0.2176702445098626,2.2061354296872004e-06,1.0888198258773367,1.0888198258773367,981,0.15905691423750143,0.556751169305874,0.2278405849368087,0.9851473501696962,0.11508100318890974,0.4185821067246455,0.5,0.015274397683200268,0.03850754391990471
23430188,Bear Creek,17060104000904,25.2855,0.03386046,588.89154901302,6.822963401679303,30.281400083806663,86.25635861429987,12.028,,3.2492556068767247,2.634386154833236,0.0038205899245976884,,,,Spawning and rearing,1.0,,,9.762786129825015,23.18470665405591,44.281334123022745,UGR,August/September,4.5208345898299225,14.832134481069298,DA+PPT+SLOPE,1,0.22030030436190856,0.7227700274340831,DA+PPT,1,0.7241858648587796,2.375937876833266,DA+PPT,1,2.0905420271537785,6.858733684887724,DA+PPT+SLOPE,1,0.0,0.0,0.7241858648587796,2.375937876833266,0.6957959067526561,0.6957959067526561,0.022776237874587015,0.051089436005674484,0.014618731346214022,0.025229232099479693,0.22511552639661664,0.2932927610732642,-0.4907929021995205,-0.28243099075607336,-0.21215737569819212,1.7443910561256316e-06,1.0791799668167548,0.8204193934251661,981,0.1539787270734686,0.6103018722373595,0.20782750144720832,1.0047188129138886,0.10479885053442649,0.38261473245902267,0.5,0.010894895954613409,0.024438368299742576
23430190,,17060104000905,11.9205,0.02024844,699.8931437130766,6.503351402536958,23.706904224039054,69.94906761192713,37.961,,,,,,,,,,,,4.6025307809052265,27.55484817768018,43.706032524566524,UGR,August/September,3.3579720917535463,11.016968804965703,DA+PPT+SLOPE,0,0.21370668450354463,0.701137416350212,DA+PPT,0,0.7070072462245534,2.319577579476881,DA+PPT,0,1.5250955662202772,5.003594377363114,DA+PPT+SLOPE,0,0.0,0.0,0.7070072462245534,2.319577579476881,0.6977305598425663,0.6977305598425663,0.016165944741867375,0.04229743685763262,0.013242146614390842,0.024211330304790928,0.21545445732606466,0.28929408291355974,-0.45665322725973445,-0.2199371050294811,-0.31016752109639345,1.1867523691230708e-06,0.6278743588387463,0.6278743588387463,981,0.15019147234391017,0.4765704140040528,0.21261689085781,0.8793352334689603,0.10305956262026225,0.46723821220526746,0.3,0.010599955242104773,0.027734286161791508
23430192,Mill Creek,17060104000906,10.9755,0.07957637,612.0259438302584,7.466122467650676,27.330979413102067,79.00869432533347,21.2935,,,,,,,,,,,,4.237664241082615,24.095509599616474,45.43902044177122,UGR,August/September,3.3808105964448165,11.091898282299267,DA+PPT+SLOPE,0,0.19270956320563265,0.6322492231155926,DA+PPT,0,0.6500870617912361,2.132831567556549,DA+PPT,0,1.489210671802416,4.885861784128662,DA+PPT+SLOPE,0,0.0,0.0,0.6500870617912361,2.132831567556549,0.7035634539862325,0.7,0.00452700004512361,0.00792437934776187,0.00473668191296909,0.01003778635310457,0.15352822778107042,0.2157144886942244,-0.4804391748213993,-0.31604952887050825,-0.1987746143951233,1.7114529384580462e-06,0.9407935309226654,0.45143595275259957,981,0.13630851119053403,0.7914861417247471,0.17318160137755523,1.1887666350183854,0.07358122524420775,0.2927674198453958,0.5,0.0030398654339781946,0.005321194306357518
23430206,Bear Creek,17060104000913,21.5046,0.02560735,591.0307395182891,6.785489653925672,26.25638603753934,76.34148848408708,10.378,,3.0742606504288497,2.9323036644723324,0.00356581105647119,,,,Spawning and rearing,1.0,,,8.302972478591881,23.26892675268855,44.21388137706621,UGR,August/September,4.10844994058392,13.479166471732022,DA+PPT+SLOPE,1,0.21411341130145217,0.702471821855158,DA+PPT,1,0.7077242905094525,2.321930086973269,DA+PPT,1,1.8567825953091166,6.091806415056157,DA+PPT+SLOPE,1,0.0,0.0,0.7077242905094525,2.321930086973269,0.697462113180652,0.697462113180652,0.025208213148897304,0.06155741051377229,0.01724132429238644,0.029679964300510606,0.23652908077041873,0.3096143810788665,-0.5039461690345071,-0.2629274603802653,-0.2158850462928411,1.4016902296698113e-06,0.8585587756344749,0.8585587756344749,981,0.1503580871873221,0.5483617895036529,0.21302154371474322,0.9809007737560862,0.10014849006944597,0.4215067682751017,0.5,0.013576286859098143,0.03315272917211087
23430210,,17060104000915,4.9923,0.02874118,650.0075774707049,6.595639586172706,21.28044968672364,63.77255475965129,31.942,,,,,,,,,,,,1.9275378060914525,25.590849506720666,43.87215125511087,UGR,August/September,2.2334693426664853,7.3276553237089415,DA+PPT+SLOPE,0,0.17251089407827014,0.5659806236163718,DA+PPT,0,0.5945907671846413,1.950757110185831,DA+PPT,0,0.9045589136411225,2.9677129712635253,DA+PPT+SLOPE,1,0.0,0.0,0.5945907671846413,1.950757110185831,0.7098661741837988,0.7,0.0072875982880991315,0.018619317580769255,0.009005224801293645,0.01890060787570588,0.18646193690531407,0.2663740562343435,-0.4842689312549969,-0.20117895497747965,-0.3055468889662297,4.2893573426371536e-07,0.31189101246401607,0.3077645976782027,981,0.1220200450563625,0.4180304196501592,0.17112724552249295,0.8109055208302273,0.061707730780340427,0.4972307712072901,0.3,0.00805652144730336,0.0205838639142042
23430220,,17060104000920,12.8007,0.03203407,603.7309282025592,7.724324432157773,24.042047474477858,70.79482453935628,9.772,,,,,,,,,,,,4.942377900854287,23.768934181203118,45.90378397788399,UGR,August/September,3.3378009086518943,10.950790382716187,DA+PPT+SLOPE,0,0.19667878130575536,0.6452715922104835,DA+PPT,0,0.6608513352135801,2.1681474252414046,DA+PPT,0,1.4500185400914434,4.757278674840693,DA+PPT+SLOPE,0,0.0,0.0,0.6608513352135801,2.1681474252414046,0.7023857396880482,0.7,0.009298285987272212,0.020868603655157136,0.008080518873016388,0.014740420982393625,0.18285668846005085,0.24519030601949937,-0.4553084603744917,-0.23912252808540885,-0.29748849266708305,1.2331691425329317e-06,0.6611981235001568,0.5488942077843963,981,0.1391157989679265,0.5540055295176293,0.18868494901506105,0.9566929719254305,0.08171874895727067,0.414312490940475,0.3,0.00641252903337762,0.014391956432392296
23430222,,17060104000921,9.2106,0.02787524,674.2679106035764,7.245749189904241,21.989192289657005,65.58665139193025,19.6,,,,,,,,,,,,3.5562325414710516,26.54598073242427,45.042348541827636,UGR,August/September,3.005807419618188,9.861572899009802,DA+PPT+SLOPE,0,0.19855990532326592,0.6514432589345994,DA+PPT,0,0.6661783196712194,2.1856244083701424,DA+PPT,0,1.3183310876061018,4.32523322705414,DA+PPT+SLOPE,0,0.0,0.0,0.6661783196712194,2.1856244083701424,0.7019418082815099,0.7,0.009698346287074432,0.022575156549854265,0.009296807958393763,0.017072879734716714,0.19122851686020825,0.2574950750795486,-0.4581312494952976,-0.23154549046013775,-0.3010264520861708,8.831768828567566e-07,0.5796044299221496,0.5796044299221496,981,0.1404406913691922,0.5248611836361444,0.197547351061544,0.9760136829227531,0.08482726850292313,0.43342074394163055,0.3,0.007356533103292909,0.017124041723727744
23430230,Little Beaver Creek,17060104000925,13.2057,0.02851851,690.9753766340218,6.907637440598378,25.26648302869447,73.87056596198173,24.822499999999998,,2.7493581999921455,3.4197939025103175,0.004722447777402508,,,,Spawning and rearing,1.0,,,5.098749275063978,27.203754985591413,44.433747393077084,UGR,August/September,3.5973395800651096,11.802295210187367,DA+PPT+SLOPE,0,0.21609732210986346,0.7089807155835415,DA+PPT,0,0.7133593152205875,2.3404177008549456,DA+PPT,0,1.6573877109661697,5.437623723642289,DA+PPT+SLOPE,0,0.0,0.0,0.7133593152205875,2.3404177008549456,0.6970708624684587,0.6970708624684587,0.012404731104205185,0.027698096932052503,0.009972492443269011,0.017457751823146697,0.1971915147231116,0.2594156096811049,-0.4448282765495029,-0.24436265436453355,-0.3008365766426945,1.5132645347719294e-06,0.8007334058077513,0.6924250344743192,981,0.15158932414157203,0.5652755640706888,0.2088298577421137,0.9903507131951681,0.10185364794774443,0.4102622974630819,0.3,0.007484507711821925,0.01671189954455857
23430242,,17060104000931,5.0985,0.05768552,594.2201116716682,7.739403026460724,20.653500804125372,62.160564466400544,19.049999999999997,,2.489191016216994,2.332113888380225,0.0045161027470133775,,,,Spawning and rearing,1.0,,,1.9685418553286602,23.39449258549875,45.930925447629306,UGR,August/September,2.2812415097014447,7.484388155188467,DA+PPT+SLOPE,0,0.16333746294873722,0.5358840647924449,DA+PPT,0,0.5687655961395183,1.8660288587254537,DA+PPT,0,0.9072203578807571,2.976444743703271,DA+PPT+SLOPE,1,0.0,0.0,0.5687655961395183,1.8660288587254537,0.7128211269152248,0.7,0.0028857137237839323,0.005472246162074589,0.003862390592353613,0.007674180983340681,0.1411891561000674,0.19724712374100567,-0.46458481309250993,-0.24463938530095009,-0.28691341101418627,7.089639752022347e-07,0.41736000385455163,0.2599114205261716,981,0.11553103415269607,0.5877165764751227,0.1500300908901824,0.973975855044286,0.04756547842977532,0.38594305964755965,0.3,0.0031808299920924217,0.006031882016908893
23430248,Little Beaver Creek,17060104000934,9.5553,0.045,697.0938026129792,6.753555336657248,26.364989993267,76.61175345545436,29.975,,2.691930432769662,2.410299061972389,0.004418279003203608,,,,Spawning and rearing,1.0,,,3.6893219555206334,27.444637898148788,44.15639960598305,UGR,August/September,3.237474907218183,10.621636834705324,DA+PPT+SLOPE,0,0.20435343616462787,0.6704509060519287,DA+PPT,0,0.681902309615898,2.237212301889429,DA+PPT,0,1.46471355003796,4.80549064973084,DA+PPT+SLOPE,0,0.0,0.0,0.681902309615898,2.237212301889429,0.7003186038778251,0.7,0.011772581138437153,0.023051023791870833,0.011365173339569337,0.020976633144397322,0.20586775636674828,0.27579005048136307,-0.4954423904534024,-0.2845191707947255,-0.2086732654123027,1.3788633784861814e-06,0.768158646640123,0.45843492685341486,981,0.14454451590731884,0.6275263961013794,0.18659476962722377,1.003408372430956,0.08869376602222638,0.3699247255671289,0.5,0.008037463119073385,0.01573756437992496
23430250,Bear Creek,17060104000935,5.8626,0.0529369,654.4373309686829,7.376815927448572,21.745642182933064,64.96422315337081,20.189500000000002,,,,,,,,,,,,2.263562514670943,25.765249250735547,45.27826866940743,UGR,August/September,2.5390364750627743,8.330172162279442,DA+PPT+SLOPE,0,0.17866525275165826,0.5861720890802437,DA+PPT,0,0.6116761926424669,2.0068116556511377,DA+PPT,0,1.0661331222609727,3.497812080908703,DA+PPT+SLOPE,1,0.0,0.0,0.6116761926424669,2.0068116556511377,0.7079087679057495,0.7,0.0037775684727703856,0.007066260388920518,0.004654168832453368,0.008998233746708257,0.1513138256323934,0.20799477417458262,-0.4548717345467395,-0.2529204013704731,-0.287553695250334,7.616364523204905e-07,0.5288910360486969,0.31572807843465955,981,0.12637230042608452,0.6163229256471918,0.1632389606602556,1.0041708433256626,0.061511904169751684,0.37220626290246933,0.3,0.0035432427657431844,0.006627934393347558
23430252,,17060104000936,0.1845,1e-05,412.7631955029268,9.208939352243902,0.3847312412363287,2.053637725562132,16.532,,,,,,,,,,,,0.07123584825108126,16.250519507989246,48.57609083403902,UGR,August/September,0.19996229131038368,0.6560442628293427,DA+PPT+SLOPE,1,0.06839787281309044,0.2244024698592206,DA+PPT,1,0.28128284448043017,0.9228439779541672,DA+PPT,1,0.03800928463425447,0.12470237740897136,DA+PPT+SLOPE,1,0.0,0.0,0.28128284448043017,0.9228439779541672,0.7568359601189645,0.7,3.985620770508004e-05,0.00016992154403118348,0.00045398407542287985,0.001294283445675961,0.06162905571259026,0.10897907871271029,-0.3918603529032224,-0.26671480056505453,-0.3409708624563001,4.754164265489316e-10,0.00019737837580239095,0.00019737837580239095,981,0.048379248925409714,0.007021841381034311,0.06804907854117187,0.014503933180711746,0.01826101682298252,0.24579838471056045,0.1,0.0010485913662568935,0.004470527284747894
23430256,Ladd Creek,17060104000938,108.0621,0.014788,574.2088402607212,7.225514093555039,33.482889302515446,94.00680062142023,25.187,6.771,3.969790793267088,3.527600798627965,0.002908313562400887,,,,Spawning and rearing,1.0,,,41.72301006662964,22.606647254359103,45.00592536839907,UGR,August/September,8.095657082997317,26.560554734243162,DA+PPT+SLOPE,1,0.2857735144168061,0.9375771470367653,DA+PPT,1,0.8934674361122883,2.931323609292284,DA+PPT,1,4.2218546148058165,13.851229051200185,DA+PPT+SLOPE,1,0.0,0.0,0.8934674361122883,2.931323609292284,0.6801522888620521,0.6801522888620521,0.09666151635945898,0.2645614731897617,0.030492460830052987,0.04662551834504227,0.2897803900166076,0.35992158360201254,-0.4631270945253339,-0.27992112176502676,-0.22645932287958634,4.825121683350964e-06,2.26021712479749,2.26021712479749,981,0.19155565521315857,0.5684028751391625,0.2843162171453528,0.9818677546192295,0.1756337004438741,0.4199083307909502,0.5,0.022895510428159287,0.06266475218307113
23430274,,17060104000947,3.8376,0.0416863,666.3193367964353,6.81782782000469,19.175708380346773,58.33254050770387,10.881499999999999,,2.425955488959655,2.3349964911046457,0.003612884430556536,,,,Spawning and rearing,1.0,,,1.4817056436224902,26.23304475576517,44.27209007600844,UGR,August/September,2.0691383505638457,6.7885116488315145,DA+PPT+SLOPE,1,0.16675852419727272,0.5471080190199236,DA+PPT,1,0.5785713203734383,1.8981998699915954,DA+PPT,1,0.8320692138016781,2.7298858720527495,DA+PPT+SLOPE,1,0.0,0.0,0.5785713203734383,1.8981998699915954,0.7117753363757495,0.7,0.0041584922970929195,0.008507294857723405,0.005882165515854366,0.01199292704701013,0.16193521514897496,0.22889785905914276,-0.47508221560961317,-0.2237437791272552,-0.29529183974727724,5.600773102114186e-07,0.33909868638844803,0.2769834346294935,981,0.11795141795115983,0.5046347343725628,0.15969581533377078,0.9249084559606836,0.0525919788409954,0.4392664965061615,0.3,0.004997772094094191,0.010224263458629897
23430276,,17060104000948,4.5711,0.0519972,686.5001717979917,6.683764097369561,21.7857488749421,65.06679041117995,12.615,,,,,,,,,,,,1.7649115769133745,27.027565818818573,44.03077537526521,UGR,August/September,2.319304762318895,7.6092675929097595,DA+PPT+SLOPE,1,0.17580416468486365,0.5767853172075579,DA+PPT,1,0.6038426392049909,1.9811110210137497,DA+PPT,1,0.968083376595921,3.176126563634911,DA+PPT+SLOPE,1,0.0,0.0,0.6038426392049909,1.9811110210137497,0.7088576505357017,0.7,0.004001082653121494,0.0075496740574674814,0.005291306453309115,0.01029539635495622,0.15739287206140354,0.21754429083454035,-0.46152266018851373,-0.24252518008886842,-0.2906608532693087,7.527630894318225e-07,0.4506170992581905,0.2711150071816995,981,0.1243500827215295,0.5733137277012473,0.16088531439591724,0.948900526546403,0.05959208289983291,0.3965112830531334,0.3,0.004132993861737954,0.007798578345611571
23430280,,17060104000950,3.7791,0.08312393,672.8325057799476,6.029679017909026,21.18693490175361,63.53255089229723,13.79,,2.3837008268925826,2.339217376011052,0.00396091642323782,,,,Spawning and rearing,1.0,,,1.4591186673477572,26.489468731494004,42.85342223223625,UGR,August/September,2.1878392765726598,7.177950382456232,DA+PPT+SLOPE,1,0.16733174599481274,0.548988667961984,DA+PPT,1,0.5801943352528961,1.9035247219583205,DA+PPT,1,0.8984135667195549,2.94755107191455,DA+PPT+SLOPE,1,0.0,0.0,0.5801943352528961,1.9035247219583205,0.7115936233298867,0.7,0.001774524673940174,0.003004283304181051,0.002729511644016634,0.005718155750183905,0.12597916272490253,0.17882105803034615,-0.4508094409990027,-0.26624495282854105,-0.2802160945284395,8.071176067793434e-07,0.48842396658239845,0.21935649930734244,981,0.11835689834451399,0.6893203342525913,0.15032830729243804,1.0628710902835163,0.049855064052828274,0.33380043046892327,0.3,0.001975175731617266,0.0033439870183069663
23430288,Little Graves Creek,17060104000954,10.8441,0.03365813,579.87375656735,7.45652599419039,22.13951320006316,65.97032330048056,14.553999999999998,,,,,,,,,,,,4.186930417450137,22.829675455407482,45.4217467895427,UGR,August/September,3.041891369761961,9.979958562211158,DA+PPT+SLOPE,1,0.1856043862415196,0.6089382750706023,DA+PPT,1,0.6305556522884254,2.068752140053889,DA+PPT,1,1.2777016646600006,4.191934595341209,DA+PPT+SLOPE,1,0.0,0.0,0.6305556522884254,2.068752140053889,0.7056494766672531,0.7,0.007282745741857674,0.016243333761361983,0.006926899127965986,0.012873301148614675,0.1729761560163882,0.2343670982591225,-0.4613954844626958,-0.2362250335372108,-0.29545258287212733,1.0459300467182068e-06,0.5660877290809184,0.5586384657444335,981,0.13128321463006076,0.5481441942487956,0.18411571943968624,1.004493238530205,0.06992765223292341,0.4163437305798235,0.3,0.005699879669324552,0.012712931516516708
23430290,Bear Creek,17060104000955,16.3737,0.02470655,590.0673999488814,6.701341943362832,23.965707246354356,70.60232474213552,11.373,,3.007618992203672,2.4340019661971954,0.003982753063089882,,,,Spawning and rearing,1.0,,,6.321920913326446,23.230999997987457,44.0624154980531,UGR,August/September,3.6124158128589428,11.85175791620388,DA+PPT+SLOPE,1,0.20306139414792648,0.6662119230575015,DA+PPT,1,0.6780694138588098,2.2246371845761477,DA+PPT,1,1.583707685244704,5.195891355789711,DA+PPT+SLOPE,1,0.0,0.0,0.6780694138588098,2.2246371845761477,0.7005300784880872,0.7,0.013041827871317895,0.03302588751845844,0.010142286563515497,0.017983333943115454,0.197236012306825,0.26199323032406113,-0.45702798117267524,-0.22980155310951025,-0.30302817915429886,1.0925582897197308e-06,0.683096578909433,0.6198609757482957,981,0.14362729617820366,0.5182152266925016,0.19809681939298296,0.9087303324477202,0.09009501444859364,0.4396741345457704,0.3,0.008234996895467334,0.020853524817842566
23430292,,17060104000956,11.7342,0.04206155,675.6453075365854,6.849223423265839,27.55005955934793,79.55059597519768,12.5665,,2.7852180386231913,2.4258552440155774,0.0035799930655960074,5.397938436935803,1.3448333197279607,0.003578731662326891,Spawning and rearing,1.0,,1.0,4.530599948768768,26.600208958133283,44.32860216187851,UGR,August/September,3.4795969807064937,11.416000592869073,DA+PPT+SLOPE,0,0.2082120914055928,0.6831105361075879,DA+PPT,0,0.6922151162520717,2.2710469693309436,DA+PPT,0,1.58421243989199,5.19754737497372,DA+PPT+SLOPE,0,0.0,0.0,0.6922151162520717,2.2710469693309436,0.6992089792362004,0.6992089792362004,0.01401625634173528,0.028552612461939162,0.012350691171949861,0.022549586578985682,0.21195191993094914,0.28251804653131096,-0.49488206290811054,-0.2829725473732667,-0.20979469854667285,1.2378803225306458e-06,0.8223159993008435,0.6424403036767744,981,0.1469402895151867,0.6186831687456492,0.19764553887624361,1.057568694872076,0.09279379857957484,0.3753398192927,0.5,0.008847460093603921,0.01802322197639469
23430294,Bear Creek,17060104000957,7.4232,0.03027537,592.5213138421436,6.655617652594568,19.844093170242378,60.06897162530348,17.51,,,,,,,,,,,,2.866113543292284,23.32761078118676,43.98011177467022,UGR,August/September,2.5633327436292097,8.409884329492158,DA+PPT+SLOPE,0,0.1751275999554863,0.5745656166518579,DA+PPT,0,0.6016917649509153,1.9740543469518217,DA+PPT,0,1.041302259461963,3.4163459956101145,DA+PPT+SLOPE,1,0.0,0.0,0.6016917649509153,1.9740543469518217,0.7089413381454991,0.7,0.006567196104201094,0.015549629738425358,0.007227625080569169,0.014327530404629953,0.17412258479479326,0.24287926851947733,-0.47423205691402764,-0.21967270012268322,-0.29886761788271987,7.353021902869543e-07,0.4118505810468012,0.4118505810468012,981,0.1238714691320647,0.4908282825334633,0.17423453850185897,0.9220554118643135,0.06095424605597797,0.45258402573496953,0.3,0.006306714543762097,0.01493286852797169
23430296,,17060104000958,9.8046,0.03494344,588.5358024687902,7.3524023560749034,22.694092610625013,67.38258751224969,21.838,,3.0261513324261493,2.757325521510995,0.003989614731573882,,,,Spawning and rearing,1.0,,,3.785577223645265,23.170700884598038,45.234324240934825,UGR,August/September,2.9364435458481837,9.634001134672518,DA+PPT+SLOPE,1,0.18384836438954616,0.603177048522133,DA+PPT,1,0.6257620460086712,2.0530250853302863,DA+PPT,1,1.2294738621105372,4.033706896688114,DA+PPT+SLOPE,1,0.0,0.0,0.6257620460086712,2.0530250853302863,0.7062008385420702,0.7,0.007183625640815807,0.016011366676894585,0.007058167158872531,0.013217372221316132,0.1738453962096612,0.23643678221455577,-0.4637192460309367,-0.233012195034883,-0.2962103917753077,8.050271142173608e-07,0.5335724768971427,0.5159016780053453,981,0.13003936321666587,0.5357418519826754,0.18165369612373322,0.9832920450188081,0.06847892144089654,0.4234128460502099,0.3,0.005842845352144586,0.013022941902489232
23430304,Marley Creek,17060104000962,22.5891,0.03048584,616.8212405050001,7.1959376233292165,28.396049696228282,81.63741336995771,18.7955,,3.374145878207065,3.2162471604608083,0.0038115037966172747,,,,Spawning and rearing,1.0,,,8.721700269531164,24.28430080728347,44.95268772199259,UGR,August/September,4.35979985777156,14.303805307649474,DA+PPT+SLOPE,0,0.2222484746077852,0.7291616620990328,DA+PPT,0,0.7294577017415873,2.3932339295983835,DA+PPT,0,2.027056771455805,6.650448725248704,DA+PPT+SLOPE,0,0.0,0.0,0.7294577017415873,2.3932339295983835,0.6953236985816109,0.6953236985816109,0.023439737887529642,0.05258472840212253,0.01551747674456631,0.026820421535486246,0.22950338332986517,0.29933341455233753,-0.49156930880597643,-0.27972599389255626,-0.21318722055690104,1.6871511185606806e-06,1.0368137756812894,0.8237738589961027,981,0.15513700029701524,0.6005986856305016,0.21129159042777387,1.0047759574843695,0.10685949324332679,0.3893172464612204,0.5,0.011563434343624987,0.025941418682791446
23430322,Marley Creek,17060104000971,17.1054,0.0248932,625.5731571795749,7.055661059146585,24.334731426761163,71.53204561653834,24.515,,3.296923629634607,3.035304930766882,0.003921594622839673,,,,Spawning and rearing,1.0,,,6.604431862731953,24.628864455888777,44.700189906463855,UGR,August/September,3.8018139066486767,12.473142738348676,DA+PPT+SLOPE,0,0.2127311418047675,0.6979368169447752,DA+PPT,0,0.7041556608716916,2.310221984487177,DA+PPT,0,1.7177977829280242,5.635819497795355,DA+PPT+SLOPE,0,0.0,0.0,0.7041556608716916,2.310221984487177,0.6978918815458752,0.6978918815458752,0.013760629510742325,0.032949571004792934,0.010247920630820473,0.01781800616026243,0.19870019796046773,0.2611878887666351,-0.4489412981360741,-0.23869968698608984,-0.3021110942470156,1.5600890968496625e-06,0.7938342718033116,0.7604275012052745,981,0.1495744912780106,0.5473692995348967,0.20975927495144767,0.9738103408734633,0.09887778078192289,0.42232641332036014,0.3,0.008010622465286355,0.019181286256307575
23430328,Ladd Creek,17060104000974,104.3082,0.02701502,578.0693685425507,7.164749419507325,40.27003372846856,110.0999390638609,30.547,4.97,3.8187633250021484,3.0868405308611404,0.0027522437109693547,,,,Spawning and rearing,1.0,,,40.27362117367715,22.758636556793338,44.89654895511319,UGR,August/September,8.406863328908955,27.58157260140733,DA+PPT+SLOPE,1,0.28510103486317817,0.9353708492886422,DA+PPT,1,0.891787552158087,2.9258121789963485,DA+PPT,1,4.451224688618298,14.60375554008628,DA+PPT+SLOPE,1,0.0,0.0,0.891787552158087,2.9258121789963485,0.6803038636576098,0.6803038636576098,0.059920524738493575,0.13414408855849336,0.019951774921715997,0.03216615191144505,0.25351893855169433,0.3180287406991772,-0.44802815641265226,-0.31537671778393794,-0.21664335088169376,5.7982586999384865e-06,2.8587191933035694,2.101237009065166,981,0.19118182589762553,0.6882712439949722,0.2661387108126493,1.098930221529344,0.17152226302758747,0.34839084786587327,0.5,0.013461581683735103,0.030136445122956247
23430330,,17060104000975,4.7664,0.03608979,586.9670731004531,6.691779817333837,18.211874013871885,55.81308066748544,18.351,,,,,,,,,,,,1.840317328476714,23.108939885844613,44.04520367120091,UGR,August/September,2.1132667696196283,6.9332899265735835,DA+PPT+SLOPE,1,0.15996569517457493,0.5248218345622537,DA+PPT,1,0.5592435638916665,1.8347885954451,DA+PPT,1,0.819758638026154,2.689496843917828,DA+PPT+SLOPE,1,0.0,0.0,0.5592435638916665,1.8347885954451,0.7139605969509868,0.7,0.004238714585817575,0.009597680713975485,0.005691365998660265,0.011849405040461903,0.1596033521006547,0.2279811018530376,-0.4822993303343717,-0.2153733284599191,-0.2966359752070489,4.3712723853450975e-07,0.3097988568700121,0.2962835548444958,981,0.11314791704776686,0.4778484642723105,0.1577298518753703,0.9079389249888574,0.04699812285652473,0.45765351035568264,0.3,0.005170686088802569,0.011707934834435104
23430332,,17060104000976,4.8087,0.03693258,657.7105729908292,6.322020148455923,17.642070735967714,54.314632076705266,18.63,,,,,,,,,,,,1.8566494497830595,25.89411704688304,43.37963626722066,UGR,August/September,2.2558340888224113,7.4010304751391445,DA+PPT+SLOPE,1,0.1726078513007575,0.5662987247400181,DA+PPT,1,0.5948822644933857,1.9517134661856483,DA+PPT,1,0.9207910940130603,3.0209681562108273,DA+PPT+SLOPE,1,0.0,0.0,0.5948822644933857,1.9517134661856483,0.7098453566307713,0.7,0.004342161086866362,0.008721290374635884,0.005701255686013075,0.011294003034249017,0.1608745248864889,0.22436199860439676,-0.46794770999917296,-0.23309468079000584,-0.29325635352480817,5.816415850762862e-07,0.40117316636330147,0.345570882899283,981,0.12208805708825149,0.5407534888910752,0.16680011132662978,0.9877433384721891,0.05715258174296169,0.41846493437244964,0.3,0.004715685365658819,0.009471519035469932
23430340,Ladd Creek,17060104000980,52.281,0.02831707,609.9251542231285,6.8264512227314516,34.85207863194342,97.28841545703435,36.462,,,,,,,,,,,,20.185806950757613,24.012801347367265,44.28761220091661,UGR,August/September,6.32592397996969,20.754343766304757,DA+PPT+SLOPE,0,0.2588676313715592,0.8493032525313622,DA+PPT,0,0.8250467515998862,2.706846297899889,DA+PPT,0,3.1914509409596303,10.470639570077527,DA+PPT+SLOPE,0,0.0,0.0,0.8250467515998862,2.706846297899889,0.6862388332908687,0.6862388332908687,0.040095124012416224,0.08959581250698145,0.01796519049407358,0.029681618375356666,0.24347204214733736,0.3096201326114626,-0.4654493758265983,-0.3018054766531186,-0.2147799570262095,3.845746607423836e-06,1.8821441927652476,1.432489864210475,981,0.17629376717993142,0.6571681449542095,0.2436243684434951,1.0678935920064625,0.14365342838679002,0.3618452939514296,0.5,0.012563290100383028,0.02807369255064942
23430376,Little Whiskey Creek,17060104000998,13.0842,0.04856022,615.0957446086119,7.113782814898885,27.785190431557236,80.13151044698131,6.4135,,2.726758020834853,2.279382146841866,0.004455270479912454,,,,Spawning and rearing,1.0,,,5.05183786280107,24.21636789797685,44.804809066817995,UGR,August/September,3.5249638663769662,11.564842081289259,DA+PPT+SLOPE,0,0.19992347400758678,0.6559169094737098,DA+PPT,0,0.6696805578976504,2.197114691265257,DA+PPT,0,1.5645345799114367,5.132987466901039,DA+PPT+SLOPE,0,0.0,0.0,0.6696805578976504,2.197114691265257,0.7014644196402939,0.7,0.011237847482033967,0.022411300507233632,0.009918960226554526,0.018181163504326175,0.19688403128210769,0.26295043331544665,-0.49546559343859053,-0.28767089727294654,-0.20694454906190846,1.5112487370441983e-06,0.8242155145361147,0.5632312278669147,981,0.141409010244409,0.642865469386992,0.1857487445157123,1.0495526261240822,0.08329957647457902,0.3603591713621044,0.5,0.007182869350621899,0.014324579843100855
23430378,,17060104000999,4.5252,0.05976768,578.0472744968177,6.944001446579157,21.074228254995916,63.24308884132679,30.972,,,,,,,,,,,,1.747189487836276,22.757766712473142,44.499202603842484,UGR,August/September,2.1354630493652156,7.0061123666837775,DA+PPT+SLOPE,1,0.15681352206507143,0.5144800592686071,DA+PPT,1,0.5503009183351761,1.8054492071364046,DA+PPT,1,0.8294256173549812,2.7212126553641114,DA+PPT+SLOPE,1,0.0,0.0,0.5503009183351761,1.8054492071364046,0.7150404136349999,0.7,0.0027974860379845214,0.005425953178875703,0.003914446656616418,0.00790759290760337,0.14119767386822166,0.19922695676722454,-0.4719737270037276,-0.23534154703777035,-0.2887702793018856,4.887060676543706e-07,0.3555335925454758,0.25035044356944186,981,0.11091648833198724,0.5512957093145064,0.14656275455131032,0.9540725830410332,0.04251400195177353,0.4065635095917078,0.3,0.0033727991750551888,0.0065418201045911025
23430382,,17060104001001,1.3626,0.21211581,700.6816981902246,6.669374071003963,23.208131306853478,68.68718354773608,2.55,0.0,,,,,,,,,,,0.5261028012299368,27.5858936295364,44.00487332780713,UGR,August/September,1.5148595513377607,4.970011651370606,DA+PPT+SLOPE,1,0.14147878269785383,0.46416923457301124,DA+PPT,1,0.506716989356704,1.6624573141624144,DA+PPT,1,0.5828571807592888,1.91226109172995,DA+PPT+SLOPE,1,0.0,0.0,0.506716989356704,1.6624573141624144,0.7207932915818228,0.7,0.0005294765922094952,0.001056110473046385,0.0012565084208973052,0.002920276862275832,0.09528037265289806,0.14293590722051147,-0.4561744716211952,-0.26772868935859034,-0.27484033059931706,4.5981689197926564e-07,0.32153815558094484,0.04408828033800176,981,0.10007170853832575,0.7238593745957279,0.1348718363139934,0.8891186971844648,0.028740475688781804,0.3186570637850968,0.3,0.0009084156628554276,0.0018119541251436387
23430384,,17060104001002,9.0414,0.04013561,602.7327359516225,7.703326556062114,23.116901940725764,68.4559554429802,9.332,,,,,,,,,,,,3.49090405624567,23.72963527368593,45.8659878009118,UGR,August/September,2.8982439693464888,9.508674440113152,DA+PPT+SLOPE,0,0.18387434374054132,0.6032622826133245,DA+PPT,0,0.625879504735031,2.0534104486057445,DA+PPT,0,1.2201468814590422,4.003106566466673,DA+PPT+SLOPE,1,0.0,0.0,0.625879504735031,2.0534104486057445,0.7062144672425639,0.7,0.00620191156196621,0.01306608426244217,0.0063193450641697915,0.011744649308497307,0.16777951556898732,0.2273072831316487,-0.45969617096880255,-0.24058906146365136,-0.29339542250337625,1.0106557656214203e-06,0.5562702895845286,0.46097941092621486,981,0.1300579713625683,0.5636947117842518,0.17640093630601716,0.9897541349479707,0.06780053965008757,0.40488840042724333,0.3,0.005082922110615086,0.010708615873211796
23430388,,17060104001004,4.7322,0.02408831,648.3929351084063,6.6127096679916315,16.46830047731992,51.20559692603091,14.962,,,,,,,,,,,,1.8271126346545623,25.527280909779776,43.90287740238494,UGR,August/September,2.1446618615456106,7.03629219667195,DA+PPT+SLOPE,1,0.17048396042066613,0.5593305788079597,DA+PPT,1,0.5889378936114849,1.9322109370455538,DA+PPT,1,0.8587347715434898,2.8173712977148613,DA+PPT+SLOPE,1,0.0,0.0,0.5889378936114849,1.9322109370455538,0.710523024125304,0.7,0.00621975763849364,0.01550305028743076,0.008053745322990776,0.01726190131474035,0.17953865189649132,0.2584418710062284,-0.48338421507032603,-0.20545096793722162,-0.30311107166946155,4.4545552715227015e-07,0.3080192254623436,0.3080192254623436,981,0.12058537538066644,0.4401736101723438,0.1696145791606468,0.8466665249781659,0.058406826781672076,0.485996437755679,0.3,0.0072429320956856665,0.018053362692610642
23430390,Ladd Creek,17060104001005,49.8042,0.03026354,611.726719790629,6.795288790706747,35.05345515263928,97.76948582963168,29.977,,,,,,,,,,,,19.229509124479684,24.083729125615314,44.231519823272144,UGR,August/September,6.230966463079012,20.442803356558436,DA+PPT+SLOPE,0,0.2569800568589842,0.843110422765696,DA+PPT,0,0.8201924085796134,2.6909199756548996,DA+PPT,0,3.137035826597355,10.292112291986072,DA+PPT+SLOPE,0,0.0,0.0,0.8201924085796134,2.6909199756548996,0.6866832048543157,0.6866832048543157,0.036551437380538544,0.0802212284461179,0.01685234175045109,0.028342464549741424,0.23839509656856608,0.3048918887626938,-0.4647707829095355,-0.3047551823926949,-0.2136216929473184,3.808854146471616e-06,1.8767933048412413,1.3622457020711605,981,0.17521538869047262,0.6694237320931093,0.23983089869099333,1.0748499350762124,0.1413484071717811,0.3547025411942352,0.5,0.01165158429834853,0.0255723022880269
23430400,Ladd Canyon Pond,17060104001010,46.2933,0.05276857,549.9748476383343,7.441044654594748,36.679938845809936,101.64066195788455,26.573999999999998,,,,,,,,,,,,17.87394305605301,21.652553056627333,45.393880378270545,UGR,August/September,5.972206700971019,19.593854005810428,DA+PPT+SLOPE,1,0.23639826570335432,0.7755848612314774,DA+PPT,1,0.7664680009887964,2.5146587958950013,DA+PPT,1,2.89137321979934,9.486132610890222,DA+PPT+SLOPE,1,0.0,0.0,0.7664680009887964,2.5146587958950013,0.6915745140066065,0.6915745140066065,0.015964090021920594,0.03185404967544026,0.008664661038653118,0.016628055044863747,0.19073576181765398,0.25523906860717105,-0.46107002969758154,-0.3261071124399204,-0.2041581968238449,3.830054226623945e-06,1.9292470002269098,1.2078880285912932,981,0.16331890593533716,0.784529303102345,0.21592548250293575,1.2053440789635974,0.11764458069398892,0.2975951370375372,0.5,0.005521283074977258,0.011016927685887233
23430404,Ladd Creek,17060104001012,44.9226,0.03067765,618.2149180669118,6.7000370972444605,34.05979894833065,95.39182227065444,34.264,,,,,,,,,,,,17.34471282733888,24.339170002634322,44.06006677504003,UGR,August/September,5.983045849885842,19.62941551799817,DA+PPT+SLOPE,0,0.25372267021794015,0.832423458720276,DA+PPT,0,0.8118125394142967,2.663426966582338,DA+PPT,0,2.9943815908087275,9.824086584018135,DA+PPT+SLOPE,0,0.0,0.0,0.8118125394142967,2.663426966582338,0.687461503857781,0.687461503857781,0.03373540368945714,0.07325398827629272,0.01630247747762344,0.02752580765149559,0.2356312049875152,0.30193492908046304,-0.4662821774260045,-0.3043450412459602,-0.21307030385041187,3.0113167708894163e-06,1.7853069325533344,1.3900559829399504,981,0.17334466671667992,0.6702847336885982,0.2398451445589988,1.0998945066446937,0.13785877736052815,0.3537749589339206,0.5,0.011266234000705911,0.024463811994151406
23430406,Ladd Creek,17060104001013,27.5742,0.01763636,638.9405445775781,6.568175283343233,24.378332760833995,71.64176046218272,32.923,,,,,,,,,,,,10.646458140081112,25.15513955029835,43.82271551001782,UGR,August/September,4.647402967525386,15.247385064059664,DA+PPT+SLOPE,0,0.2362320747468738,0.7750396153112658,DA+PPT,0,0.7663874403321216,2.514394489278614,DA+PPT,0,2.208369273099895,7.245306014107267,DA+PPT+SLOPE,0,0.0,0.0,0.7663874403321216,2.514394489278614,0.691758942912086,0.691758942912086,0.022888033814315756,0.059584592275544294,0.013291497407032404,0.02225317583738663,0.21760384038122807,0.28127469765617596,-0.4392048899451818,-0.239257748342269,-0.30824586430551665,2.199076124365508e-06,1.0486750207496465,1.0157954189307519,981,0.16328375723682345,0.5427219314511998,0.23341659305086332,0.9514387437157413,0.12294321926902319,0.43055420635042757,0.3,0.010364223996916852,0.026981263052942777
23430410,Marley Creek,17060104001015,15.1596,0.03630539,626.689543463904,6.996829908892781,26.424499071824677,76.75977605646234,28.966,,3.2576745391331237,3.039980804742581,0.003946551445994526,,,,Spawning and rearing,1.0,,,5.853154282640062,24.672816671807244,44.594293836007004,UGR,August/September,3.71613871051697,12.192056136866698,DA+PPT+SLOPE,0,0.20813532814282182,0.6828586881326175,DA+PPT,0,0.6918483586087144,2.269843696222816,DA+PPT,0,1.6758342216204818,5.49814377172074,DA+PPT+SLOPE,0,0.0,0.0,0.6918483586087144,2.269843696222816,0.6991604799621474,0.6991604799621474,0.01586850149037118,0.034220060255378805,0.0127993075974804,0.02308144941575269,0.21452745181565683,0.28472200003872394,-0.49675219684136157,-0.27996460959388725,-0.2104838859672707,1.326143306823993e-06,0.8501732905549428,0.6690348943992125,981,0.14686806217749956,0.6088753650942008,0.1977336313354568,1.027991837807428,0.09277964244368057,0.3818297587736462,0.5,0.009469016258079999,0.020419716827532634
23430412,Ladd Canyon Pond,17060104001016,34.6536,0.00610629,555.6166541526336,7.379882436692032,16.3723523383762,50.950070960676186,15.652000000000001,,,,,,,,,,,,13.379829761266501,21.874671423332032,45.28378838604566,UGR,August/September,4.390226489446084,14.403630214718122,DA+PPT+SLOPE,1,0.22520654072579344,0.7388666034310808,DA+PPT,1,0.7370506607571671,2.418145212457897,DA+PPT,1,1.9554204742670296,6.4154215035007525,DA+PPT+SLOPE,1,0.0,0.0,0.7370506607571671,2.418145212457897,0.6944490348947787,0.6944490348947787,0.03474317063856441,0.11599545921830981,0.019947386270030117,0.038183864099989605,0.24548256326124554,0.3367389023292846,-0.4633003537102937,-0.19086979676153504,-0.32588246325814113,1.5110354506161077e-06,0.6398818528871137,0.6398818528871137,981,0.15682320296622637,0.3788071925077318,0.22405810397053108,0.6504423107853415,0.12058587379874874,0.5397098075660696,0.3,0.017767621386693088,0.05931995739268792
23430418,,17060104001019,9.252,0.05410447,571.0467679571984,7.13035759225681,21.54957241698093,64.46240930248369,27.253500000000003,,,,,,,,,,,,3.5722171708347092,22.482156218787342,44.834643666062256,UGR,August/September,2.9197346269598135,9.579181846981015,DA+PPT+SLOPE,1,0.17827760167512602,0.5849002679630119,DA+PPT,1,0.6103473238760234,2.0024518499869535,DA+PPT,1,1.2132218258972796,3.98038656790446,DA+PPT+SLOPE,1,0.0,0.0,0.6103473238760234,2.0024518499869535,0.7079079489642547,0.7,0.003324853624204722,0.006260760940888179,0.0036113590091244926,0.007028067997238126,0.13954352291773295,0.19154845419727415,-0.4484442448239816,-0.2648046302140491,-0.2831397659528446,1.1773254942256958e-06,0.6406967587017817,0.3560902768645831,981,0.12610023782155955,0.6718596111531404,0.16157706842238084,1.0466013547582393,0.06015703442651731,0.34267951844179806,0.3,0.0027405158341474063,0.005160442061992925
23430420,Marley Creek,17060104001020,8.5752,0.02989669,627.0216713755249,6.878411163558984,20.676767826751792,62.22051242178221,31.6675,,,,,,,,,,,,3.310903229933182,24.685892573839563,44.38114009440617,UGR,August/September,2.817389590613861,9.243404168680645,DA+PPT+SLOPE,0,0.18679090170681079,0.6128310423451797,DA+PPT,0,0.6339619485041669,2.0799276525727257,DA+PPT,0,1.1905551315459921,3.906020772788688,DA+PPT+SLOPE,1,0.0,0.0,0.6339619485041669,2.0799276525727257,0.7053594428694909,0.7,0.007645471558447957,0.017296513029899655,0.007796834602481234,0.014804318506685139,0.17963039355598479,0.245544083110898,-0.46430909702729134,-0.22958435887869916,-0.2983097094915282,9.302853202683822e-07,0.5099176433503858,0.5099176433503858,981,0.13212202241791296,0.5232307221222577,0.1858383633619407,0.9738102331409997,0.07192324397665105,0.433038225743716,0.3,0.00642177027830702,0.014528107579057944
23430422,Marley Creek,17060104001021,3.9222,0.05577557,618.5319005050482,6.9070690753602575,19.650058449887972,59.565758069253555,32.518,,,,,,,,,,,,1.5143698862351813,24.351649626183,44.43272433564846,UGR,August/September,2.0599743903677146,6.758446162623735,DA+PPT+SLOPE,1,0.1595022963903178,0.5233014973435622,DA+PPT,1,0.5580250883366015,1.8307909722329443,DA+PPT,1,0.8101404161452743,2.65794099785195,DA+PPT+SLOPE,1,0.0,0.0,0.5580250883366015,1.8307909722329443,0.7141664421114597,0.7,0.0028071775721201283,0.005347997464086492,0.0041121421061778045,0.008345917243931921,0.14359089441024123,0.20284206570925473,-0.4705997936742964,-0.23623971004610098,-0.28904835417342484,4.840747208485902e-07,0.3533583414536821,0.26047434712769396,981,0.11281775740276342,0.5546272568197362,0.1501418591245485,0.9798406813813407,0.044794532983019074,0.4053485077956273,0.3,0.0034650506457595933,0.006601321644379595
23430428,,17060104001024,13.8789,0.03022826,564.9033152422022,7.253483623364244,20.360772396481604,61.405509559628904,21.858,,,,,,,,,,,,5.358673248194752,22.240288001661504,45.05627052205564,UGR,August/September,3.3295734815757334,10.923797511731408,DA+PPT+SLOPE,1,0.19124006893850748,0.6274280476985153,DA+PPT,1,0.6459209989170673,2.1191633822738427,DA+PPT,1,1.4151604076151307,4.642914723146754,DA+PPT+SLOPE,1,0.0,0.0,0.6459209989170673,2.1191633822738427,0.7039265339582781,0.7,0.007463312588009869,0.016441217023077034,0.006561600822086116,0.011947864009789887,0.17051750048839762,0.22861080711717696,-0.4542063021043508,-0.24595440643939315,-0.2932776906341698,1.3047854785883936e-06,0.6677821928435316,0.5640973140913236,981,0.13526802661619733,0.5852782208109703,0.18397337486801701,1.0031543747812914,0.074838619795748,0.39522615158799057,0.3,0.005273828004125171,0.011617917611745689
23430432,Marley Creek,17060104001026,1.4364,0.05832492,610.3068364655388,6.917873563909775,14.438860769741654,45.7528302646724,32.427,,,,,,,,,,,,0.5545971405303692,24.02782820730468,44.452172415037595,UGR,August/September,1.2962525615606941,4.25279711798128,DA+PPT+SLOPE,1,0.13057379124611376,0.42839170356336537,DA+PPT,1,0.47473135450193726,1.5575175672635737,DA+PPT,1,0.456427093411973,1.4974642172308825,DA+PPT+SLOPE,1,0.0,0.0,0.47473135450193726,1.5575175672635737,0.7249522492924345,0.7,0.0013393450232754994,0.0029158380270159186,0.0030334651729369815,0.007646331216520985,0.12690689490737997,0.1970082298478168,-0.49522863123571204,-0.20903797138264227,-0.2926999322087087,2.3652843941757916e-07,0.15940408318360808,0.042791144993553416,981,0.092356714243251,0.45603069565257637,0.1500699052823693,0.7233596027311489,0.02417006889257109,0.46446339174344764,0.3,0.002934411744191971,0.006388398211023969
23430442,,17060104001031,6.6186,0.07400092,683.8657756404679,6.986855432390535,27.446604319585063,79.29477372849337,25.467,,,,,,,,,,,,2.555455746529032,26.923849434664092,44.576339778302966,UGR,August/September,2.8243474266729676,9.266231714806324,DA+PPT+SLOPE,0,0.18817476413614068,0.617371273412535,DA+PPT,0,0.6379231577787547,2.0929237459932897,DA+PPT,0,1.2352972628531076,4.052812542168988,DA+PPT+SLOPE,1,0.0,0.0,0.6379231577787547,2.0929237459932897,0.7050197005053644,0.7,0.005908363961683897,0.010535607198357232,0.006947629124635614,0.013800104881181286,0.17384898621454234,0.2398616383112332,-0.4954423555501256,-0.2946222567683641,-0.20298775855687462,1.169034205534332e-06,0.6862619647326161,0.32768800181431973,981,0.13310048749813783,0.6836215312120475,0.16916548999195355,1.0499883349968822,0.07015122723746893,0.33791135894648416,0.5,0.004782949124357022,0.00852880315951129
23430450,Little Beaver Creek,17060104001035,7.9857,0.07800652,702.0180222100755,6.588491671497803,29.697076255080553,84.8293615955381,24.630499999999998,,2.4049610172565314,2.2852666439252713,0.0035140296250946194,,,,Spawning and rearing,1.0,,,3.0832960074724096,27.638504811420297,43.85928500869605,UGR,August/September,3.134040217566645,10.282284178368258,DA+PPT+SLOPE,0,0.19839621553514733,0.6509062189473337,DA+PPT,0,0.6658176553996086,2.1844411266391357,DA+PPT,0,1.416134619200879,4.646110955383461,DA+PPT+SLOPE,1,0.0,0.0,0.6658176553996086,2.1844411266391357,0.7020262020296316,0.7,0.0061807324172871774,0.01081593829998745,0.0068045629466143625,0.01375291634706635,0.17328314208631862,0.23958792916277216,-0.48460285519105517,-0.30646733314577845,-0.20212524871655196,1.4713921117037824e-06,0.8498541782688942,0.3755196547872243,981,0.14032983982900785,0.7310093798643537,0.1783580539671108,1.0994973129302357,0.08038535170923188,0.3178993811029342,0.5,0.004364509089379474,0.007637648393971793
23430458,,17060104001039,5.1804,0.03961447,672.7979157366227,6.466363498870744,18.48014961854696,56.516237454925594,16.869,,3.103112683636568,3.628498833621308,0.0047235263853580445,,,,Spawning and rearing,1.0,,,2.0001636221132864,26.488106918764675,43.63945429796734,UGR,August/September,2.3757174553355873,7.794348606744053,DA+PPT+SLOPE,0,0.17768830854286552,0.5829668915448344,DA+PPT,0,0.6090256936597034,1.9981157928467959,DA+PPT,0,0.9888783788933277,3.244351636789133,DA+PPT+SLOPE,1,0.0,0.0,0.6090256936597034,1.9981157928467959,0.7082416876780409,0.7,0.00434971455525442,0.008416378878233377,0.00553763811826206,0.01070553786619294,0.15986913923567714,0.22039555467213473,-0.4615893595850288,-0.24138320865866908,-0.29148979363804006,8.038141986883971e-07,0.45704128564407837,0.35145924833145487,981,0.12568089945198802,0.5709340838433469,0.1682549605056926,1.0039391012607861,0.06139383214048646,0.4001725258733476,0.3,0.004398634501567591,0.008511035389055935
23430466,Rock Creek,17060104001043,9.3771,0.04958353,746.9697818274306,5.761034219619925,26.12405308166049,76.01195551788827,22.862,,2.7793038202783094,2.776530812461229,0.004217810710611027,,,,Spawning and rearing,1.0,,,3.6205185508683693,29.408259127064195,42.36986159531587,UGR,August/September,3.354506183654305,11.005597715401262,DA+PPT+SLOPE,0,0.21302998143617624,0.698917261929712,DA+PPT,0,0.7053404408343031,2.314109057855325,DA+PPT,0,1.564797577464419,5.133850319765154,DA+PPT+SLOPE,0,0.0,0.0,0.7053404408343031,2.314109057855325,0.6979756595493144,0.6979756595493144,0.005889239273068752,0.010650955070877146,0.005775176541138024,0.010969802620676435,0.16478838024587872,0.22219431233253212,-0.4308816064128207,-0.27518964799550427,-0.28815356905053685,1.6935374121217372e-06,0.9212655524837076,0.46355930660705014,981,0.1498152070937232,0.6971844239369862,0.19146888570620177,1.0690804553869138,0.09593023395258654,0.33545632382538104,0.3,0.0037635789816415815,0.006806602479622852
23430474,East Burnt Corral Creek,17060104001047,5.3235,0.05153674,608.3594074725276,6.833803635976332,20.822196772992747,62.59499367304007,30.858,,,,,,,,,,,,2.0554148410007107,23.95115777450896,44.3008465447574,UGR,August/September,2.333384475764214,7.655460878491515,DA+PPT+SLOPE,0,0.16723768458331764,0.5486800675305696,DA+PPT,0,0.579750641880096,1.9020690350396847,DA+PPT,0,0.9389416124620488,3.0805171012534407,DA+PPT+SLOPE,1,0.0,0.0,0.579750641880096,1.9020690350396847,0.7115351454532659,0.7,0.00351171902200649,0.00681652779888164,0.004537337686816467,0.008904158132021561,0.149124571533394,0.2072673785992632,-0.46567502653147136,-0.24050721374597922,-0.2892804220357329,5.993468640010393e-07,0.4229776602884359,0.28240429550034446,981,0.11828900617875693,0.5691850371182577,0.1550393543846394,0.960652295621863,0.051442768504949485,0.39785478817493736,0.3,0.003740082424079837,0.007259799446962053
23430482,East Fork Rock Creek,17060104001051,7.3593,0.0619317,739.5966989751744,5.633825534046716,24.043321415765995,70.79803616771258,23.3945,,2.5604388088788745,2.4673720389376372,0.004106489555301956,,,,Spawning and rearing,1.0,,,2.841441615361422,29.117980274613167,42.140885961284084,UGR,August/September,3.0428245496355606,9.983020175969687,DA+PPT+SLOPE,0,0.2021050279179114,0.6630742385758248,DA+PPT,0,0.6759603198536543,2.2177175848217003,DA+PPT,0,1.3858093946655907,4.546618748902857,DA+PPT+SLOPE,1,0.0,0.0,0.6759603198536543,2.2177175848217003,0.7010105149934434,0.7,0.0034589262838728204,0.005827572995183211,0.0039876187669390115,0.008102019390019366,0.1450112114793705,0.20084657309738949,-0.43026788587009995,-0.28329278118156176,-0.28245171418139914,1.2855029155538235e-06,0.861335541190097,0.3753063479616575,981,0.14295091594000262,0.7525087709202084,0.1817849881900826,1.1276412929321324,0.08415751109791042,0.31027305677258465,0.3,0.0024959610587049694,0.004205176424416909
23430488,Ladd Canyon Pond,17060104001054,20.1672,0.01034892,550.286824320332,7.447392460531954,16.287445961560955,50.72377136694671,14.8585,,,,,,,,,,,,7.786599451757215,21.66483560316268,45.405306428957516,UGR,August/September,3.563029029610519,11.689727787436086,DA+PPT+SLOPE,1,0.20186238511450608,0.6622781663861748,DA+PPT,1,0.674688815081255,2.213545981237713,DA+PPT,1,1.5137225565332424,4.9662813534555195,DA+PPT+SLOPE,1,0.0,0.0,0.674688815081255,2.213545981237713,0.7008066821291603,0.7,0.018761652352547176,0.057457292741628696,0.013906968918246283,0.02727909009067663,0.21729502035598103,0.3010301257569692,-0.4714348891552118,-0.20008288855973486,-0.314575253366807,1.1411307356716511e-06,0.528601712371834,0.5067503364313883,981,0.14278190742831515,0.4206646276966954,0.19904095105248928,0.7298767927323311,0.09309078607512776,0.5105554023758616,0.3,0.012394379849577909,0.03795761151450272
23430502,,17060104001061,1.6416,0.11367175,804.9339034429825,5.1493779967214905,20.327452886391594,61.31946759623838,12.516,,,,,,,,,,,,0.6338253034632791,31.690311159172538,41.26888039409869,UGR,August/September,1.6832314738703618,5.522412972015622,DA+PPT+SLOPE,1,0.16050078356734998,0.5265773739086285,DA+PPT,1,0.5613006886448755,1.841537692404447,DA+PPT,1,0.6899488769735956,2.263611801094474,DA+PPT+SLOPE,1,0.0,0.0,0.5613006886448755,1.841537692404447,0.7140556090268833,0.7,0.0011953373941327625,0.0022049708799995182,0.0024871163607170337,0.005444951943385643,0.12088519109206249,0.1759265355345161,-0.45435960900860456,-0.2633120855668937,-0.2798411890637845,5.63638594983315e-07,0.3780492899789537,0.06537532114317006,981,0.11352558545938615,0.6829688663570981,0.16340467589093352,0.9166488447019641,0.044069360416176505,0.3379886272495778,0.3,0.0017325013983297028,0.003195846755590708
23430514,,17060104001067,17.0694,0.04544447,585.8198927617842,6.8944833865469795,28.321068122382492,81.45282008985693,34.728,,,,,,,,,,,,6.5905321850244265,23.063775305582055,44.41007009578456,UGR,August/September,3.859960805254417,12.663913403065672,DA+PPT+SLOPE,1,0.20371331334154402,0.6683507655562467,DA+PPT,1,0.6798117492489423,2.2303535080345873,DA+PPT,1,1.7220025394160319,5.649614630630025,DA+PPT+SLOPE,1,0.0,0.0,0.6798117492489423,2.2303535080345873,0.7003386399740708,0.7,0.012786312552096061,0.026231563024988552,0.010232245427176928,0.018471383412377168,0.1993594651858067,0.2643421843287983,-0.49264667662987555,-0.2899590638612533,-0.20716201408169416,1.7223497760763782e-06,0.915455627857073,0.5910013854015539,981,0.14409184748133616,0.6492241128404683,0.18769663152555027,1.0306191462468977,0.08738251845672958,0.35763266881489253,0.5,0.007425257663343618,0.015233173252975712
23430528,Ladd Creek,17060104001074,20.9646,0.05159068,640.7916068382249,6.583275972624505,31.510680354351166,89.24561289255092,27.873,,,,,,,,,,,,8.094477312978961,25.228016017252948,43.84989675072411,UGR,August/September,4.4912838491236196,14.735183232032872,DA+PPT+SLOPE,0,0.224639558553892,0.7370064257017453,DA+PPT,0,0.7358756418530054,2.4142901635597287,DA+PPT,0,2.1360262863417283,7.007960257026667,DA+PPT+SLOPE,0,0.0,0.0,0.7358756418530054,2.4142901635597287,0.6947316288548048,0.6947316288548048,0.01237274175224494,0.023485456755636593,0.00899941241981869,0.017118717806324877,0.19226165937716544,0.25772531411846455,-0.4710506298452247,-0.3152563288294594,-0.20469362890549717,2.581935952186233e-06,1.3423499193381714,0.805939032526107,981,0.15654363157639803,0.7443258535287592,0.2045182748345408,1.1579832524637534,0.10630008124950213,0.3140258159371891,0.5,0.0057924108103721665,0.010994928716846004
23430530,Ladd Creek,17060104001075,8.8821,0.08037974,676.6435336538261,6.22769860388238,27.576582523905547,79.61615920862326,26.638,,,,,,,,,,,,3.429397982389858,26.639509198969535,43.209857486988284,UGR,August/September,3.2360684865662472,10.617022593721282,DA+PPT+SLOPE,0,0.19764469022032613,0.648440584712356,DA+PPT,0,0.6637046628485846,2.177508736379871,DA+PPT,0,1.4564523507137435,4.778386977407295,DA+PPT+SLOPE,1,0.0,0.0,0.6637046628485846,2.177508736379871,0.7022098814673898,0.7,0.00468961973377527,0.007983498733979381,0.005219896876031152,0.011123982031202557,0.15847525009580682,0.22323044562592534,-0.47836680182453817,-0.31692990131644944,-0.19948339998298126,1.6664112672032618e-06,0.9351172036605605,0.4286333746358443,981,0.1397976704527882,0.7912993465386874,0.177560997463571,1.1887950087953787,0.07883600580709955,0.2940852064845511,0.5,0.0032198923167497326,0.005481469222159598
23430536,Ladd Creek,17060104001078,7.6572,0.06095022,683.1886733699342,6.186353357508698,24.058458309575187,70.8361946697567,25.724,,,,,,,,,,,,2.956461448391216,26.897191864958042,43.135436043515654,UGR,August/September,2.9691436941954725,9.74128508594315,DA+PPT+SLOPE,0,0.19334823350775637,0.6343445981225603,DA+PPT,0,0.6520477968969437,2.139264425514907,DA+PPT,0,1.3114026968687178,4.302502286314691,DA+PPT+SLOPE,1,0.0,0.0,0.6520477968969437,2.139264425514907,0.7034753672539207,0.7,0.0035738890882726832,0.0063355187033251196,0.004046992899001373,0.008026668310508137,0.145524565612876,0.20022198943319652,-0.43784847267891575,-0.27482917121880646,-0.28327536320327645,1.3571537624473519e-06,0.7603279701188395,0.36624649942384097,981,0.13676087679535043,0.7122162955757774,0.173816339351194,1.086439359770428,0.07514783187955762,0.3259467572028027,0.3,0.00272524152711153,0.00483110086509099
23430538,,17060104001079,5.6097,0.07969476,710.8565140446013,6.438866657372053,26.696696609722117,77.43622956825536,40.6665,,,,,,,,,,,,2.1659172787755585,27.98647693088982,43.589959983269694,UGR,August/September,2.6883323065248153,8.819987882299262,DA+PPT+SLOPE,0,0.18701040981965808,0.6135512133190881,DA+PPT,0,0.6348093847365294,2.0827079551723404,DA+PPT,0,1.1773706045753476,3.862764450706521,DA+PPT+SLOPE,1,0.0,0.0,0.6348093847365294,2.0827079551723404,0.7054069862289848,0.7,0.005026382468978243,0.008687347054574048,0.006353430719984335,0.01288032373358416,0.16848527638115982,0.23440970747158038,-0.4938154542324356,-0.29781313676736343,-0.20201797828021656,1.1292454746830132e-06,0.6715248221030905,0.28990448789264145,981,0.13227732580970622,0.7012173645453375,0.16818966684185188,1.0615384722929337,0.06873279659794927,0.33006921988471216,0.5,0.0042691591326005215,0.0073786002647037285
23430540,Ladd Creek,17060104001080,5.8563,0.07687861,691.1240206603658,6.151845607965268,23.782309338535452,70.13950670540603,21.229,,,,,,,,,,,,2.2611300710721256,27.209607112612826,43.073322094337485,UGR,August/September,2.693762510706277,8.837803512815869,DA+PPT+SLOPE,0,0.1851117839564794,0.6073221258414678,DA+PPT,0,0.629544765794558,2.065435583315479,DA+PPT,0,1.169602526338059,3.837278629718041,DA+PPT+SLOPE,1,0.0,0.0,0.629544765794558,2.065435583315479,0.7059592994584794,0.7,0.002404757571617412,0.004061661571489607,0.0031097233198933536,0.006481790397359986,0.1326970333208801,0.1864511190874563,-0.43862640051641233,-0.27826642059569967,-0.2799974555679946,1.0028397366749013e-06,0.69740761935503,0.28846761518429664,981,0.13093112816190336,0.740746406999415,0.16694310877515342,1.1092158602835946,0.06626952018352053,0.3129771816000015,0.3,0.002056046834257903,0.003472685361074224
23430546,Ladd Canyon Pond,17060104001083,10.44,0.0338597,558.9507908422414,7.39520049062069,19.272215619315276,58.58379271868295,18.66,,,,,,,,,,,,4.030906535183135,22.00593664733234,45.311360883117246,UGR,August/September,2.9342051061751935,9.626657172490791,DA+PPT+SLOPE,1,0.17989307080279873,0.5902003635262425,DA+PPT,1,0.6147693063305848,2.016959666438926,DA+PPT,1,1.208309749145336,3.9642708305293177,DA+PPT+SLOPE,1,0.0,0.0,0.6147693063305848,2.016959666438926,0.7073811770523504,0.7,0.0055768870139005465,0.011985948627526386,0.005576755873122272,0.010371955966986233,0.1607434752387563,0.21808220090452676,-0.46018139577188316,-0.24278510017384183,-0.2914567481811527,1.0504678990240314e-06,0.5538887263494178,0.4697765910567342,981,0.12724329789108482,0.5773224543900141,0.17322392868368086,1.0043003116653884,0.06328324341325534,0.39773908279485737,0.3,0.004615444854140423,0.009919599370943014
23430554,,17060104001087,6.8301,0.08014336,744.2613143286335,6.1709899255764915,28.48961393188505,81.86765605354127,42.916,,,,,,,,,,,,2.6371163530607595,29.3016265483714,43.10778186603768,UGR,August/September,3.014578994623089,9.890351032227981,DA+PPT+SLOPE,0,0.2000725426853709,0.6564059799388808,DA+PPT,0,0.6704781660437423,2.199731515891543,DA+PPT,0,1.3752888810548918,4.512102628132847,DA+PPT+SLOPE,1,0.0,0.0,0.6704781660437423,2.199731515891543,0.7015972289359859,0.7,0.005469944961782429,0.009125663655618812,0.0064443511709699015,0.013305602272343326,0.16994402570689393,0.2369617121549998,-0.48144815771434907,-0.3106516496484025,-0.2014558414662785,1.2224760995675144e-06,0.8552442538987323,0.3866728415484824,981,0.14151342919002502,0.7525052997984063,0.17976407233080896,1.1414702694593186,0.08198200774510019,0.3097106851663624,0.5,0.003977306177002465,0.006635452217587281
23430566,,17060104001093,5.5368,0.05717539,697.1014615312095,6.766051420546164,23.8920371315582,70.41647426064803,41.691,,,,,,,,,,,,2.1377704314178145,27.444939430362577,44.178892556983094,UGR,August/September,2.5727160771137774,8.44066954433654,DA+PPT+SLOPE,0,0.18417765254596036,0.604257390242652,DA+PPT,0,0.6269945891401331,2.0570688620083106,DA+PPT,0,1.1058829281470874,3.6282248298788957,DA+PPT+SLOPE,1,0.0,0.0,0.6269945891401331,2.0570688620083106,0.7062532026017265,0.7,0.004144722365429759,0.007683348000193854,0.0050959524413734855,0.009819227575252847,0.15623908979953682,0.2141373588650633,-0.4520492606135826,-0.2544327739943706,-0.28842201295067327,9.488279954198729e-07,0.5592302215061391,0.30509321808453166,981,0.13027326191502422,0.619173558422975,0.16684358665187252,0.9886958071354884,0.06709515106448112,0.3711205150940381,0.3,0.0037478852959365806,0.006947704684317121
23430580,Cove Creek,17060104001100,3.6,0.08462201,842.7670388935,5.2740125285375,23.064231680319086,68.32239871632375,17.508,,,,,,,,,,,,1.389967770752805,33.17980468084646,41.493222551367495,UGR,August/September,2.409794139818535,7.906148752685483,DA+PPT+SLOPE,1,0.19208161136249133,0.6301890136564676,DA+PPT,1,0.6490163871756833,2.1293188555632656,DA+PPT,1,1.0861095332742352,3.563351487120194,DA+PPT+SLOPE,1,0.0,0.0,0.6490163871756833,2.1293188555632656,0.7040419700365803,0.7,0.0021256777386668645,0.0036232805254958938,0.003252115604183968,0.007016702072239699,0.1341978993845718,0.1914451398843454,-0.43384466755399026,-0.28282332042135216,-0.28007989642047354,1.1529948883122325e-06,0.690008207170096,0.07568419412367271,981,0.13586252983903566,0.7664729379775754,0.16675544165434875,0.851836979516735,0.07333176085821506,0.3056722949084274,0.3,0.001957148587268818,0.003336017606413036
23430606,Umapine Creek,17060104001113,5.337,0.04037186,649.1272254974705,6.372966596694773,20.89379108161694,62.77921153617586,20.866,,,,,,,,,,,,2.0606272201410336,25.556189980215375,43.47133987405059,UGR,August/September,2.3675482360203812,7.767546706103612,DA+PPT+SLOPE,0,0.17456450424585554,0.5727181897829906,DA+PPT,0,0.6002979381557281,1.9694814243954333,DA+PPT,0,0.9738180759243926,3.194941193977666,DA+PPT+SLOPE,1,0.0,0.0,0.6002979381557281,1.9694814243954333,0.7092035585160208,0.7,0.005106437902392695,0.010588264473166688,0.006319845113755657,0.012448915509918446,0.16666273937821424,0.2317628590909258,-0.46922992528985413,-0.22923319316140295,-0.2952170364349872,5.84646543212583e-07,0.4131015662487355,0.3212267466028352,981,0.12347184200980343,0.5231540274781362,0.1657062253756226,0.927390241551837,0.05953684918843488,0.4287625909245136,0.3,0.005243728812022134,0.010872938934837314
23430610,,17060104001115,4.3749,0.0530333,657.1192243242132,6.33056851635466,21.008185770926442,63.0733699216138,18.8105,,,,,,,,,,,,1.6891583334073466,25.87083560331548,43.39502332943839,UGR,August/September,2.2256143828899746,7.301884458300441,DA+PPT+SLOPE,1,0.1694271280441841,0.5558632809848559,DA+PPT,1,0.5860119580830582,1.9226114110336554,DA+PPT,1,0.9077737946681672,2.9782604811947744,DA+PPT+SLOPE,1,0.0,0.0,0.5860119580830582,1.9226114110336554,0.7108811079582604,0.7,0.0035525649884013163,0.0067347487283947105,0.004853667085047535,0.009603628802558113,0.15249116240966532,0.21255848947789352,-0.4653600950886529,-0.2396450814898422,-0.29014115633645726,6.83916304822722e-07,0.4108284840427495,0.23485300425460845,981,0.11983925737847882,0.5644813064618637,0.15420095356390176,0.9218912244376284,0.05365627476377863,0.40091014183887197,0.3,0.003913491454883803,0.007418972400339634
23430612,Squaw Creek,17060104001116,7.6158,0.03082406,648.8765224178682,6.399469911171119,21.907271898613587,65.3774029709315,22.309,,2.436013070631901,2.323911759569384,0.004385101726211005,,,,Spawning and rearing,1.0,,,2.9404768190275594,25.54631978023103,43.519045840108014,UGR,August/September,2.723429268646425,8.935135395821604,DA+PPT+SLOPE,0,0.18675168840858666,0.612702389791951,DA+PPT,0,0.6339215045174409,2.079794962327562,DA+PPT,0,1.1545032930796724,3.7877404628598175,DA+PPT+SLOPE,1,0.0,0.0,0.6339215045174409,2.079794962327562,0.7054025031841327,0.7,0.008028435133850572,0.018505420144740617,0.008420064573820319,0.016121181194568207,0.1841064238987917,0.25261877205236816,-0.4668046661471932,-0.2244309583390746,-0.30034431093991193,8.48300618130307e-07,0.47884503202863504,0.47884503202863504,981,0.1320932668857464,0.5024016100719548,0.1857993500315406,0.9462181359848857,0.07268170841690691,0.44556433581401234,0.3,0.006954016659783169,0.016028902001116733
23430614,Beatty Creek,17060104001117,10.746,0.04445217,811.2715217065327,5.292780879234505,27.212358514665546,78.7150212403582,14.996,,,,,,,,,,,,4.149053795697124,31.93982368923357,41.52700558262211,UGR,August/September,3.693586094881279,12.118064615752228,DA+PPT+SLOPE,0,0.23075745186801622,0.7570782541601582,DA+PPT,0,0.7525662976571735,2.469049532995976,DA+PPT,0,1.8064472794914552,5.926664302793488,DA+PPT+SLOPE,0,0.0,0.0,0.7525662976571735,2.469049532995976,0.6933725937682952,0.6933725937682952,0.01234752230733708,0.022408960287935837,0.010912871591415858,0.020477408414837868,0.20459622014601367,0.2735846104911096,-0.4715573285025896,-0.3104146315166091,-0.2071151683893854,2.1187525690543043e-06,1.1270902509592453,0.5527153152355277,981,0.16020732767474455,0.7176019992142194,0.2062721850422904,1.0927226225631304,0.11343680249616053,0.3282937318108012,0.5,0.00683525195975446,0.01240498991713964
23430622,Milk Creek,17060104001121,31.0383,0.0279,746.1796703992876,6.969137989214829,28.702787465624006,82.39182755955206,26.856,18.456,3.3492497287905025,3.381054032822282,0.004522724448255209,3.325736654415407,1.0788233058568886,0.005599045382294728,Spawning and rearing,1.0,Rearing and migration,1.0,11.983954627487998,29.37715237792471,44.544448380586694,UGR,August/September,5.527513513545825,18.134886855465304,DA+PPT+SLOPE,0,0.2674071776192418,0.8773201365460689,DA+PPT,0,0.8474849690278042,2.7804624968103813,DA+PPT,0,2.879716729820278,9.447889533531097,DA+PPT+SLOPE,0,0.0,0.0,0.8474849690278042,2.7804624968103813,0.6844697105058996,0.6844697105058996,0.027356402544771716,0.054203137348145664,0.014935928344789627,0.026211344778640636,0.22944131516813546,0.29705014430930343,-0.4529412639804143,-0.3205161748498096,-0.21160663282498643,4.019837505032046e-06,1.8983664411289427,1.1443140710349442,981,0.18126344855221693,0.7275740420188163,0.24203672539270138,1.1249913060064918,0.15148454750660295,0.3280513330140758,0.5,0.00949968525080556,0.018822385127973493
23430624,,17060104001122,5.7168,0.1006274,730.8610663145466,7.049317686098866,30.53077829826645,86.86416410846148,43.532,,,,,,,,,,,,2.2072688199554547,28.77405772891916,44.688771834977956,UGR,August/September,2.8054359459615386,9.204186174414495,DA+PPT+SLOPE,1,0.19112105191879386,0.6270375719120533,DA+PPT,0,0.6461098350875905,2.1197829235157166,DA+PPT,0,1.253771910985378,4.113424904807671,DA+PPT+SLOPE,1,0.0,0.0,0.6461098350875905,2.1197829235157166,0.704197271826261,0.7,0.004506277433806042,0.007510842257446898,0.005707786798500049,0.012033050306203915,0.16265410638277153,0.22915284004410819,-0.4865433959172419,-0.3071597417858817,-0.2005890754983763,1.0517939610116952e-06,0.7627696317089239,0.3143915029210755,981,0.1351838721828736,0.7452268881546857,0.17231554047055353,1.1201313813131515,0.07252977663901779,0.31170798214749806,0.5,0.003594176416238596,0.005990597007029689
23430628,Lookout Creek,17060104001124,20.0547,0.02634989,694.4342869534174,6.141390597560921,28.480411458003687,81.8450154529441,28.231,,2.658066988216183,2.8691865291244545,0.0039793115450914756,,,,Spawning and rearing,1.0,,,7.743162958921189,27.33993255722116,43.05450307560966,UGR,August/September,4.338384693409321,14.233545582051576,DA+PPT+SLOPE,0,0.23476631289109942,0.7702306853382527,DA+PPT,0,0.7627409480304732,2.5024309318585076,DA+PPT,0,2.0889906718587787,6.853643936544549,DA+PPT+SLOPE,0,0.0,0.0,0.7627409480304732,2.5024309318585076,0.6922070153735604,0.6922070153735604,0.029045506863739478,0.0661560852299919,0.01892274743281272,0.03175865358674793,0.24543769878729957,0.3166800421364436,-0.4879401600060197,-0.276615589612857,-0.21652150294831043,1.715518863959119e-06,1.0679897121293176,0.9053856005090958,981,0.1624701488052622,0.582792720392212,0.22581384696147574,1.0035580096430894,0.12040047589546211,0.4021665697530125,0.5,0.013904086435146625,0.031668923237041735
23430638,North Fork Limber Jim Creek,17060104001129,10.3185,0.06787711,777.6300720505888,5.888611222477104,31.13793956076113,88.34101719470726,26.053,,,,,,,,,,,,3.983995122920228,30.615357167346016,42.59950020045879,UGR,August/September,3.6742646176394587,12.054673942386675,DA+PPT+SLOPE,0,0.2227279999237899,0.7307349078864497,DA+PPT,0,0.7312512282248349,2.3991182028373848,DA+PPT,0,1.7765894083488432,5.828705407968645,DA+PPT+SLOPE,0,0.0,0.0,0.7312512282248349,2.3991182028373848,0.6954152125467492,0.6954152125467492,0.007932203229768077,0.013562798435589295,0.007632143833914385,0.015597643296113076,0.1809905018608036,0.24985401234628346,-0.4677769847755996,-0.3217753629150924,-0.20281550847539362,1.7774219354836179e-06,1.1885423168869371,0.5496176338089394,981,0.15551494555019332,0.7849379467851064,0.19915326206435766,1.1821037431770107,0.10429434861086154,0.2989631777582044,0.5,0.004464848879820939,0.007634177245374056
23430652,Squaw Creek,17060104001136,1.4337,0.09530266,677.0181290897677,6.250686000144381,18.64815605943795,56.95583783203067,17.388,,2.121429174591958,6.77247701780736,0.004320190433320159,,,,Spawning and rearing,1.0,,,0.5535546647023046,26.65425705077826,43.25123480025989,UGR,August/September,1.4244209200290685,4.6732969817226655,DA+PPT+SLOPE,1,0.13968421320342017,0.45828153938129973,DA+PPT,1,0.5014667862681073,1.6452322384124254,DA+PPT,1,0.5314382603985569,1.7435638464519583,DA+PPT+SLOPE,1,0.0,0.0,0.5014667862681073,1.6452322384124254,0.7214487239664591,0.7,0.00123927609265144,0.00248677568128319,0.002719799062602352,0.006153942020925201,0.12325788121835381,0.1832530170012408,-0.47868099594922214,-0.2320803034466227,-0.2865189015415527,2.67885451681662e-07,0.22359676305898776,0.05993593773521147,981,0.09880028054569391,0.5413405144838294,0.1621223579320785,0.8668705590796052,0.029179312201841265,0.4085649929750712,0.3,0.0023319286265201036,0.004679331291311639
23430658,Milk Creek,17060104001139,24.3711,0.01471066,752.2565692156282,6.920219347826729,21.16936020528136,63.48742878440249,22.544,16.709,3.2214266097910507,3.1483972308904224,0.004661133016922619,2.2660518184949523,0.9607762291252666,0.006275133417036054,Spawning and rearing,1.0,Rearing and migration,1.0,9.409734316053802,29.616400362820013,44.456394826088115,UGR,August/September,4.709948390044682,15.452586581511422,DA+PPT+SLOPE,0,0.25672465985138493,0.8422725060740975,DA+PPT,0,0.8200573457187312,2.6904768560325825,DA+PPT,0,2.359968245658458,7.7426779713204,DA+PPT+SLOPE,0,0.0,0.0,0.8200573457187312,2.6904768560325825,0.6869430397865882,0.6869430397865882,0.024817967520103797,0.0614786138769289,0.014203635407432599,0.023338574844217516,0.22352023652072703,0.2857753580347494,-0.42579634220606727,-0.25072344684036174,-0.30927657554613824,2.7362462094567104e-06,1.2281162899149325,1.1541070961279705,981,0.17516200478664962,0.5787170578669693,0.25192187052934994,1.0036805245324936,0.14345412872315036,0.4127970446703895,0.3,0.010516229430527487,0.026050610634286594
23430670,Lookout Creek,17060104001145,18.2817,0.01758612,701.2472880593709,6.070849002285729,24.42627512122715,71.76236613531736,19.871000000000002,,2.380576403406053,2.8952812058883284,0.0042643985715481204,,,,Spawning and rearing,1.0,,,7.058603831825433,27.60816094721933,42.92752820411431,UGR,August/September,4.040513247106481,13.25627705743596,DA+PPT+SLOPE,0,0.23213933178454704,0.7616119809204299,DA+PPT,0,0.7558636289280174,2.479867548976435,DA+PPT,0,1.9141750660005452,6.280101922573967,DA+PPT+SLOPE,0,0.0,0.0,0.7558636289280174,2.479867548976435,0.6928819923327013,0.6928819923327013,0.021726291816264558,0.057238340740572574,0.014482261648073246,0.025188093875548927,0.22320839945628473,0.29313326213545493,-0.4448514035512189,-0.22922818270036094,-0.31143815210034675,1.692936658089027e-06,0.8526811690921364,0.8526811690921364,981,0.1609489408476039,0.5053952140457457,0.23095554062551502,0.9136467722944145,0.12059671604021616,0.4523247481184592,0.3,0.011350211483873947,0.029902354156229653
23430690,South Fork Limber Jim Creek,17060104001155,9.1656,0.04818252,721.7425729796739,6.367075025097211,28.250231119241025,81.27836552333561,17.586,3.757,2.6568430415095947,2.219216145490969,0.003461520030928718,1.9906908206017992,0.7328776239719805,0.008926952736769047,Spawning and rearing,1.0,Rearing and migration,1.0,3.5388579443366415,28.41506192833362,43.46073504517498,UGR,August/September,3.2529243732303836,10.672324059154802,DA+PPT+SLOPE,0,0.20739616995244994,0.6804336284529198,DA+PPT,0,0.6901642405612393,2.264318374544748,DA+PPT,0,1.4902243788586458,4.889187594680596,DA+PPT+SLOPE,0,0.0,0.0,0.6901642405612393,2.264318374544748,0.6994973692293938,0.6994973692293938,0.012241685726663601,0.023865192792188315,0.011804542885545492,0.021727433653552675,0.20863730506244363,0.27904193668914334,-0.4936523788436389,-0.28549300262309973,-0.2090500756477158,1.3977418822507381e-06,0.7891337517152363,0.4629594262832045,981,0.1464910427837593,0.6284434394188099,0.18902228008503397,1.0040436954008014,0.09191845063484438,0.36946428559556327,0.5,0.00821465941661714,0.016014496293817532
23430694,Lookout Creek,17060104001157,9.6885,0.02697578,751.8841755030189,5.602475838079889,22.965042266422707,68.07076348647887,14.711,,2.277073881904912,2.5168789891355625,0.004293194804413446,,,,Spawning and rearing,1.0,,,3.7407507630384864,29.60173919303224,42.0844565085438,UGR,August/September,3.247058082963415,10.653077700011202,DA+PPT+SLOPE,0,0.2152807219551181,0.706301581217579,DA+PPT,0,0.7113670106206129,2.333881268440331,DA+PPT,0,1.4997905517723722,4.920572676418543,DA+PPT+SLOPE,0,0.0,0.0,0.7113670106206129,2.333881268440331,0.6973703886446713,0.6973703886446713,0.011470527325626326,0.02520388945068331,0.01027154893839312,0.018251985576585944,0.1988384730225864,0.26329141930559014,-0.446373676074835,-0.24161296597247126,-0.30174180901430053,1.3359755208613096e-06,0.7172798570445746,0.6576450067539634,981,0.15114103401237305,0.5555305176436481,0.21041995206186112,1.0043099082903961,0.10143244648826955,0.41644892356882923,0.3,0.0076480861358081435,0.01680493947698144
23430696,South Fork Limber Jim Creek,17060104001158,6.3855,0.05782374,730.8085369217757,6.276645464016914,26.67227195204216,77.37557113163165,16.0465,,,,,,,,,,,,2.4654553333727884,28.7719896425896,43.297961835230446,UGR,August/September,2.8174154847796484,9.24348912329281,DA+PPT+SLOPE,0,0.1951823728160817,0.6403621155383258,DA+PPT,0,0.657175198592041,2.15608660955394,DA+PPT,0,1.255253944996313,4.118287221116512,DA+PPT+SLOPE,1,0.0,0.0,0.657175198592041,2.15608660955394,0.7029979627438034,0.7,0.008490102925561321,0.015693069235118522,0.009652363420215852,0.01831092810359946,0.19416477736312984,0.2635745371031543,-0.49909158788772623,-0.28444348514598206,-0.20681256354607577,9.358406307671225e-07,0.6610647360896668,0.352756702107228,981,0.13805493618138145,0.6334682938197066,0.17648341489495512,1.003320395550445,0.07847191927486029,0.36466938959718576,0.5,0.006763653649052072,0.012501907918851127
23430700,Dry Creek,17060104001160,12.4362,0.01409272,655.2027303082936,6.89872207689246,20.186677533152682,60.95571478674377,23.1,,2.6102975178072083,3.401917163500044,0.006741076451301765,4.325159910957915,2.1707590290920846,0.004413075166120806,Spawning and rearing,1.0,Spawning and rearing,1.0,4.8016436640655655,25.795383083003685,44.41769973840643,UGR,August/September,3.2091885241380056,10.528833740610255,DA+PPT+SLOPE,0,0.206344077820804,0.6769818826141863,DA+PPT,0,0.6871302352703214,2.2543642889446236,DA+PPT,0,1.4090822943046055,4.622973406511173,DA+PPT+SLOPE,0,0.0,0.0,0.6871302352703214,2.2543642889446236,0.6997016471853739,0.6997016471853739,0.017573726983766604,0.05166526214677561,0.014725980143109534,0.028577642582352108,0.2219318851314372,0.30573287017263173,-0.46707075779001217,-0.20294340207796338,-0.31525985998891487,9.745297281574734e-07,0.5053759463187971,0.5053759463187971,981,0.14583274206398256,0.4192672540783782,0.20529182835913143,0.7670156886071232,0.098852196180478,0.5052019741990146,0.3,0.012471753463085981,0.036665894075599656
23430704,Meadowbrook Creek,17060104001162,11.5722,0.05110266,701.481412392946,6.5681297523147455,31.026656906489023,88.07064673251293,40.928,5.395,,,,2.301401625175499,0.779604925354745,0.007003029852156102,,,Spawning and rearing,1.0,4.468051399084892,27.617378440667167,43.82263355416654,UGR,August/September,3.583712264113839,11.75758616835249,DA+PPT+SLOPE,0,0.21281785310733345,0.6982213028455821,DA+PPT,0,0.7046365026490544,2.311799549373538,DA+PPT,0,1.6645645711523596,5.461169852862072,DA+PPT+SLOPE,0,0.0,0.0,0.7046365026490544,2.311799549373538,0.6979749809905493,0.6979749809905493,0.013175956492587442,0.02590008209554183,0.011556536673990012,0.021220673688687113,0.20774740773287076,0.27685543634057874,-0.488190394662748,-0.2918101963010353,-0.20844287236222667,1.6514846585873678e-06,0.9132748099035375,0.6174248582646872,981,0.14966838635416896,0.6493404757762881,0.19736859961302788,1.0688342512618199,0.09662402858423848,0.3584642930665221,0.5,0.007915557450238097,0.015559674009889259
23430708,Sand Pass Creek,17060104001164,5.0121,0.14452165,1413.7016545232536,3.6732776351230023,39.4168722076801,108.09984459748726,4.967,,,,,,,,,,,,1.935182628830593,55.6575454536714,38.61189974322141,UGR,August/September,3.83990683144815,12.598119525748523,DA+PPT+SLOPE,1,0.2868808128121815,0.9412100157879969,DA+PPT,1,0.8987582915569429,2.9486820589138545,DA+PPT,1,2.2753853225894405,7.4651749428787415,DA+PPT+SLOPE,1,0.0,0.0,0.8987582915569429,2.9486820589138545,0.6808031530755503,0.6808031530755503,0.0024077409419881934,0.007119343965790499,0.0035261896506081896,0.01138940463981105,0.123626695968563,0.224991964419598,-0.412167299807086,-0.38530796817276164,-0.1989985423695441,4.504674827062174e-06,2.632682382880006,0.09538109013898192,981,0.19262233460315387,1.2294291282193313,0.1667248878544736,0.8651830721676539,0.16903265382649876,0.2048450960055978,0.5,0.0010581684421028651,0.0031288520212868925
23430710,,17060104001165,4.5801,0.06120572,624.8905607506387,6.870205851758696,23.15758158727062,68.55907743792534,47.431,,,,,,,,,,,,1.7683864963402562,24.60199058073381,44.36637053316565,UGR,August/September,2.2407374722158733,7.351500893096697,DA+PPT+SLOPE,1,0.1653865470928553,0.5426067818007063,DA+PPT,1,0.5746102211915205,1.8852041377674555,DA+PPT,1,0.9019688150566377,2.9592152724955305,DA+PPT+SLOPE,1,0.0,0.0,0.5746102211915205,1.8852041377674555,0.7121761134880141,0.7,0.0033915467186459796,0.006533220520279414,0.004575207822946236,0.009059129890812577,0.14934019537349072,0.20846292582139248,-0.4675793962871059,-0.23808615285542417,-0.28975924303452366,6.560042594066806e-07,0.3998796390944216,0.22042727945027665,981,0.116980770281702,0.5584544433970249,0.150022048011677,0.9033217708831064,0.050041370369445046,0.40310789872587843,0.3,0.003760159621963219,0.007243288693821605
23430712,Pole Creek,17060104001166,9.1683,0.14428826,1209.6461660351429,4.567656385942868,52.25023963215708,137.60128753376605,5.21,,1.6986747271980869,2.7794906959355483,0.0033341367556283365,,,,Spawning and rearing,1.0,,,3.5399004201647064,47.623864804533184,40.22178149469716,UGR,August/September,4.667401320595861,15.312996458647836,DA+PPT+SLOPE,1,0.29068100179505163,0.9536778274115867,DA+PPT,0,0.9079237895986167,2.9787525905466428,DA+PPT,0,2.7546433986746823,9.037543958906438,DA+PPT+SLOPE,1,0.0,0.0,0.9079237895986167,2.9787525905466428,0.6798398663795795,0.6798398663795795,0.0047336312568307505,0.011757704723687017,0.005026172255161935,0.014548609526698552,0.14847226466232666,0.2441221367763233,-0.4146985100049411,-0.3790300026501909,-0.20124531508970597,4.1077933417546345e-06,2.8978139777654834,0.12825125504942972,981,0.19469069689091836,1.116271096345115,0.1774935726810316,0.8492140662677524,0.1736405411247452,0.22119855093107893,0.5,0.0017184188919365032,0.004268321892170834
23430716,Beatty Creek,17060104001168,7.7202,0.02390758,810.1173477512241,5.268821367101888,20.511127838001002,61.79352554387687,13.169,,,,,,,,,,,,2.9807858843793906,31.894383769733235,41.4838784607834,UGR,August/September,3.0117845776240624,9.881182997454273,DA+PPT+SLOPE,0,0.21646658574964175,0.7101922104647039,DA+PPT,0,0.7146944302421169,2.3447979994820107,DA+PPT,0,1.39840213245307,4.587933505423457,DA+PPT+SLOPE,1,0.0,0.0,0.7146944302421169,2.3447979994820107,0.6971200885442617,0.6971200885442617,0.011341119172943455,0.024790353044279644,0.010903081759320496,0.019643236186054285,0.2025960105014498,0.26981805843101087,-0.44744410877366114,-0.23822368768663937,-0.30342912178037895,1.233019308287316e-06,0.659636859928893,0.5250238279163547,981,0.1518678493131952,0.5434865597538213,0.2059888403517882,0.9493771758669823,0.10312813059995297,0.42500570150306344,0.3,0.008110055691240202,0.017727628175732636
23430718,Corral Creek,17060104001169,2.5488,0.11222112,899.4233087641243,5.6886986588276836,27.14789592739927,78.55535220911993,20.3185,,,,,,,,,,,,0.984097181692986,35.410366486776546,42.23965758588983,UGR,August/September,2.1791757580741598,7.149526765335169,DA+PPT+SLOPE,1,0.18766562035184675,0.6157008541727256,DA+PPT,1,0.6370674589695916,2.090116335202072,DA+PPT,1,0.9815012123918931,3.220148334619072,DA+PPT+SLOPE,1,0.0,0.0,0.6370674589695916,2.090116335202072,0.705422686860538,0.7,0.003556903037928142,0.006234630277388666,0.005963536553329054,0.0128160711061385,0.16370210013438397,0.2340192785279231,-0.49088670766799763,-0.30195261788861266,-0.20119713789006063,9.247335116595313e-07,0.5976591581879773,0.07959596239832803,981,0.1327381411958221,0.7272939086128538,0.17508089175105324,0.8776691788275287,0.06929969438078251,0.32121181408662913,0.5,0.0036239415632101576,0.006352137112693965
23430724,,17060104001172,5.3397,0.08127409,687.1284108916232,7.1784928409573565,22.41592185227587,66.6748400418095,30.380499999999998,5.603,2.5773020114106897,2.7045820259129547,0.0044795682552052785,1.275967950329791,0.58654677217055,0.009075311776520711,Spawning and rearing,1.0,Rearing and migration,1.0,2.061669695969098,27.052299641402488,44.92128711372324,UGR,August/September,2.5864380867749808,8.485689261072771,DA+PPT+SLOPE,0,0.18119554238186275,0.5944735642449565,DA+PPT,0,0.6187556406963779,2.0300381912610823,DA+PPT,0,1.110963227508131,3.644892478701217,DA+PPT+SLOPE,1,0.0,0.0,0.6187556406963779,2.0300381912610823,0.7071613889807349,0.7,0.001910021693227505,0.003164670634589256,0.002620271982762793,0.005582083291265543,0.12504569814181402,0.17739121328472307,-0.4381845545974761,-0.28112371402982267,-0.2780714593899383,1.1713764541684986e-06,0.6769482367916684,0.2811192576581871,981,0.12816274933128222,0.7637862606757085,0.16336665952242724,1.1459035111518132,0.06218455480844892,0.3038166172202234,0.3,0.00171924834768082,0.0028485827039366114
23430728,Collins Creek,17060104001174,5.8581,0.07910786,1153.3284801275158,4.59753239123214,31.701871083877034,89.709010998789,13.5685,,,,,,,,,,,,2.261825054957502,45.406633075886454,40.27555830421785,UGR,August/September,3.5266820053220664,11.57047902008552,DA+PPT+SLOPE,0,0.25871576006969393,0.8488049871052951,DA+PPT,0,0.826279114805836,2.7108894842711155,DA+PPT,0,1.913907660041615,6.279224606435744,DA+PPT+SLOPE,1,0.0,0.0,0.826279114805836,2.7108894842711155,0.6868905973370893,0.6868905973370893,0.005884105990388731,0.010984227654258449,0.00683536252483346,0.016104485326160874,0.17210111960614508,0.25253153389083116,-0.44006762862694926,-0.35084015641302013,-0.20225685243519712,2.859794333341593e-06,1.6226702312298071,0.14291910690933218,981,0.17649644504983403,0.9287234446808709,0.19868781771703864,0.9394916588181552,0.14038540808556324,0.25935537103746875,0.5,0.0030743938765890044,0.005739162804761236
23430730,,17060104001175,2.0844,0.07021333,687.80703708981,6.346713932469775,19.064059734132574,58.041641226832745,8.359,,,,,,,,,,,,0.8047913392658742,27.07901720826024,43.4240850784456,UGR,August/September,1.661636746391353,5.4515641285805545,DA+PPT+SLOPE,1,0.15156451240782426,0.49725889897580133,DA+PPT,1,0.5356639000332001,1.7574274935472443,DA+PPT,1,0.6440905585334429,2.1131580004378048,DA+PPT+SLOPE,1,0.0,0.0,0.5356639000332001,1.7574274935472443,0.7170529647444407,0.7,0.0020255981341402297,0.0038197967105995604,0.003743917724001102,0.008070733438592496,0.1382041776436249,0.2005877165760384,-0.4756741742852175,-0.23152677396100524,-0.2890551340297761,4.164466192761773e-07,0.2736313548387182,0.07569343542694563,981,0.10720479780029538,0.5365156285701828,0.1750732837791012,0.8624361275029109,0.03852229896671264,0.41413368408088536,0.3,0.0031448964859109255,0.005930527407973527
23430732,,17060104001176,5.5233,0.0498961,893.5047800456249,4.41678791860844,23.373739519754864,69.1065971537512,12.458,,,,,,,,,,,,2.132558052277491,35.177353545103344,39.950218253495194,UGR,August/September,2.8916164187951474,9.486930507858094,DA+PPT+SLOPE,0,0.21651893840502265,0.7103639711450874,DA+PPT,0,0.7150502306700055,2.3459653237204905,DA+PPT,0,1.3790072294694655,4.5243019339549395,DA+PPT+SLOPE,1,0.0,0.0,0.7150502306700055,2.3459653237204905,0.6971975826059893,0.6971975826059893,0.005022522106137439,0.008626710836597329,0.00589347753611872,0.011416449048067382,0.16547001015381455,0.22516990654883048,-0.42874964147851075,-0.2770044700605922,-0.28835241092477826,1.2314846663899412e-06,0.8404659687486477,0.31095772142401035,981,0.1519330978165059,0.7064832675061959,0.1974477292636389,1.0494002465308365,0.09942406676322221,0.3328781766369431,0.3,0.003642128916227447,0.006255740109438161
23430736,Dry Creek,17060104001178,8.0766,0.01780113,661.6473496545576,6.841154022052597,18.918202412380822,57.661241999903496,29.197,,2.389152481325657,2.632138029648059,0.005539227330550196,,,,Spawning and rearing,1.0,,,3.118392693683918,26.049108254116444,44.314077239694676,UGR,August/September,2.6993519829277792,8.856141676272241,DA+PPT+SLOPE,0,0.19127473817657237,0.6275417919178883,DA+PPT,0,0.6463308652256108,2.120508088010534,DA+PPT,0,1.1443801533658904,3.7545280622240496,DA+PPT+SLOPE,1,0.0,0.0,0.6463308652256108,2.120508088010534,0.7040606468487232,0.7,0.011687121076958646,0.032071132680656075,0.011799763496526821,0.023529967535333245,0.20533176850168294,0.2865544184436024,-0.4746874109705071,-0.2033686543192545,-0.3101441712137115,7.510152762306033e-07,0.4095076237289745,0.4000813478898819,981,0.13529269463437374,0.4257618836998723,0.18936477591528217,0.7919555247483422,0.08115002432761938,0.49856349609877726,0.3,0.010212621254033532,0.028024894163296482
23430738,Meadowbrook Creek,17060104001179,10.0242,0.03242187,704.8701081836955,6.53932473547136,25.60172090881912,74.70889518667462,39.981,7.181,,,,,,,,,,,3.870365257661186,27.750791660775416,43.77078452384845,UGR,August/September,3.2384092718865056,10.624702335585647,DA+PPT+SLOPE,0,0.2077278114719865,0.681521691181058,DA+PPT,0,0.6910049138326534,2.267076488952275,DA+PPT,0,1.466837418440215,4.812458721916716,DA+PPT+SLOPE,0,0.0,0.0,0.6910049138326534,2.267076488952275,0.6993830183929868,0.6993830183929868,0.01060148219248718,0.02351971528459346,0.009592761477244232,0.017268094848818964,0.1940830905274622,0.2584727767777605,-0.44990966962633927,-0.24003811852602983,-0.3004594503703866,1.0211024337931092e-06,0.685738913792696,0.5438682512043725,981,0.14667234540424096,0.550344804528734,0.19770305657404708,0.9542474306818763,0.09426783244686882,0.41714714183196033,0.3,0.007227441882250614,0.016034302772016496
23430740,Milk Creek,17060104001180,17.5662,0.06060054,780.1388551132288,6.789964374372373,29.86573478561536,85.2416595897443,22.915,,,,,,,,,,,,6.782347737388312,30.714128154064127,44.22193587387027,UGR,August/September,4.651411087550178,15.260535064141004,DA+PPT+SLOPE,0,0.24700665018940393,0.8103892722749473,DA+PPT,0,0.7949846846963069,2.6082174694760725,DA+PPT,0,2.375029271571802,7.792090785996725,DA+PPT+SLOPE,0,0.0,0.0,0.7949846846963069,2.6082174694760725,0.6892938254731746,0.6892938254731746,0.007179433739752367,0.01175173844054586,0.0058947613517476155,0.013350789996056493,0.16590063904994015,0.23722966098050063,-0.445036483806243,-0.34844916838451195,-0.20061958645749736,3.7559923696425536e-06,1.899302160241228,0.1378486862957145,981,0.16959236760776789,0.9193240597620514,0.1752919630365083,0.8590744627329853,0.1275364524270017,0.2563195396559765,0.5,0.003022882212732054,0.004948039412065234
23430742,Lookout Creek,17060104001181,5.4414,0.11565629,783.016862734039,5.302276092656301,30.450792592276787,86.66929431277816,8.1655,,,,,,,,,,,,2.100936285492865,30.827435540710198,41.54409696678134,UGR,August/September,2.8763504116817518,9.436845182682912,DA+PPT+SLOPE,1,0.19805715349082031,0.649793810665421,DA+PPT,0,0.6651227108342395,2.1821611247842503,DA+PPT,0,1.322507458043112,4.338935229800236,DA+PPT+SLOPE,1,0.0,0.0,0.6651227108342395,2.1821611247842503,0.7022246417621127,0.7,0.0033376068455802776,0.005909800815980922,0.004516199897862238,0.010342912852438017,0.14980268818928733,0.21787845574648568,-0.47449579102094996,-0.3227907956066793,-0.19819721347450847,1.530186115451215e-06,0.9076043980817734,0.08926431401429318,981,0.1400874509361744,0.8346182929645666,0.1650031918028845,0.8863359283144394,0.07901421744181265,0.2812875446608403,0.5,0.002523696048201398,0.004468633261793122
23430762,Muir Creek,17060104001191,7.0542,0.08002191,785.5458484052053,5.772055877660118,30.366236219806954,86.46320888056523,20.9595,,,,,,,,,,,,2.723641846790122,30.927001905716747,42.38970057978821,UGR,August/September,3.1463806933558827,10.322771303661032,DA+PPT+SLOPE,0,0.2085371522058039,0.6841770085492254,DA+PPT,0,0.6934102376740048,2.2749679713714066,DA+PPT,0,1.4744040983929987,4.837283787378604,DA+PPT+SLOPE,1,0.0,0.0,0.6934102376740048,2.2749679713714066,0.6992586193919967,0.6992586193919967,0.00625515277336185,0.010434360725529742,0.00711991374683957,0.01473966386604536,0.17600406189212603,0.24518610802163232,-0.47654950710298677,-0.3140789110488238,-0.20225166810134987,1.3307247943988163e-06,0.9410992752615903,0.38964305993897946,981,0.14719387269606393,0.7605264828367451,0.18787572634961192,1.1370556060921997,0.09095645041164495,0.3075839118171955,0.5,0.004242495514072123,0.0070770019812767026
23430768,,17060104001194,7.9299,0.02645032,636.1553430552718,6.787077021836341,21.09842992226738,63.305264198188205,40.673500000000004,,,,,,,,,,,,3.0617515070257415,25.045485947057948,44.21673863930541,UGR,August/September,2.7108859888345846,8.893982903000605,DA+PPT+SLOPE,0,0.18577530971552586,0.6094990476231164,DA+PPT,0,0.6312050173030418,2.070882602700268,DA+PPT,0,1.139577669992714,3.7387718831781953,DA+PPT+SLOPE,1,0.0,0.0,0.6312050173030418,2.070882602700268,0.7056815066057451,0.7,0.008901292196120555,0.021901477207405873,0.009191263639206327,0.017813338293549644,0.1892173721040919,0.2611650785688694,-0.47126512887925137,-0.21633967886801592,-0.3032039286135263,7.976108211360685e-07,0.4464133914981144,0.4464133914981144,981,0.13140118896803402,0.4740435449562998,0.184827950371911,0.8908711324264693,0.0727113628710203,0.46490436288830583,0.3,0.007811044767293015,0.01921894205556511
23430770,Prong Creek,17060104001195,6.5628,0.08251058,928.8911473985189,5.65404525787164,33.32694964842173,93.63183962400696,37.048,,,,,,,,,,,,2.5339112460823636,36.57051761411492,42.17728146416895,UGR,August/September,3.3304469139886397,10.926663103637269,DA+PPT+SLOPE,0,0.22950308988638007,0.7529628933280186,DA+PPT,0,0.7495740679856236,2.459232506514513,DA+PPT,0,1.6670550710480931,5.46934078427852,DA+PPT+SLOPE,1,0.0,0.0,0.7495740679856236,2.459232506514513,0.6938219988010821,0.6938219988010821,0.006989678691030146,0.011484614232721792,0.007762411246819037,0.016432027451780285,0.18127022899209871,0.25423209948027603,-0.4628918843174784,-0.32637926656862687,-0.20296643786707563,1.6554941555958654e-06,1.1757868945105738,0.14233768241917363,981,0.15953125716483155,0.8063103722940851,0.19859068548061828,0.9292229869277154,0.11126539287624797,0.2932822165413835,0.5,0.00419283010646773,0.006889163070960402
23430772,East Fork Grande Ronde River,17060104001196,3.285,0.070087,885.1549610876712,4.315590096575343,22.06256792778868,65.77397884209047,18.958,,1.6784360975316819,1.8249091973425091,0.0035119553618123355,,,,Spawning and rearing,1.0,,,1.2683455908119348,34.848620515262645,39.76806217383562,UGR,August/September,2.3336140628488997,7.656214116958332,DA+PPT+SLOPE,1,0.194912445772628,0.6394765281254199,DA+PPT,1,0.6568295127160624,2.154952469540887,DA+PPT,1,1.0587790839010085,3.4736846584678753,DA+PPT+SLOPE,1,0.0,0.0,0.6568295127160624,2.154952469540887,0.7032526066518485,0.7,0.002821287427450998,0.004694478862659025,0.004275082026835213,0.008741680569248452,0.14726749267186923,0.20599893619056986,-0.4375632019196907,-0.2742155241218782,-0.28394619193159576,8.63771346384926e-07,0.6346880963214714,0.11588639504095441,981,0.13786439437947026,0.7123263593501575,0.19809538488522555,0.96827119387372,0.07700991786815505,0.32831403755709726,0.3,0.002664661089692226,0.004433860598532507
23430774,East Fork Grande Ronde River,17060104001197,6.5997,0.12860853,883.7756632810582,4.476982066277103,33.39110741117063,93.78613914320503,13.989,,1.8634169958846931,2.1785815874067502,0.0033392147415398626,,,,Spawning and rearing,1.0,,,2.5481584157325803,34.79431745201017,40.058567719298786,UGR,August/September,3.376578497642663,11.078013443709523,DA+PPT+SLOPE,1,0.22239208402621585,0.7296328216083197,DA+PPT,0,0.7306489642840281,2.397142271273058,DA+PPT,0,1.6746164744904974,5.49414853835465,DA+PPT+SLOPE,1,0.0,0.0,0.7306489642840281,2.397142271273058,0.6956238975249345,0.6956238975249345,0.0027179633892974167,0.005687749568308577,0.003613207071948313,0.009457499317327374,0.13681061360992403,0.21147487302592838,-0.4524426426879943,-0.34731870898284634,-0.19662544125721101,1.994555200197115e-06,1.4007427463952948,0.09880068092286454,981,0.15536673140539803,0.9863252823259882,0.16433893641387687,0.9130782628460331,0.10244361092927087,0.24260885586946818,0.5,0.001623036337394422,0.0033964490705485724
23430780,Meadowbrook Creek,17060104001200,5.3667,0.0532034,717.8208937414054,6.413854598034546,24.559105499221506,72.09634180366186,33.34,2.588,,,,,,,,,,,2.0720944542497444,28.26066510792935,43.54493827646218,UGR,August/September,2.5597611063319787,8.398166359356885,DA+PPT+SLOPE,0,0.18662480180493182,0.6122860951605374,DA+PPT,0,0.6337711594052117,2.07930170408534,DA+PPT,0,1.1086085178118485,3.637167053188479,DA+PPT+SLOPE,1,0.0,0.0,0.6337711594052117,2.07930170408534,0.7055328267381598,0.7,0.004941058396894051,0.00930636870635677,0.005994792375788042,0.011404363654670594,0.16490448360473214,0.22509042393285328,-0.45453128001605086,-0.2480240641567352,-0.2914498634514259,7.532181880942186e-07,0.5401774771600679,0.3639078557325025,981,0.1320030082461559,0.5898540725001127,0.17325797829297143,1.00396195025371,0.0702364976034612,0.387939906617793,0.3,0.004456991189862606,0.008394639367128004
23430782,East Fork Grande Ronde River,17060104001201,12.1626,0.05783783,843.2376774922303,5.0563721730035525,31.110009282408935,88.27317134547212,31.728,15.525,2.2268408600592102,2.379664984992883,0.003408131770849119,3.6058130818937397,0.8610287417445629,0.006373371619864834,Spawning and rearing,1.0,Rearing and migration,1.0,4.696006113488352,33.19833375953663,41.1014699114064,UGR,August/September,4.077434841717212,13.377410898022347,DA+PPT+SLOPE,0,0.24231010026186228,0.7949806439037476,DA+PPT,0,0.7829429127816762,2.568710343771903,DA+PPT,0,2.0689842452702805,6.7880060540363525,DA+PPT+SLOPE,0,0.0,0.0,0.7829429127816762,2.568710343771903,0.6905137062918525,0.6905137062918525,0.009725702126071075,0.016256745951085214,0.008446928186915654,0.017317789855784787,0.18782676824852385,0.2587204880318299,-0.4559645199367565,-0.33164518711492913,-0.20394336476139874,2.7576121305301463e-06,1.4822920107658242,0.6157917959552963,981,0.16691866748235973,0.8154162297073771,0.2158174873003064,1.2046443848525863,0.12388677698000945,0.2896458874091127,0.5,0.004700713477303721,0.007857356085841786
23430790,Dry Creek,17060104001205,4.1238,0.05283316,671.8128823832387,6.757403612439982,21.65162053563632,64.72366914464743,29.869,,2.3965321995546063,2.2850723814091527,0.004395396639505626,,,,Spawning and rearing,1.0,,,1.5922080813973383,26.449326078080265,44.16332650239197,UGR,August/September,2.1906000337999028,7.187007984907817,DA+PPT+SLOPE,1,0.16996908279987558,0.5576413477686206,DA+PPT,1,0.5875654199240465,1.9277080706169505,DA+PPT,1,0.8964139580188284,2.940990675914791,DA+PPT+SLOPE,1,0.0,0.0,0.5875654199240465,1.9277080706169505,0.710723134758599,0.7,0.0038176425616508894,0.007302592928036128,0.00525955682350021,0.010381606182776682,0.15654949641683472,0.21814981553589569,-0.46731170512523545,-0.23569417158472625,-0.29173456646653795,6.578498034238909e-07,0.3963357613658666,0.23349380226191113,981,0.12022193471313013,0.5478169557583897,0.15519847595439254,0.9080938088052702,0.05459180957127246,0.41092647655667114,0.3,0.004258794196030025,0.008146451606103553
23430800,,17060104001210,7.0461,0.06004384,682.6575172218674,6.283657048090434,25.799954339310364,75.20387363507487,10.3215,,,,,,,,,,,,2.720514419305928,26.87628020558533,43.31058268656278,UGR,August/September,2.853450890724366,9.36171552074923,DA+PPT+SLOPE,0,0.19021202835208234,0.6240552111288791,DA+PPT,0,0.6434913914403791,2.111192229135102,DA+PPT,0,1.2483787705942737,4.095730874653129,DA+PPT+SLOPE,1,0.0,0.0,0.6434913914403791,2.111192229135102,0.7044062579822314,0.7,0.004366802258916914,0.008050171048718325,0.004928955419523027,0.009460842038708814,0.15512165514009726,0.2114997851190846,-0.4455221466366185,-0.26256680049304,-0.28698209745081854,1.1518852368814176e-06,0.6653555881405102,0.3234830824885986,981,0.13454045662940176,0.6518824331655297,0.17107598103634683,1.003729321552862,0.0727585417419058,0.35422830503971886,0.3,0.0034979786277831025,0.006448500437800741
23430802,Meadowbrook Creek,17060104001211,1.4418,0.13791366,740.4357201872659,6.133281290156055,21.86569985322628,65.27117288271157,,0.811,,,,,,,,,,,0.5566820921864984,29.151012605797874,43.0399063222809,UGR,August/September,1.5433166419157534,5.063374809434886,DA+PPT+SLOPE,1,0.14826234312941913,0.4864250102671231,DA+PPT,1,0.5263387369775403,1.7268331265667332,DA+PPT,1,0.6048803643370799,1.984515631027165,DA+PPT+SLOPE,1,0.0,0.0,0.5263387369775403,1.7268331265667332,0.7183138296436165,0.7,0.00102389060469026,0.001932900358510192,0.0022418454527190286,0.004962009130970116,0.11615119636259356,0.17056340330172765,-0.46327754350141936,-0.2537416933123023,-0.28073891773355925,4.356742898559387e-07,0.30281258238116915,0.060659038860177275,981,0.10486925819778206,0.6377261760872306,0.15837455669478726,0.9124018749272675,0.03451254888855493,0.3568753953333504,0.3,0.0016927158907074052,0.003195508521141298
23430806,,17060104001213,4.1922,0.16573673,896.9908930914556,4.604795839609274,31.612427796329996,89.49227322271831,8.5115,,,,,,,,,,,,1.6186174690416415,35.31460209021479,40.2886325112967,UGR,August/September,2.8236201544565107,9.263845651104038,DA+PPT+SLOPE,1,0.2059616740658417,0.6757272771189032,DA+PPT,1,0.6867672056080432,2.2531732467455483,DA+PPT,1,1.3526434733844532,4.437806671208836,DA+PPT+SLOPE,1,0.0,0.0,0.6867672056080432,2.2531732467455483,0.7000997246461567,0.7,0.001736235486921534,0.003891365796462907,0.0028830890054215305,0.007794389886694691,0.12532430604253217,0.19827169013548857,-0.4594089079092288,-0.34265359389819006,-0.1950544091871596,1.8196642401179402e-06,1.116216372863411,0.06577429898985208,981,0.14568168561509323,0.9930018309035812,0.14828577977549987,0.8570141346202514,0.08672340110475553,0.24239715311947369,0.5,0.0012835869326137314,0.002876859921355558
23430812,,17060104001216,5.1813,0.060529,784.0015926489491,5.809421106201146,25.310306829333037,73.98024660538466,29.068,,1.980970455580175,2.085907095870317,0.0034237500228817847,,,,Spawning and rearing,1.0,,,2.000511114055975,30.866204434997996,42.456957991162064,UGR,August/September,2.6659789871964112,8.746650220460666,DA+PPT+SLOPE,0,0.1963788826212378,0.6442876726418563,DA+PPT,0,0.6605699833903292,2.1672243549551484,DA+PPT,0,1.1993274784536314,3.934801438496166,DA+PPT+SLOPE,1,0.0,0.0,0.6605699833903292,2.1672243549551484,0.7027129788529947,0.7,0.004400148035526608,0.007825730547699389,0.005440597711522178,0.01052420407586619,0.1602876771534002,0.21914408535523677,-0.4424699741152797,-0.26395818139284505,-0.2881312467803529,1.1196098825249397e-06,0.6575245325469259,0.2966685747297893,981,0.13890140924415637,0.6550688241601732,0.17642381508017158,1.0051801037329793,0.07939611114951092,0.3540296384147949,0.3,0.003668846178026369,0.006525099014482347
23430822,,17060104001221,8.3421,0.06705052,694.3111812611933,6.412217326065379,28.912029119019767,82.90578661333441,33.97,,,,,,,,,,,,3.220902816776938,27.335085876424934,43.541991186917684,UGR,August/September,3.13898697755922,10.298513705902952,DA+PPT+SLOPE,0,0.1986151561570393,0.651624528074276,DA+PPT,0,0.6663882692869957,2.1863132194455237,DA+PPT,0,1.412416173961895,4.63391133189598,DA+PPT+SLOPE,1,0.0,0.0,0.6663882692869957,2.1863132194455237,0.7019528024262067,0.7,0.007560404331575827,0.013662323049257078,0.00800665085909453,0.015594536508610094,0.18304277760607232,0.24983742234286035,-0.4892948880781605,-0.2986551635191207,-0.20404329754362419,1.4022831004165697e-06,0.8049358125138463,0.40291858190939234,981,0.1404857934027865,0.691866716921313,0.1788290622073795,1.0644775928597783,0.08115333383752961,0.33533963324958277,0.5,0.005352816309352031,0.009673015150296395
23430834,,17060104001227,5.8239,0.05243541,880.2516713212796,4.110984908105393,32.142937607348024,90.77651669560963,16.8595,,,,,,,,,,,,2.2486203611353504,34.655577611074,39.399772834589704,UGR,August/September,2.9518958742401784,9.684697750131818,DA+PPT+SLOPE,0,0.21659005743717405,0.7105973013030644,DA+PPT,0,0.7152069093169028,2.346479361275928,DA+PPT,0,1.4083471776930374,4.620561606604453,DA+PPT+SLOPE,1,0.0,0.0,0.7152069093169028,2.346479361275928,0.6971644783968318,0.6971644783968318,0.014643550739456874,0.028391584143040646,0.015350152025097449,0.028359802364462817,0.2275068462583911,0.30495404616072286,-0.49435487983127746,-0.27734052566950435,-0.21295444247412074,1.201930055868503e-06,0.7288442125188845,0.4416237298491558,981,0.15197383714516252,0.589666795743223,0.19816541217364553,0.979067894119718,0.10235011468668083,0.39170258690237836,0.5,0.010397685294789277,0.020159506542660792
23430848,,17060104001234,3.2652,0.03378137,731.0076932221609,5.507489217557883,23.573436384326428,69.61177456350676,34.02,,,,,,,,,,,,1.2607007680727942,28.77983044181736,41.91348059160419,UGR,August/September,1.981518838498274,6.501046058065203,DA+PPT+SLOPE,1,0.17180079994212766,0.5636509184453007,DA+PPT,1,0.592828313579204,1.9449747820840024,DA+PPT,1,0.8109808773968992,2.6606984166564933,DA+PPT+SLOPE,1,0.0,0.0,0.592828313579204,1.9449747820840024,0.7102014259324434,0.7,0.006997695752473805,0.017831150508904818,0.009784691878868577,0.021143897918339205,0.19130376339697983,0.2765211479380837,-0.48657324782223643,-0.1958439701034966,-0.3077980901953982,4.1045121516225254e-07,0.2670539643223597,0.2670539643223597,981,0.12151796505929398,0.3907360615641578,0.17092470347206964,0.788410793662808,0.06288112673227195,0.5101569386072563,0.3,0.008628681572536127,0.021987140518207486
23430864,Bear Creek,17060104001240,8.7327,0.03616541,643.662028947542,7.454441995876533,21.502948110548992,64.34298427148944,19.7865,1.875,,,,,,,,,,,3.371714319903617,25.341024761714255,45.41799559257776,UGR,August/September,2.9262540099762044,9.60057089887206,DA+PPT+SLOPE,0,0.1906763042656136,0.6255784260682861,DA+PPT,0,0.6446424758005663,2.1149687526265297,DA+PPT,0,1.259451476068554,4.1320586485188775,DA+PPT+SLOPE,1,0.0,0.0,0.6446424758005663,2.1149687526265297,0.7042138682704437,0.7,0.0064906077667304446,0.013326727179770398,0.006641540312311952,0.012366636265616137,0.1710049339598687,0.23125112938327735,-0.45456155640250145,-0.24535780039528807,-0.2934391028898984,9.108476790004796e-07,0.598403284563235,0.4723006408860781,981,0.1348683233995716,0.5804181719914652,0.1813097640436071,1.0029240061551,0.0745317213753204,0.3963836536941103,0.3,0.00515351952025276,0.01058137406084949
23430866,,17060104001241,5.4567,0.02439348,718.1600087415471,6.443119661108362,18.260778754068387,55.94137160365279,32.7195,,,,,,,,,,,,2.106843648518564,28.274016092186898,43.597615389995056,UGR,August/September,2.4170025773392863,7.929798482084272,DA+PPT+SLOPE,0,0.18727484239187805,0.6144187742515684,DA+PPT,0,0.6355542426092693,2.08515171459734,DA+PPT,0,1.0273341746358526,3.3705189456556846,DA+PPT+SLOPE,1,0.0,0.0,0.6355542426092693,2.08515171459734,0.70533617772258,0.7,0.008089884400121814,0.019233444430044447,0.0094732015320103,0.01872905079026521,0.19102187474647667,0.2655656638361649,-0.47060851028191186,-0.21618065616021037,-0.30373763202586745,7.194290343632731e-07,0.40701104035316926,0.40701104035316926,981,0.1324624363319999,0.4730179681866694,0.18631983619629966,0.903704729834816,0.07444163630248449,0.46586910418202526,0.3,0.00787463767862034,0.01872170215388961
23430892,Coon Creek,17060104001247,6.0543,0.04180826,713.0166629531886,7.316112318346366,18.005934439077272,55.27229738475466,29.052,,,,,,,,,,,,2.33757829846353,28.071522163511364,45.16900217302346,UGR,August/September,2.641774410024618,8.667238878033524,DA+PPT+SLOPE,0,0.19012428473082219,0.6237673383557159,DA+PPT,0,0.6433380601744819,2.1106891738007936,DA+PPT,0,1.1480217005112294,3.766475395378049,DA+PPT+SLOPE,1,0.0,0.0,0.6433380601744819,2.1106891738007936,0.7044721951018134,0.7,0.0038812291755951516,0.0069869894703583615,0.0047350634071681216,0.009150829340231025,0.152838150389884,0.20916394224726115,-0.44500686753441987,-0.26384815303602777,-0.28640991602238414,9.505533991834979e-07,0.6202271851986035,0.3110401985865737,981,0.13447778526114004,0.6626369689370133,0.17113511926811714,1.023793520509445,0.07233466667034495,0.35104038128325593,0.3,0.003380797744386529,0.0060861127165514044
23430894,Mill Creek,17060104001248,14.3442,0.02479217,594.3266228240683,7.656164921847157,20.452109115088,61.641267348044416,17.8585,,,,,,,,,,,,5.538326582564553,23.398685937955445,45.78109685932488,UGR,August/September,3.413775140143564,11.20004967238702,DA+PPT+SLOPE,0,0.19893916021490712,0.6526875335134747,DA+PPT,0,0.6669458580281954,2.188142578832662,DA+PPT,0,1.480631152822122,4.85771375597809,DA+PPT+SLOPE,1,0.0,0.0,0.6669458580281954,2.188142578832662,0.7017161770776048,0.7,0.010095076459043617,0.024246015612721175,0.008474336983364526,0.015276513328172373,0.18576231359651388,0.24812741311097872,-0.45521240266960067,-0.23771284034001045,-0.29860042000702436,1.100023530604331e-06,0.6709422886533585,0.6709422886533585,981,0.14071381064465402,0.5512443991084744,0.19792467194663696,0.992903160899815,0.08416094016169536,0.418775651437988,0.3,0.00681809000155247,0.016375459591342265
23430934,State Ditch,17060104001268,1896.6168,0.00036804,674.050818737398,6.845463382947177,28.213402515534682,81.18764064010686,19.331,1.688,2.7734713337870875,3.25023346691606,0.0017292124372486916,5.312011831384735,2.6023380141390255,0.0021533528906483614,Rearing and migration,1.0,Rearing and migration,1.0,732.2878404078664,26.537433808558976,44.321834089304915,UGR,August/September,23.994440102098313,78.72191634546691,DA+PPT+SLOPE,1,0.5477492421725707,1.7970775661829748,DA+PPT,1,1.5117653431177382,4.959860049598879,DA+PPT,1,16.451577109120144,53.974990515486034,DA+PPT+SLOPE,1,0.0,0.0,1.5117653431177382,4.959860049598879,0.6376757512889278,0.6376757512889278,1.5554216410646613,5.1171006950724784,0.13061538208823817,0.21325662104634113,0.4682428334220533,0.5974490037031175,-0.34464569982890864,-0.23306142262742088,-0.29167749545543237,1.316354850279373e-05,4.361824891891301,4.361824891891301,981,0.3335974090788228,0.20013106630933775,0.5449560020855705,0.333543697433106,0.4144446904217925,0.5632237266904428,0.5,0.09454544271031579,0.3110401307504888
23431014,Spring Slough,17060104001308,12.2886,0.0004846,444.1101800213417,9.074059051668376,5.390305199510375,19.68142965498225,10.258,,,,,,,,,,,,4.744654985464701,17.48465275674574,48.333306293003076,UGR,August/September,1.965804288520528,6.449489135566036,DA+PPT+SLOPE,1,0.1596678132475558,0.5238445316520859,DA+PPT,1,0.5579218761188529,1.830452349471302,DA+PPT,1,0.665819211869737,2.1844462331684285,DA+PPT+SLOPE,1,0.0,0.0,0.5579218761188529,1.830452349471302,0.7138168978813404,0.7,0.014498464745288894,0.058442585485686434,0.01713661619493962,0.038308053881515945,0.22322821731408868,0.3371035788340583,-0.4499447840980718,-0.22022320606204882,-0.3126953936449397,1.5114895556812548e-07,0.05684751655943066,0.05684751655943066,981,0.11293611384342514,0.10421136314351927,0.15885358882243716,0.1820248829861969,0.10629215545648198,0.45970996781959433,0.3,0.021775377590224024,0.08777545682644004
23431018,Spring Slough,17060104001310,21.4506,0.00028282,441.40827399876224,9.098959266613662,5.154419689854695,18.94168787564574,10.964,,,,,,,,,,,,8.28212296203059,17.37827850388828,48.37812667990459,UGR,August/September,2.417555700458403,7.931613190480324,DA+PPT+SLOPE,1,0.17683839395341808,0.5801784578524215,DA+PPT,1,0.6058832855327432,1.9878060548974512,DA+PPT,1,0.8537799350147159,2.801115272357992,DA+PPT+SLOPE,1,0.0,0.0,0.6058832855327432,1.9878060548974512,0.7081312553490777,0.7,0.020654164099718857,0.08461242206973249,0.019815866388091383,0.042578158919524774,0.2362450827293294,0.3491903978824895,-0.4313984441720933,-0.23392488995305927,-0.314860799486756,1.7144973673979216e-07,0.06705279965596282,0.06705279965596282,981,0.1250814060982948,0.09365933235357217,0.1759366083228188,0.15763069265529028,0.13144780439686535,0.43525327242614853,0.3,0.024191437690981643,0.09910331526855816
23431020,,17060104001311,12.4047,1e-05,444.00992162275986,9.074752280096495,1.5528940198357226,6.781636166676194,10.994,,,,,,,,,,,,4.789481446071479,17.480705575699208,48.33455410417369,UGR,August/September,1.4267270174623374,4.6808629181835215,DA+PPT+SLOPE,1,0.15993050318368418,0.5247063752745543,DA+PPT,1,0.5586626577144548,1.832882735283644,DA+PPT,1,0.4362962409752361,1.431418113435814,DA+PPT+SLOPE,1,0.0,0.0,0.5586626577144548,1.832882735283644,0.7137261619776486,0.7,0.0019971790352313365,0.007991923872285556,0.003301407345081277,0.006722449116079103,0.13093057945828873,0.1887306813888922,-0.352917720933012,-0.27620201359048463,-0.3675788581314221,2.8077910227772595e-08,0.007376512243234877,0.007376512243234877,981,0.11312091333148531,0.019354551583714835,0.15911493917384892,0.032490455334231144,0.1225072348576906,0.26199033911683123,0.1,0.004577575618728962,0.018317654661478444
23431088,,17060104001345,22.3794,0.0001764,655.9707795665165,7.746619325454436,5.370645841184825,19.619958104928706,19.171999999999997,,,,,,,,,,,,8.640734646884813,25.825621242776243,45.94391478581798,UGR,August/September,2.912843704461713,9.556573833535804,DA+PPT+SLOPE,1,0.2309592004260946,0.7577401588782631,DA+PPT,0,0.7526038154333342,2.469172622812776,DA+PPT,0,1.211878520806444,3.9759793989712726,DA+PPT+SLOPE,1,0.0,0.0,0.7526038154333342,2.469172622812776,0.6931198119250659,0.6931198119250659,0.035796833575137146,0.14571626895724776,0.027890626975675275,0.05458367075477453,0.2695490291909268,0.37933325082894676,-0.3981315726688713,-0.24695565341382789,-0.3270221469416255,2.9252265398517816e-07,0.10116477883412024,0.10116477883412024,981,0.160233466174218,0.09043551662495034,0.22978142741226396,0.15113108631211958,0.19226556164937098,0.42484389896482233,0.3,0.02953830186817418,0.12023999638204738
23431090,,17060104001346,15.2361,0.02278177,697.2405159017659,7.44155871826747,22.62725560794516,67.21264916670152,18.3425,,3.7604332566369125,2.8871442166525023,0.004904778614494471,,,,Rearing and migration,1.0,,,5.88269109776856,27.450414011880547,45.39480569288145,UGR,August/September,3.7870865440250983,12.424824619504914,DA+PPT+SLOPE,0,0.22338018491542797,0.7328746224259447,DA+PPT,0,0.732733112179154,2.403980026834495,DA+PPT,0,1.7677031531229173,5.799551027306158,DA+PPT+SLOPE,0,0.0,0.0,0.732733112179154,2.403980026834495,0.6951411350155945,0.6951411350155945,0.014173872008677892,0.03267558309701354,0.010647260280055157,0.018429039635446367,0.2018237975285964,0.2641400372151737,-0.4416600052029546,-0.24546819320420205,-0.30222454131278814,1.4317179847748897e-06,0.8664403838551074,0.7958773507597242,981,0.15584901242358865,0.5692911474290879,0.2183416797227625,1.003867151083866,0.10884038813690072,0.4106739450580586,0.3,0.008018242193909982,0.018484768236842898
23431100,Jennings Creek,17060104007931,14.8221,0.00841726,728.7960218900965,6.933170736979842,17.50944187997635,53.964857514112154,15.263,,,,,,,,,,,,5.722844804131987,28.692756767326635,44.47970732656371,UGR,August/September,3.520987841469894,11.551797380150571,DA+PPT+SLOPE,0,0.22873371011804233,0.7504386814896402,DA+PPT,0,0.7469844875145968,2.4507365075938212,DA+PPT,0,1.6269187792396989,5.337660036875652,DA+PPT+SLOPE,0,0.0,0.0,0.7469844875145968,2.4507365075938212,0.6937905486108603,0.6937905486108603,0.026762540668345648,0.08282963530592671,0.019555604482782478,0.03747919573796277,0.24448272506351376,0.33465456555312945,-0.4580664760468866,-0.19836274214663543,-0.32401517732369545,1.0008262405848122e-06,0.5736983638027712,0.5736983638027712,981,0.1589825508454827,0.39749908235978965,0.2275672854464996,0.715922199893439,0.12367902296827447,0.5232232289686609,0.3,0.016449832044382984,0.05091196706490483
23430880,Jennings Creek,17060104007932,12.2931,0.00444897,732.6161723742587,6.90400113524343,13.05066590285556,41.95975725496408,15.5185,,,,,,,,,,,,4.746392445178142,28.84315639268735,44.42720204343817,UGR,August/September,3.0723712831729726,10.07995827812655,DA+PPT+SLOPE,0,0.2214805532649624,0.7266422351212677,DA+PPT,0,0.7278079559830617,2.387821377897184,DA+PPT,0,1.3716305114219907,4.50010010309052,DA+PPT+SLOPE,0,0.0,0.0,0.7278079559830617,2.387821377897184,0.6956881943316968,0.6956881943316968,0.028239580664311564,0.09456134499068358,0.023186303278046737,0.04672120318960559,0.2566486595200544,0.3601676256138926,-0.46616047935308547,-0.17834181649187933,-0.33231140087698846,6.992810317774598e-07,0.3784077864450218,0.3784077864450218,981,0.15475699292006373,0.31165553027857906,0.22035111611690975,0.558891732305052,0.12550506901905017,0.5683030118824443,0.3,0.020588329312560386,0.06894082932921226
